BOM_ID,PARENT_ID,CHILD_ID,ELEM_IX,ALT_GROUP,RATE,VIRTUAL
BOM_223-0011_SUB_PCBA,223-0011,280-0431,8,NULL,2,N
BOM_223-0011_SUB_PCBA,223-0011,280-0650,10,NULL,2,N
BOM_223-0011_SUB_PCBA,223-0011,280-0698,1,NULL,1,N
BOM_223-0011_SUB_PCBA,223-0011,282-0041,5,NULL,1,N
BOM_223-0011_SUB_PCBA,223-0011,288-0001,12,NULL,1,N
BOM_223-0011_SUB_PCBA,223-0011,288-0005,13,NULL,1,N
BOM_223-0011_SUB_PCBA,223-0011,320-0412,6,NULL,1,N
BOM_223-0011_SUB_PCBA,223-0011,320-0438,2,NULL,1,N
BOM_223-0011_SUB_PCBA,223-0011,320-0443,7,NULL,1,N
BOM_223-0011_SUB_PCBA,223-0011,320-0493,11,NULL,2,N
BOM_223-0011_SUB_PCBA,223-0011,320-0611,9,NULL,1,N
BOM_223-0011_SUB_PCBA,223-0011,VirtualProduct_223-0011_A1,3,NULL,1,N
BOM_223-0012_SUB_PCBA,223-0012,301-0022,1,NULL,1,N
BOM_223-0012_SUB_PCBA,223-0012,VirtualProduct_223-0012_A1,2,NULL,1,N
BOM_260-0102,260-0102,280-0788,2,NULL,1,N
BOM_260-0102,260-0102,280-0927,1,NULL,1,N
BOM_260-0120,260-0120,280-0695,5,NULL,4,N
BOM_260-0120,260-0120,280-0788,2,NULL,1,N
BOM_260-0120,260-0120,280-0791,6,NULL,4,N
BOM_260-0120,260-0120,280-0927,1,NULL,1,N
BOM_260-0124,260-0124,280-0695,5,NULL,4,N
BOM_260-0124,260-0124,280-0788,2,NULL,1,N
BOM_260-0124,260-0124,280-0791,6,NULL,4,N
BOM_260-0124,260-0124,280-1041,1,NULL,1,N
BOM_260-0128,260-0128,280-0897,31,NULL,0.25,N
BOM_260-0128,260-0128,280-1008,2,NULL,1,N
BOM_260-0128,260-0128,280-1065,1,NULL,1,N
BOM_260-0131,260-0131,280-0695,5,NULL,4,N
BOM_260-0131,260-0131,280-0791,6,NULL,4,N
BOM_260-0131,260-0131,280-1052,2,NULL,1,N
BOM_260-0131,260-0131,280-1083,1,NULL,1,N
BOM_260-0132,260-0132,280-0695,5,NULL,4,N
BOM_260-0132,260-0132,280-0788,2,NULL,1,N
BOM_260-0132,260-0132,280-0791,6,NULL,4,N
BOM_260-0132,260-0132,280-1085,1,NULL,1,N
BOM_260-0141-01,260-0141-01,280-0650,17,NULL,0.02,N
BOM_260-0141-01,260-0141-01,280-0695,7,NULL,4,N
BOM_260-0141-01,260-0141-01,280-0791,8,NULL,4,N
BOM_260-0141-01,260-0141-01,280-0897,15,NULL,0.1,N
BOM_260-0141-01,260-0141-01,280-0898,16,NULL,1,N
BOM_260-0141-01,260-0141-01,280-1160-01,1,NULL,1,N
BOM_260-0141-01,260-0141-01,280-1459,19,NULL,0.01,N
BOM_260-0141-01,260-0141-01,280-1460,20,NULL,0.01,N
BOM_260-0141-01,260-0141-01,287-0003,14,NULL,1,N
BOM_260-0141-01,260-0141-01,320-0493,18,NULL,0.02,N
BOM_260-0141-01,260-0141-01,320-0550,6,NULL,1,N
BOM_260-0141-01,260-0141-01,VirtualProduct_260-0141-01_A1,3,NULL,1,N
BOM_260-0141-01,260-0141-01,VirtualProduct_260-0141-01_C1,4,NULL,1,N
BOM_260-0141-02,260-0141-02,280-0650,19,NULL,0.02,N
BOM_260-0141-02,260-0141-02,280-0695,8,NULL,4,N
BOM_260-0141-02,260-0141-02,280-0791,9,NULL,4,N
BOM_260-0141-02,260-0141-02,280-0897,16,NULL,0.05,N
BOM_260-0141-02,260-0141-02,280-0898,15,NULL,1,N
BOM_260-0141-02,260-0141-02,280-1459,21,NULL,0.01,N
BOM_260-0141-02,260-0141-02,280-1460,22,NULL,0.01,N
BOM_260-0141-02,260-0141-02,287-0003,14,NULL,1,N
BOM_260-0141-02,260-0141-02,320-0493,20,NULL,0.02,N
BOM_260-0141-02,260-0141-02,320-0550,7,NULL,1,N
BOM_260-0141-02,260-0141-02,VirtualProduct_260-0141-02_A1,5,NULL,1,N
BOM_260-0141-02,260-0141-02,VirtualProduct_260-0141-02_B1,1,NULL,1,N
BOM_260-0141-02,260-0141-02,VirtualProduct_260-0141-02_C1,3,NULL,1,N
BOM_260-0141-02-R,260-0141-02-R,280-0650,1,NULL,0.02,N
BOM_260-0141-02-R,260-0141-02-R,280-0695,2,NULL,4,N
BOM_260-0141-02-R,260-0141-02-R,280-0897,5,NULL,0.1,N
BOM_260-0141-02-R,260-0141-02-R,280-0898,6,NULL,0.05,N
BOM_260-0141-02-R,260-0141-02-R,280-1133-R,9,NULL,1,N
BOM_260-0141-02-R,260-0141-02-R,280-1457,12,NULL,0.04,N
BOM_260-0141-02-R,260-0141-02-R,280-1458,13,NULL,0.04,N
BOM_260-0141-02-R,260-0141-02-R,280-1459,14,NULL,0.01,N
BOM_260-0141-02-R,260-0141-02-R,280-1460,15,NULL,0.01,N
BOM_260-0141-02-R,260-0141-02-R,287-0003,16,NULL,1,N
BOM_260-0141-02-R,260-0141-02-R,288-0005,17,NULL,1,N
BOM_260-0141-02-R,260-0141-02-R,320-0493,23,NULL,0.02,N
BOM_260-0141-02-R,260-0141-02-R,320-0550,22,NULL,1,N
BOM_260-0141-02-R,260-0141-02-R,VirtualProduct_260-0141-02-R_A1,8,NULL,1,N
BOM_260-0141-02-R,260-0141-02-R,VirtualProduct_260-0141-02-R_A4,3,NULL,4,N
BOM_260-0141-02-R,260-0141-02-R,VirtualProduct_260-0141-02-R_B1,10,NULL,1,N
BOM_260-0141-03,260-0141-03,280-0650,18,NULL,0.02,N
BOM_260-0141-03,260-0141-03,280-0695,8,NULL,4,N
BOM_260-0141-03,260-0141-03,280-0791,9,NULL,4,N
BOM_260-0141-03,260-0141-03,280-0897,17,NULL,0.15,N
BOM_260-0141-03,260-0141-03,280-0898,16,NULL,1,N
BOM_260-0141-03,260-0141-03,280-1459,20,NULL,0.01,N
BOM_260-0141-03,260-0141-03,280-1460,21,NULL,0.01,N
BOM_260-0141-03,260-0141-03,287-0003,15,NULL,1,N
BOM_260-0141-03,260-0141-03,320-0493,19,NULL,0.02,N
BOM_260-0141-03,260-0141-03,320-0550,7,NULL,1,N
BOM_260-0141-03,260-0141-03,VirtualProduct_260-0141-03_A1,1,NULL,1,N
BOM_260-0141-03,260-0141-03,VirtualProduct_260-0141-03_B1,3,NULL,1,N
BOM_260-0141-03,260-0141-03,VirtualProduct_260-0141-03_C1,5,NULL,1,N
BOM_260-0141-04,260-0141-04,280-0650,19,NULL,0.02,N
BOM_260-0141-04,260-0141-04,280-0695,8,NULL,4,N
BOM_260-0141-04,260-0141-04,280-0791,9,NULL,4,N
BOM_260-0141-04,260-0141-04,280-0897,17,NULL,0.15,N
BOM_260-0141-04,260-0141-04,280-0898,16,NULL,1,N
BOM_260-0141-04,260-0141-04,280-1459,21,NULL,0.01,N
BOM_260-0141-04,260-0141-04,280-1460,22,NULL,0.01,N
BOM_260-0141-04,260-0141-04,287-0003,15,NULL,1,N
BOM_260-0141-04,260-0141-04,320-0493,20,NULL,0.02,N
BOM_260-0141-04,260-0141-04,320-0550,7,NULL,1,N
BOM_260-0141-04,260-0141-04,VirtualProduct_260-0141-04_A1,2,NULL,1,N
BOM_260-0141-04,260-0141-04,VirtualProduct_260-0141-04_B1,3,NULL,1,N
BOM_260-0141-04,260-0141-04,VirtualProduct_260-0141-04_C1,5,NULL,1,N
BOM_260-0149,260-0149,280-0650,15,NULL,0.02,N
BOM_260-0149,260-0149,280-0695,6,NULL,4,N
BOM_260-0149,260-0149,280-0791,7,NULL,4,N
BOM_260-0149,260-0149,280-0897,14,NULL,0.15,N
BOM_260-0149,260-0149,280-1020,4,NULL,1,N
BOM_260-0149,260-0149,280-1133,3,NULL,1,N
BOM_260-0149,260-0149,280-1459,17,NULL,0.01,N
BOM_260-0149,260-0149,280-1460,18,NULL,0.01,N
BOM_260-0149,260-0149,287-0003,13,NULL,1,N
BOM_260-0149,260-0149,320-0493,16,NULL,0.02,N
BOM_260-0149,260-0149,320-0550,5,NULL,1,N
BOM_260-0149,260-0149,VirtualProduct_260-0149_A1,1,NULL,1,N
BOM_260-0150,260-0150,280-0848,4,NULL,1,N
BOM_260-0150,260-0150,280-1179,3,NULL,1,N
BOM_260-0150,260-0150,280-1180,2,NULL,1,N
BOM_260-0152-01,260-0152-01,280-0650,17,NULL,0.02,N
BOM_260-0152-01,260-0152-01,280-0695,7,NULL,4,N
BOM_260-0152-01,260-0152-01,280-0791,8,NULL,4,N
BOM_260-0152-01,260-0152-01,280-0897,16,NULL,0.15,N
BOM_260-0152-01,260-0152-01,280-0898,15,NULL,1,N
BOM_260-0152-01,260-0152-01,280-1192-01,1,NULL,1,N
BOM_260-0152-01,260-0152-01,280-1459,19,NULL,0.01,N
BOM_260-0152-01,260-0152-01,280-1460,20,NULL,0.01,N
BOM_260-0152-01,260-0152-01,287-0003,14,NULL,1,N
BOM_260-0152-01,260-0152-01,320-0493,18,NULL,0.02,N
BOM_260-0152-01,260-0152-01,320-0550,6,NULL,1,N
BOM_260-0152-01,260-0152-01,VirtualProduct_260-0152-01_B1,3,NULL,1,N
BOM_260-0152-01,260-0152-01,VirtualProduct_260-0152-01_C1,4,NULL,1,N
BOM_260-0152-02,260-0152-02,280-0650,17,NULL,0.02,N
BOM_260-0152-02,260-0152-02,280-0695,8,NULL,4,N
BOM_260-0152-02,260-0152-02,280-0791,9,NULL,4,N
BOM_260-0152-02,260-0152-02,280-0897,16,NULL,0.15,N
BOM_260-0152-02,260-0152-02,280-0898,15,NULL,1,N
BOM_260-0152-02,260-0152-02,280-1459,19,NULL,0.01,N
BOM_260-0152-02,260-0152-02,280-1460,20,NULL,0.01,N
BOM_260-0152-02,260-0152-02,287-0003,14,NULL,1,N
BOM_260-0152-02,260-0152-02,320-0493,18,NULL,0.02,N
BOM_260-0152-02,260-0152-02,320-0550,7,NULL,1,N
BOM_260-0152-02,260-0152-02,VirtualProduct_260-0152-02_A1,2,NULL,1,N
BOM_260-0152-02,260-0152-02,VirtualProduct_260-0152-02_B1,3,NULL,1,N
BOM_260-0152-02,260-0152-02,VirtualProduct_260-0152-02_C1,6,NULL,1,N
BOM_260-0152-03,260-0152-03,280-0650,18,NULL,0.02,N
BOM_260-0152-03,260-0152-03,280-0695,8,NULL,4,N
BOM_260-0152-03,260-0152-03,280-0791,9,NULL,4,N
BOM_260-0152-03,260-0152-03,280-0897,17,NULL,0.15,N
BOM_260-0152-03,260-0152-03,280-0898,16,NULL,1,N
BOM_260-0152-03,260-0152-03,280-1459,20,NULL,0.01,N
BOM_260-0152-03,260-0152-03,280-1460,21,NULL,0.01,N
BOM_260-0152-03,260-0152-03,287-0003,15,NULL,1,N
BOM_260-0152-03,260-0152-03,320-0493,19,NULL,0.02,N
BOM_260-0152-03,260-0152-03,320-0550,7,NULL,1,N
BOM_260-0152-03,260-0152-03,VirtualProduct_260-0152-03_A1,3,NULL,1,N
BOM_260-0152-03,260-0152-03,VirtualProduct_260-0152-03_B1,1,NULL,1,N
BOM_260-0152-03,260-0152-03,VirtualProduct_260-0152-03_C1,5,NULL,1,N
BOM_260-0156,260-0156,280-0650,17,NULL,0.02,N
BOM_260-0156,260-0156,280-0695,7,NULL,4,N
BOM_260-0156,260-0156,280-0791,8,NULL,4,N
BOM_260-0156,260-0156,280-0897,16,NULL,0.15,N
BOM_260-0156,260-0156,280-0898,15,NULL,1,N
BOM_260-0156,260-0156,280-1201,1,NULL,1,N
BOM_260-0156,260-0156,280-1459,19,NULL,0.01,N
BOM_260-0156,260-0156,280-1460,20,NULL,0.01,N
BOM_260-0156,260-0156,287-0003,14,NULL,1,N
BOM_260-0156,260-0156,320-0493,18,NULL,0.02,N
BOM_260-0156,260-0156,320-0550,6,NULL,1,N
BOM_260-0156,260-0156,VirtualProduct_260-0156_B1,2,NULL,1,N
BOM_260-0156,260-0156,VirtualProduct_260-0156_C1,4,NULL,1,N
BOM_260-0158-01,260-0158-01,280-0695,5,NULL,4,N
BOM_260-0158-01,260-0158-01,280-0788,2,NULL,1,N
BOM_260-0158-01,260-0158-01,280-0791,6,NULL,4,N
BOM_260-0158-01,260-0158-01,280-1203-01,1,NULL,1,N
BOM_260-0158-02,260-0158-02,280-0695,5,NULL,4,N
BOM_260-0158-02,260-0158-02,280-0788,2,NULL,1,N
BOM_260-0158-02,260-0158-02,280-0791,6,NULL,4,N
BOM_260-0158-02,260-0158-02,280-1203-02,1,NULL,1,N
BOM_260-0158-03,260-0158-03,280-0695,5,NULL,4,N
BOM_260-0158-03,260-0158-03,280-0788,2,NULL,1,N
BOM_260-0158-03,260-0158-03,280-0791,6,NULL,4,N
BOM_260-0158-03,260-0158-03,280-1203-03,1,NULL,1,N
BOM_260-0162,260-0162,280-0848,4,NULL,1,N
BOM_260-0162,260-0162,280-1179,3,NULL,1,N
BOM_260-0162,260-0162,280-1180,2,NULL,1,N
BOM_260-0164-01,260-0164-01,280-0650,16,NULL,0.03,N
BOM_260-0164-01,260-0164-01,280-0695,5,NULL,4,N
BOM_260-0164-01,260-0164-01,280-0791,6,NULL,4,N
BOM_260-0164-01,260-0164-01,280-0897,15,NULL,0.06,N
BOM_260-0164-01,260-0164-01,280-0898,14,NULL,1,N
BOM_260-0164-01,260-0164-01,280-1020,3,NULL,1,N
BOM_260-0164-01,260-0164-01,280-1133,2,NULL,1,N
BOM_260-0164-01,260-0164-01,280-1211-01,1,NULL,1,N
BOM_260-0164-01,260-0164-01,280-1457,18,NULL,0.04,N
BOM_260-0164-01,260-0164-01,280-1458,19,NULL,0.04,N
BOM_260-0164-01,260-0164-01,280-1459,25,NULL,0.02,N
BOM_260-0164-01,260-0164-01,280-1460,26,NULL,0.02,N
BOM_260-0164-01,260-0164-01,288-0001,22,NULL,0.025,N
BOM_260-0164-01,260-0164-01,288-0005,24,NULL,0.025,N
BOM_260-0164-01,260-0164-01,320-0493,17,NULL,0.03,N
BOM_260-0164-01,260-0164-01,320-0550,4,NULL,1,N
BOM_260-0164-01,260-0164-01,VirtualProduct_260-0164-01_A1,12,NULL,1,N
BOM_260-0165-01,260-0165-01,280-0695,5,NULL,4,N
BOM_260-0165-01,260-0165-01,280-0791,6,NULL,4,N
BOM_260-0165-01,260-0165-01,280-0897,9,NULL,0.06,N
BOM_260-0165-01,260-0165-01,280-0898,8,NULL,1,N
BOM_260-0165-01,260-0165-01,280-1020,3,NULL,1,N
BOM_260-0165-01,260-0165-01,280-1133,2,NULL,1,N
BOM_260-0165-01,260-0165-01,280-1213-01,1,NULL,1,N
BOM_260-0165-01,260-0165-01,287-0003,7,NULL,1,N
BOM_260-0165-01,260-0165-01,320-0550,4,NULL,1,N
BOM_260-0172,260-0172,280-0848,4,NULL,1,N
BOM_260-0172,260-0172,280-1179,3,NULL,1,N
BOM_260-0172,260-0172,280-1180,2,NULL,1,N
BOM_260-0172,260-0172,280-1222,1,NULL,1,N
BOM_260-0174-02,260-0174-02,280-0650,18,NULL,0.02,N
BOM_260-0174-02,260-0174-02,280-0695,8,NULL,4,N
BOM_260-0174-02,260-0174-02,280-0791,9,NULL,4,N
BOM_260-0174-02,260-0174-02,280-0897,17,NULL,0.15,N
BOM_260-0174-02,260-0174-02,280-0898,16,NULL,1,N
BOM_260-0174-02,260-0174-02,280-1459,20,NULL,0.01,N
BOM_260-0174-02,260-0174-02,280-1460,21,NULL,0.01,N
BOM_260-0174-02,260-0174-02,287-0003,15,NULL,1,N
BOM_260-0174-02,260-0174-02,320-0493,19,NULL,0.02,N
BOM_260-0174-02,260-0174-02,320-0550,7,NULL,1,N
BOM_260-0174-02,260-0174-02,VirtualProduct_260-0174-02_A1,1,NULL,1,N
BOM_260-0174-02,260-0174-02,VirtualProduct_260-0174-02_B1,3,NULL,1,N
BOM_260-0174-02,260-0174-02,VirtualProduct_260-0174-02_C1,5,NULL,1,N
BOM_260-0175,260-0175,280-0848,4,NULL,1,N
BOM_260-0175,260-0175,280-1179,3,NULL,1,N
BOM_260-0175,260-0175,280-1180,2,NULL,1,N
BOM_260-0175,260-0175,280-1235,1,NULL,1,N
BOM_260-0176,260-0176,280-0650,19,NULL,0.02,N
BOM_260-0176,260-0176,280-0695,7,NULL,4,N
BOM_260-0176,260-0176,280-0791,8,NULL,4,N
BOM_260-0176,260-0176,280-0897,16,NULL,0.15,N
BOM_260-0176,260-0176,280-0898,15,NULL,1,N
BOM_260-0176,260-0176,280-1246,1,NULL,1,N
BOM_260-0176,260-0176,280-1459,21,NULL,0.01,N
BOM_260-0176,260-0176,280-1460,22,NULL,0.01,N
BOM_260-0176,260-0176,287-0003,14,NULL,1,N
BOM_260-0176,260-0176,320-0493,20,NULL,0.02,N
BOM_260-0176,260-0176,320-0550,6,NULL,1,N
BOM_260-0176,260-0176,VirtualProduct_260-0176_B1,2,NULL,1,N
BOM_260-0176,260-0176,VirtualProduct_260-0176_C1,5,NULL,1,N
BOM_260-0193,260-0193,280-0848,4,NULL,1,N
BOM_260-0193,260-0193,280-1179,3,NULL,1,N
BOM_260-0193,260-0193,280-1180,2,NULL,1,N
BOM_260-0198,260-0198,280-0650,20,NULL,0.02,N
BOM_260-0198,260-0198,280-0695,8,NULL,4,N
BOM_260-0198,260-0198,280-0791,9,NULL,4,N
BOM_260-0198,260-0198,280-0897,17,NULL,0.15,N
BOM_260-0198,260-0198,280-0898,16,NULL,1,N
BOM_260-0198,260-0198,280-1459,22,NULL,0.01,N
BOM_260-0198,260-0198,280-1460,23,NULL,0.01,N
BOM_260-0198,260-0198,287-0003,15,NULL,1,N
BOM_260-0198,260-0198,320-0493,21,NULL,0.02,N
BOM_260-0198,260-0198,320-0550,7,NULL,1,N
BOM_260-0198,260-0198,VirtualProduct_260-0198_A1,3,NULL,1,N
BOM_260-0198,260-0198,VirtualProduct_260-0198_B1,2,NULL,1,N
BOM_260-0198,260-0198,VirtualProduct_260-0198_C1,6,NULL,1,N
BOM_260-0199,260-0199,280-0650,19,NULL,0.02,N
BOM_260-0199,260-0199,280-0695,8,NULL,4,N
BOM_260-0199,260-0199,280-0791,9,NULL,4,N
BOM_260-0199,260-0199,280-0897,16,NULL,0.05,N
BOM_260-0199,260-0199,280-0898,15,NULL,1,N
BOM_260-0199,260-0199,280-1459,21,NULL,0.01,N
BOM_260-0199,260-0199,280-1460,22,NULL,0.01,N
BOM_260-0199,260-0199,287-0003,14,NULL,1,N
BOM_260-0199,260-0199,320-0493,20,NULL,0.02,N
BOM_260-0199,260-0199,320-0550,7,NULL,1,N
BOM_260-0199,260-0199,VirtualProduct_260-0199_A1,1,NULL,1,N
BOM_260-0199,260-0199,VirtualProduct_260-0199_B1,4,NULL,1,N
BOM_260-0199,260-0199,VirtualProduct_260-0199_C1,5,NULL,1,N
BOM_260-0199-R,260-0199-R,280-0695,7,NULL,4,N
BOM_260-0199-R,260-0199-R,280-0897,16,NULL,0.06,N
BOM_260-0199-R,260-0199-R,280-1133-R,3,NULL,1,N
BOM_260-0199-R,260-0199-R,287-0003,15,NULL,1,N
BOM_260-0199-R,260-0199-R,320-0550,6,NULL,1,N
BOM_260-0199-R,260-0199-R,VirtualProduct_260-0199-R_A1,1,NULL,1,N
BOM_260-0199-R,260-0199-R,VirtualProduct_260-0199-R_A4,8,NULL,4,N
BOM_260-0199-R,260-0199-R,VirtualProduct_260-0199-R_A5,4,NULL,1,N
BOM_260-0209,260-0209,280-0650,15,NULL,0.02,N
BOM_260-0209,260-0209,280-0695,6,NULL,4,N
BOM_260-0209,260-0209,280-0791,7,NULL,4,N
BOM_260-0209,260-0209,280-0897,14,NULL,0.15,N
BOM_260-0209,260-0209,280-1020,4,NULL,1,N
BOM_260-0209,260-0209,280-1337,3,NULL,1,N
BOM_260-0209,260-0209,280-1459,17,NULL,0.01,N
BOM_260-0209,260-0209,280-1460,18,NULL,0.01,N
BOM_260-0209,260-0209,287-0003,13,NULL,1,N
BOM_260-0209,260-0209,320-0493,16,NULL,0.02,N
BOM_260-0209,260-0209,320-0550,5,NULL,1,N
BOM_260-0209,260-0209,VirtualProduct_260-0209_A1,1,NULL,1,N
BOM_260-0233,260-0233,280-0650,20,NULL,0.02,N
BOM_260-0233,260-0233,280-0695,8,NULL,4,N
BOM_260-0233,260-0233,280-0791,9,NULL,4,N
BOM_260-0233,260-0233,280-0897,17,NULL,0.15,N
BOM_260-0233,260-0233,280-0898,16,NULL,1,N
BOM_260-0233,260-0233,280-1459,22,NULL,0.01,N
BOM_260-0233,260-0233,280-1460,23,NULL,0.01,N
BOM_260-0233,260-0233,287-0003,15,NULL,1,N
BOM_260-0233,260-0233,320-0493,21,NULL,0.02,N
BOM_260-0233,260-0233,320-0550,7,NULL,1,N
BOM_260-0233,260-0233,VirtualProduct_260-0233_A1,1,NULL,1,N
BOM_260-0233,260-0233,VirtualProduct_260-0233_B1,4,NULL,1,N
BOM_260-0233,260-0233,VirtualProduct_260-0233_C1,5,NULL,1,N
BOM_260-0236,260-0236,280-0650,15,NULL,0.02,N
BOM_260-0236,260-0236,280-0695,6,NULL,4,N
BOM_260-0236,260-0236,280-0791,7,NULL,4,N
BOM_260-0236,260-0236,280-0897,14,NULL,0.15,N
BOM_260-0236,260-0236,287-0003,13,NULL,1,N
BOM_260-0236,260-0236,320-0493,16,NULL,0.02,N
BOM_260-0236,260-0236,320-0550,5,NULL,1,N
BOM_260-0247,260-0247,280-0650,16,NULL,0.02,N
BOM_260-0247,260-0247,280-0695,6,NULL,4,N
BOM_260-0247,260-0247,280-0791,7,NULL,4,N
BOM_260-0247,260-0247,280-0897,15,NULL,0.05,N
BOM_260-0247,260-0247,280-1020,4,NULL,1,N
BOM_260-0247,260-0247,280-1133,3,NULL,1,N
BOM_260-0247,260-0247,280-1459,18,NULL,0.01,N
BOM_260-0247,260-0247,280-1460,19,NULL,0.01,N
BOM_260-0247,260-0247,320-0493,17,NULL,0.02,N
BOM_260-0247,260-0247,320-0550,5,NULL,1,N
BOM_260-0247,260-0247,VirtualProduct_260-0247_A1,1,NULL,1,N
BOM_260-0247,260-0247,VirtualProduct_260-0247_C1,13,NULL,1,N
BOM_260-0250,260-0250,280-0695,1,NULL,4,N
BOM_260-0250,260-0250,280-0791,2,NULL,4,N
BOM_260-0250,260-0250,280-0897,3,NULL,0.1,N
BOM_260-0250,260-0250,280-0898,4,NULL,1,N
BOM_260-0250,260-0250,280-1464,7,NULL,1,N
BOM_260-0250,260-0250,281-0009,8,NULL,1,N
BOM_260-0250,260-0250,321-0059,9,NULL,1,N
BOM_260-0250,260-0250,341-0027,10,NULL,1,N
BOM_260-0250,260-0250,VirtualProduct_260-0250_A1,5,NULL,1,N
BOM_260-0261,260-0261,280-0650,20,NULL,0.02,N
BOM_260-0261,260-0261,280-0695,8,NULL,4,N
BOM_260-0261,260-0261,280-0791,9,NULL,4,N
BOM_260-0261,260-0261,280-0897,17,NULL,0.15,N
BOM_260-0261,260-0261,280-0898,16,NULL,1,N
BOM_260-0261,260-0261,280-1459,22,NULL,0.01,N
BOM_260-0261,260-0261,280-1460,23,NULL,0.01,N
BOM_260-0261,260-0261,287-0003,15,NULL,1,N
BOM_260-0261,260-0261,320-0493,21,NULL,0.02,N
BOM_260-0261,260-0261,320-0550,7,NULL,1,N
BOM_260-0261,260-0261,VirtualProduct_260-0261_A1,1,NULL,1,N
BOM_260-0261,260-0261,VirtualProduct_260-0261_B1,3,NULL,1,N
BOM_260-0261,260-0261,VirtualProduct_260-0261_C1,5,NULL,1,N
BOM_260-0267,260-0267,280-0650,18,NULL,0.02,N
BOM_260-0267,260-0267,280-0695,7,NULL,4,N
BOM_260-0267,260-0267,280-0791,8,NULL,4,N
BOM_260-0267,260-0267,280-0897,15,NULL,0.15,N
BOM_260-0267,260-0267,280-0898,14,NULL,1,N
BOM_260-0267,260-0267,280-1459,20,NULL,0.01,N
BOM_260-0267,260-0267,280-1460,21,NULL,0.01,N
BOM_260-0267,260-0267,280-1499,1,NULL,1,N
BOM_260-0267,260-0267,287-0003,13,NULL,1,N
BOM_260-0267,260-0267,320-0493,19,NULL,0.02,N
BOM_260-0267,260-0267,320-0550,6,NULL,1,N
BOM_260-0267,260-0267,VirtualProduct_260-0267_B1,3,NULL,1,N
BOM_260-0267,260-0267,VirtualProduct_260-0267_C1,4,NULL,1,N
BOM_260-0274,260-0274,280-0650,15,NULL,0.02,N
BOM_260-0274,260-0274,280-0695,6,NULL,4,N
BOM_260-0274,260-0274,280-0791,7,NULL,4,N
BOM_260-0274,260-0274,280-0897,14,NULL,0.05,N
BOM_260-0274,260-0274,280-1020,4,NULL,1,N
BOM_260-0274,260-0274,280-1133,3,NULL,1,N
BOM_260-0274,260-0274,280-1459,17,NULL,0.01,N
BOM_260-0274,260-0274,280-1460,18,NULL,0.01,N
BOM_260-0274,260-0274,287-0003,13,NULL,1,N
BOM_260-0274,260-0274,320-0493,16,NULL,0.02,N
BOM_260-0274,260-0274,320-0550,5,NULL,1,N
BOM_260-0274,260-0274,VirtualProduct_260-0274_A1,1,NULL,1,N
BOM_260-0278,260-0278,280-0650,15,NULL,0.02,N
BOM_260-0278,260-0278,280-0695,6,NULL,4,N
BOM_260-0278,260-0278,280-0791,7,NULL,4,N
BOM_260-0278,260-0278,280-0897,14,NULL,0.05,N
BOM_260-0278,260-0278,287-0003,13,NULL,1,N
BOM_260-0278,260-0278,320-0493,16,NULL,0.02,N
BOM_260-0278,260-0278,320-0550,5,NULL,1,N
BOM_260-0298,260-0298,280-0695,6,NULL,4,N
BOM_260-0298,260-0298,280-0791,7,NULL,4,N
BOM_260-0298,260-0298,280-0897,14,NULL,0.15,N
BOM_260-0298,260-0298,280-0898,16,NULL,0.02,N
BOM_260-0298,260-0298,280-1020,4,NULL,1,N
BOM_260-0298,260-0298,280-1133,3,NULL,1,N
BOM_260-0298,260-0298,280-1459,17,NULL,0.01,N
BOM_260-0298,260-0298,280-1460,18,NULL,0.01,N
BOM_260-0298,260-0298,287-0003,13,NULL,1,N
BOM_260-0298,260-0298,320-0493,15,NULL,0.02,N
BOM_260-0298,260-0298,320-0550,5,NULL,1,N
BOM_260-0298,260-0298,VirtualProduct_260-0298_A1,1,NULL,1,N
BOM_260-0306,260-0306,280-0695,2,NULL,4,N
BOM_260-0306,260-0306,280-0791,2,NULL,4,N
BOM_260-0306,260-0306,280-0897,3,NULL,0.2,N
BOM_260-0306,260-0306,280-0898,15,NULL,1,N
BOM_260-0306,260-0306,280-1593,1,NULL,1,N
BOM_260-0306,260-0306,281-0009,7,NULL,1,N
BOM_260-0306,260-0306,282-0330,17,NULL,0.02,N
BOM_260-0306,260-0306,282-0333,16,NULL,0.02,N
BOM_260-0306,260-0306,321-0059,13,NULL,1,N
BOM_260-0306,260-0306,341-0027,14,NULL,1,N
BOM_260-0306,260-0306,VirtualProduct_260-0306_A1,5,NULL,1,N
BOM_260-0325,260-0325,280-0695,1,NULL,4,N
BOM_260-0325,260-0325,280-0791,2,NULL,4,N
BOM_260-0325,260-0325,280-0897,3,NULL,0.2,N
BOM_260-0325,260-0325,280-0898,4,NULL,1,N
BOM_260-0325,260-0325,280-1638,7,NULL,1,N
BOM_260-0325,260-0325,281-0009,8,NULL,1,N
BOM_260-0325,260-0325,282-0330,15,NULL,0.02,N
BOM_260-0325,260-0325,282-0333,14,NULL,0.02,N
BOM_260-0325,260-0325,321-0059,12,NULL,1,N
BOM_260-0325,260-0325,341-0027,13,NULL,1,N
BOM_260-0325,260-0325,VirtualProduct_260-0325_A1,5,NULL,1,N
BOM_260-0385,260-0385,280-0511-03,1,NULL,0.07,N
BOM_260-0385,260-0385,280-0511-04,2,NULL,0.16,N
BOM_260-0385,260-0385,280-0511-05,3,NULL,0.16,N
BOM_260-0385,260-0385,280-0695,18,NULL,4,N
BOM_260-0385,260-0385,280-0791,7,NULL,0.01,N
BOM_260-0385,260-0385,280-1786,10,NULL,1,N
BOM_260-0385,260-0385,281-0009,11,NULL,1,N
BOM_260-0385,260-0385,282-0434,21,NULL,1,N
BOM_260-0385,260-0385,321-0059,17,NULL,1,N
BOM_260-0385,260-0385,341-0063,20,NULL,1,N
BOM_260-0385,260-0385,VirtualProduct_260-0385_T2,4,NULL,3.6,N
BOM_260-0385,260-0385,VirtualProduct_260-0385_T3,8,NULL,1,N
BOM_260-0417,260-0417,280-0650,1,NULL,1,N
BOM_260-0417,260-0417,280-0897,2,NULL,0.2,N
BOM_260-0417,260-0417,280-0898,3,NULL,1,N
BOM_260-0417,260-0417,280-1878,6,NULL,1,N
BOM_260-0417,260-0417,282-0333,7,NULL,0.02,N
BOM_260-0417,260-0417,321-0059,12,NULL,1,N
BOM_260-0417,260-0417,341-0027,13,NULL,1,N
BOM_260-0417,260-0417,VirtualProduct_260-0417_A1,4,NULL,1,N
BOM_260-0441,260-0441,280-0650,14,NULL,0.02,N
BOM_260-0441,260-0441,280-0695,5,NULL,4,N
BOM_260-0441,260-0441,280-0791,6,NULL,4,N
BOM_260-0441,260-0441,280-0897,13,NULL,0.05,N
BOM_260-0441,260-0441,280-1020,3,NULL,1,N
BOM_260-0441,260-0441,280-1133,2,NULL,1,N
BOM_260-0441,260-0441,280-1459,16,NULL,0.01,N
BOM_260-0441,260-0441,280-1460,17,NULL,0.01,N
BOM_260-0441,260-0441,280-1928,1,NULL,1,N
BOM_260-0441,260-0441,287-0003,12,NULL,1,N
BOM_260-0441,260-0441,320-0493,15,NULL,0.02,N
BOM_260-0441,260-0441,320-0550,4,NULL,1,N
BOM_260-0459-CD,260-0459-CD,280-0695,1,NULL,4,N
BOM_260-0459-CD,260-0459-CD,280-0791,2,NULL,4,N
BOM_260-0459-CD,260-0459-CD,280-0897,3,NULL,0.2,N
BOM_260-0459-CD,260-0459-CD,280-0898,4,NULL,1,N
BOM_260-0459-CD,260-0459-CD,280-1962-CD,6,NULL,1,N
BOM_260-0459-CD,260-0459-CD,280-2019-CD,5,NULL,1,N
BOM_260-0459-CD,260-0459-CD,281-0009,7,NULL,1,N
BOM_260-0459-CD,260-0459-CD,321-0059,13,NULL,1,N
BOM_260-0459-CD,260-0459-CD,341-0027,14,NULL,1,N
BOM_260-0460-CD,260-0460-CD,280-0695,1,NULL,4,N
BOM_260-0460-CD,260-0460-CD,280-0791,2,NULL,4,N
BOM_260-0460-CD,260-0460-CD,280-0897,3,NULL,0.2,N
BOM_260-0460-CD,260-0460-CD,280-0898,4,NULL,1,N
BOM_260-0460-CD,260-0460-CD,280-1964-CD,6,NULL,1,N
BOM_260-0460-CD,260-0460-CD,280-2019-CD,5,NULL,1,N
BOM_260-0460-CD,260-0460-CD,281-0009,7,NULL,1,N
BOM_260-0460-CD,260-0460-CD,321-0059,13,NULL,1,N
BOM_260-0460-CD,260-0460-CD,341-0027,14,NULL,1,N
BOM_260-0464-CD,260-0464-CD,280-0897,1,NULL,0.2,N
BOM_260-0464-CD,260-0464-CD,280-0898,2,NULL,1,N
BOM_260-0464-CD,260-0464-CD,280-1391,3,NULL,1,N
BOM_260-0464-CD,260-0464-CD,280-1975-CD,4,NULL,1,N
BOM_260-0464-CD,260-0464-CD,341-0027,9,NULL,1,N
BOM_260-0470-CD,260-0470-CD,280-0695,1,NULL,4,N
BOM_260-0470-CD,260-0470-CD,280-0791,2,NULL,4,N
BOM_260-0470-CD,260-0470-CD,280-0897,3,NULL,0.2,N
BOM_260-0470-CD,260-0470-CD,280-0898,4,NULL,1,N
BOM_260-0470-CD,260-0470-CD,280-1965-CD,6,NULL,1,N
BOM_260-0470-CD,260-0470-CD,280-2019-CD,5,NULL,1,N
BOM_260-0470-CD,260-0470-CD,281-0009,7,NULL,1,N
BOM_260-0470-CD,260-0470-CD,321-0059,13,NULL,1,N
BOM_260-0470-CD,260-0470-CD,341-0027,14,NULL,1,N
BOM_260-0471-CD,260-0471-CD,280-0695,1,NULL,4,N
BOM_260-0471-CD,260-0471-CD,280-0791,2,NULL,4,N
BOM_260-0471-CD,260-0471-CD,280-0897,3,NULL,0.2,N
BOM_260-0471-CD,260-0471-CD,280-0898,4,NULL,1,N
BOM_260-0471-CD,260-0471-CD,280-1963-CD,6,NULL,1,N
BOM_260-0471-CD,260-0471-CD,280-2019-CD,5,NULL,1,N
BOM_260-0471-CD,260-0471-CD,281-0009,7,NULL,1,N
BOM_260-0471-CD,260-0471-CD,321-0059,13,NULL,1,N
BOM_260-0471-CD,260-0471-CD,341-0027,14,NULL,1,N
BOM_260-0555,260-0555,280-0695,1,NULL,4,N
BOM_260-0555,260-0555,280-0791,2,NULL,4,N
BOM_260-0555,260-0555,280-0897,3,NULL,0.02,N
BOM_260-0555,260-0555,280-0898,15,NULL,1,N
BOM_260-0555,260-0555,280-2169,6,NULL,1,N
BOM_260-0555,260-0555,281-0009,7,NULL,1,N
BOM_260-0555,260-0555,282-0330,17,NULL,0.02,N
BOM_260-0555,260-0555,282-0333,16,NULL,0.02,N
BOM_260-0555,260-0555,321-0059,13,NULL,1,N
BOM_260-0555,260-0555,341-0027,14,NULL,1,N
BOM_260-0555,260-0555,VirtualProduct_260-0555_A1,4,NULL,1,N
BOM_262-0004,262-0004,140-0848,1,NULL,1,N
BOM_262-0004,262-0004,140-0849,2,NULL,1,N
BOM_262-0004,262-0004,220-0227,3,NULL,0.075,N
BOM_262-0004,262-0004,280-1018,5,NULL,1,N
BOM_262-0004,262-0004,280-1497-40,6,NULL,1,N
BOM_262-0004,262-0004,VirtualProduct_262-0004_A1,12,NULL,1,N
BOM_262-0005,262-0005,140-0848,1,NULL,1,N
BOM_262-0005,262-0005,140-0849,2,NULL,1,N
BOM_262-0005,262-0005,280-1018,3,NULL,1,N
BOM_262-0005,262-0005,280-1475,5,NULL,1,N
BOM_262-0005,262-0005,VirtualProduct_262-0005_A1,10,NULL,1,N
BOM_262-0026,262-0026,140-0848,1,NULL,1,N
BOM_262-0026,262-0026,140-0849,2,NULL,1,N
BOM_262-0026,262-0026,220-0227,3,NULL,0.075,N
BOM_262-0026,262-0026,280-1600-20,7,NULL,1,N
BOM_262-0026,262-0026,283-0019,8,NULL,1,N
BOM_262-0026,262-0026,VirtualProduct_262-0026_A1,13,NULL,1,N
BOM_262-0026,262-0026,VirtualProduct_262-0026_B1,5,NULL,1,N
BOM_262-0031,262-0031,140-0848,1,NULL,1,N
BOM_262-0031,262-0031,140-0849,2,NULL,1,N
BOM_262-0031,262-0031,280-1018,3,NULL,1,N
BOM_262-0031,262-0031,280-1428,4,NULL,1,N
BOM_262-0031,262-0031,283-0019,5,NULL,1,N
BOM_262-0031,262-0031,504-2042,10,NULL,1,N
BOM_262-0044,262-0044,140-0848,1,NULL,1,N
BOM_262-0044,262-0044,140-0849,2,NULL,1,N
BOM_262-0044,262-0044,280-1018,3,NULL,1,N
BOM_262-0044,262-0044,280-1428,4,NULL,1,N
BOM_262-0044,262-0044,283-0019,5,NULL,1,N
BOM_262-0044,262-0044,504-2063,12,NULL,1,N
BOM_262-0045,262-0045,140-0848,1,NULL,1,N
BOM_262-0045,262-0045,140-0849,2,NULL,1,N
BOM_262-0045,262-0045,280-1018,3,NULL,1,N
BOM_262-0045,262-0045,280-1428,4,NULL,1,N
BOM_262-0045,262-0045,283-0019,5,NULL,1,N
BOM_262-0045,262-0045,504-2053,12,NULL,1,N
BOM_262-0054-CD,262-0054-CD,140-0848,1,NULL,1,N
BOM_262-0054-CD,262-0054-CD,140-0849,2,NULL,1,N
BOM_262-0054-CD,262-0054-CD,280-1018,3,NULL,1,N
BOM_262-0054-CD,262-0054-CD,280-1973-CD,4,NULL,1,N
BOM_262-0054-CD,262-0054-CD,504-1878,12,NULL,1,N
BOM_262-0058-CD,262-0058-CD,140-0848,1,NULL,1,N
BOM_262-0058-CD,262-0058-CD,140-0849,2,NULL,1,N
BOM_262-0058-CD,262-0058-CD,280-1018,3,NULL,1,N
BOM_262-0058-CD,262-0058-CD,280-1916-CD,4,NULL,1,N
BOM_262-0058-CD,262-0058-CD,283-0029,5,NULL,1,N
BOM_262-0058-CD,262-0058-CD,VirtualProduct_262-0058-CD_A1,12,NULL,1,N
BOM_262-0077-CD,262-0077-CD,140-0848,1,NULL,1,N
BOM_262-0077-CD,262-0077-CD,140-0849,2,NULL,1,N
BOM_262-0077-CD,262-0077-CD,280-1018,3,NULL,1,N
BOM_262-0077-CD,262-0077-CD,280-1241-40,4,NULL,1,N
BOM_262-0077-CD,262-0077-CD,504-1718,12,NULL,1,N
BOM_262-0101-CD,262-0101-CD,140-0848,1,NULL,1,N
BOM_262-0101-CD,262-0101-CD,140-0849,2,NULL,1,N
BOM_262-0101-CD,262-0101-CD,280-1428,4,NULL,1,N
BOM_262-0101-CD,262-0101-CD,283-0019,5,NULL,1,N
BOM_262-0101-CD,262-0101-CD,VirtualProduct_262-0101-CD_A1,13,NULL,1,N
BOM_262-0127-CD,262-0127-CD,140-0848,1,NULL,1,N
BOM_262-0127-CD,262-0127-CD,140-0849,2,NULL,1,N
BOM_262-0127-CD,262-0127-CD,280-1018,3,NULL,1,N
BOM_262-0127-CD,262-0127-CD,280-1973-CD,4,NULL,1,N
BOM_262-0127-CD,262-0127-CD,VirtualProduct_262-0127-CD_A1,12,NULL,1,N
BOM_262-0128-CD,262-0128-CD,140-0848,1,NULL,1,N
BOM_262-0128-CD,262-0128-CD,140-0849,2,NULL,1,N
BOM_262-0128-CD,262-0128-CD,280-1475,4,NULL,1,N
BOM_262-0128-CD,262-0128-CD,VirtualProduct_262-0128-CD_A1,12,NULL,1,N
BOM_262-0137-CD,262-0137-CD,140-0848,1,NULL,1,N
BOM_262-0137-CD,262-0137-CD,140-0849,2,NULL,1,N
BOM_262-0137-CD,262-0137-CD,280-1018,3,NULL,1,N
BOM_262-0137-CD,262-0137-CD,280-1428,4,NULL,1,N
BOM_262-0137-CD,262-0137-CD,283-0029,5,NULL,1,N
BOM_262-0137-CD,262-0137-CD,VirtualProduct_262-0137-CD_A1,15,NULL,1,N
BOM_262-0164-CD,262-0164-CD,140-0848,1,NULL,1,N
BOM_262-0164-CD,262-0164-CD,140-0849,2,NULL,1,N
BOM_262-0164-CD,262-0164-CD,280-1018,3,NULL,1,N
BOM_262-0164-CD,262-0164-CD,280-1428,4,NULL,1,N
BOM_262-0164-CD,262-0164-CD,283-0019,5,NULL,1,N
BOM_262-0164-CD,262-0164-CD,504-1878,12,NULL,1,N
BOM_262-0172-CD,262-0172-CD,140-0848,1,NULL,1,N
BOM_262-0172-CD,262-0172-CD,140-0849,2,NULL,1,N
BOM_262-0172-CD,262-0172-CD,220-0227,3,NULL,0.075,N
BOM_262-0172-CD,262-0172-CD,280-1018,4,NULL,1,N
BOM_262-0172-CD,262-0172-CD,280-1600-20,5,NULL,1,N
BOM_262-0172-CD,262-0172-CD,283-0019,6,NULL,1,N
BOM_262-0172-CD,262-0172-CD,504-2129-CD,13,NULL,1,N
BOM_262-0197-CD,262-0197-CD,140-0848,1,NULL,1,N
BOM_262-0197-CD,262-0197-CD,140-0849,2,NULL,1,N
BOM_262-0197-CD,262-0197-CD,280-1018,3,NULL,1,N
BOM_262-0197-CD,262-0197-CD,280-1475,4,NULL,1,N
BOM_262-0197-CD,262-0197-CD,283-0019,5,NULL,1,N
BOM_262-0197-CD,262-0197-CD,VirtualProduct_262-0197-CD_A1,12,NULL,1,N
BOM_262-0229-CD,262-0229-CD,140-0848,1,NULL,1,N
BOM_262-0229-CD,262-0229-CD,140-0849,2,NULL,1,N
BOM_262-0229-CD,262-0229-CD,220-0227,3,NULL,0.075,N
BOM_262-0229-CD,262-0229-CD,280-1018,4,NULL,1,N
BOM_262-0229-CD,262-0229-CD,280-1600-20,5,NULL,1,N
BOM_262-0229-CD,262-0229-CD,283-0029,6,NULL,1,N
BOM_262-0229-CD,262-0229-CD,504-2129-CD,13,NULL,1,N
BOM_280-0788,280-0788,280-0431,8,NULL,2,N
BOM_280-0788,280-0788,280-0650,6,NULL,2,N
BOM_280-0788,280-0788,280-0698,10,NULL,1,N
BOM_280-0788,280-0788,320-0412,4,NULL,1,N
BOM_280-0788,280-0788,320-0438,2,NULL,1,N
BOM_280-0788,280-0788,320-0443,5,NULL,1,N
BOM_280-0788,280-0788,320-0493,7,NULL,2,N
BOM_280-0804-27,280-0804-27,280-0932,3,NULL,1,N
BOM_280-0804-27,280-0804-27,285-0012,2,NULL,1,N
BOM_280-0804-29,280-0804-29,280-0932,3,NULL,1,N
BOM_280-0804-29,280-0804-29,285-0012,2,NULL,1,N
BOM_280-0804-31,280-0804-31,280-0932,3,NULL,1,N
BOM_280-0804-31,280-0804-31,285-0012,2,NULL,1,N
BOM_280-0804-33,280-0804-33,280-0932,3,NULL,1,N
BOM_280-0804-33,280-0804-33,285-0012,2,NULL,1,N
BOM_280-0926,280-0926,280-0607,3,NULL,1,N
BOM_280-0926,280-0926,280-0696,8,NULL,1,N
BOM_280-0926,280-0926,280-0992,10,NULL,2,N
BOM_280-0926,280-0926,280-1011,9,NULL,1,N
BOM_280-0926,280-0926,504-1319,1,NULL,1,N
BOM_280-0926,280-0926,VirtualProduct_280-0926_A1,6,NULL,1,N
BOM_280-0926-02,280-0926-02,280-0607,3,NULL,1,N
BOM_280-0926-02,280-0926-02,280-0696,8,NULL,1,N
BOM_280-0926-02,280-0926-02,280-0992,10,NULL,2,N
BOM_280-0926-02,280-0926-02,280-1011,9,NULL,1,N
BOM_280-0926-02,280-0926-02,504-1548,1,NULL,1,N
BOM_280-0926-02,280-0926-02,VirtualProduct_280-0926-02_A1,6,NULL,1,N
BOM_280-0927,280-0927,280-0804-27,6,NULL,1,N
BOM_280-0927,280-0927,280-0804-29,7,NULL,1,N
BOM_280-0927,280-0927,280-0804-31,8,NULL,1,N
BOM_280-0927,280-0927,280-0804-33,9,NULL,1,N
BOM_280-0927,280-0927,280-0810,5,NULL,1,N
BOM_280-0927,280-0927,VirtualProduct_280-0927_A1,3,NULL,4,N
BOM_280-0927,280-0927,VirtualProduct_280-0927_A2,10,NULL,1,N
BOM_280-1008,280-1008,280-0431,6,NULL,2,N
BOM_280-1008,280-1008,280-0650,4,NULL,2,N
BOM_280-1008,280-1008,320-0412,2,NULL,1,N
BOM_280-1008,280-1008,320-0493,5,NULL,2,N
BOM_280-1020,280-1020,301-0022,1,NULL,1,N
BOM_280-1020,280-1020,VirtualProduct_280-1020_A1,2,NULL,1,N
BOM_280-1020-R,280-1020-R,280-0848,1,NULL,1,N
BOM_280-1020-R,280-1020-R,301-0022,2,NULL,1,N
BOM_280-1041,280-1041,280-0810,5,NULL,1,N
BOM_280-1041,280-1041,280-1042-27,6,NULL,1,N
BOM_280-1041,280-1041,280-1042-29,7,NULL,1,N
BOM_280-1041,280-1041,280-1042-31,8,NULL,1,N
BOM_280-1041,280-1041,280-1042-33,9,NULL,1,N
BOM_280-1041,280-1041,VirtualProduct_280-1041_A1,3,NULL,4,N
BOM_280-1041,280-1041,VirtualProduct_280-1041_A2,12,NULL,1,N
BOM_280-1042-27,280-1042-27,280-0932,3,NULL,1,N
BOM_280-1042-27,280-1042-27,285-0012,2,NULL,1,N
BOM_280-1042-29,280-1042-29,280-0932,3,NULL,1,N
BOM_280-1042-29,280-1042-29,285-0012,2,NULL,1,N
BOM_280-1042-31,280-1042-31,280-0932,3,NULL,1,N
BOM_280-1042-31,280-1042-31,285-0012,2,NULL,1,N
BOM_280-1042-33,280-1042-33,280-0932,3,NULL,1,N
BOM_280-1042-33,280-1042-33,285-0012,2,NULL,1,N
BOM_280-1049-27,280-1049-27,280-0933,4,NULL,1,N
BOM_280-1049-27,280-1049-27,285-0012,3,NULL,1,N
BOM_280-1049-27,280-1049-27,VirtualProduct_280-1049-27_A3,1,NULL,1,N
BOM_280-1049-29,280-1049-29,280-0933,4,NULL,1,N
BOM_280-1049-29,280-1049-29,285-0012,3,NULL,1,N
BOM_280-1049-29,280-1049-29,VirtualProduct_280-1049-29_A3,2,NULL,1,N
BOM_280-1049-31,280-1049-31,280-0933,3,NULL,1,N
BOM_280-1049-31,280-1049-31,280-0981-N2,1,NULL,1,N
BOM_280-1049-31,280-1049-31,285-0012,2,NULL,1,N
BOM_280-1049-33,280-1049-33,280-0933,4,NULL,1,N
BOM_280-1049-33,280-1049-33,285-0012,3,NULL,1,N
BOM_280-1049-33,280-1049-33,VirtualProduct_280-1049-33_A3,2,NULL,1,N
BOM_280-1050,280-1050,280-0607,3,NULL,1,N
BOM_280-1050,280-1050,280-0696,8,NULL,1,N
BOM_280-1050,280-1050,280-0992,10,NULL,2,N
BOM_280-1050,280-1050,280-1011,9,NULL,1,N
BOM_280-1050,280-1050,504-1319,1,NULL,1,N
BOM_280-1050,280-1050,VirtualProduct_280-1050_B1,6,NULL,1,N
BOM_280-1050-02,280-1050-02,280-0607,3,NULL,1,N
BOM_280-1050-02,280-1050-02,280-0696,8,NULL,1,N
BOM_280-1050-02,280-1050-02,280-0992,10,NULL,2,N
BOM_280-1050-02,280-1050-02,280-1011,9,NULL,1,N
BOM_280-1050-02,280-1050-02,504-1548,1,NULL,1,N
BOM_280-1050-02,280-1050-02,VirtualProduct_280-1050-02_A1,6,NULL,1,N
BOM_280-1052,280-1052,280-0431,8,NULL,2,N
BOM_280-1052,280-1052,280-0650,6,NULL,2,N
BOM_280-1052,280-1052,280-0698,10,NULL,1,N
BOM_280-1052,280-1052,320-0412,4,NULL,1,N
BOM_280-1052,280-1052,320-0438,2,NULL,1,N
BOM_280-1052,280-1052,320-0443,5,NULL,1,N
BOM_280-1052,280-1052,320-0493,7,NULL,2,N
BOM_280-1065,280-1065,280-1070,11,NULL,1,N
BOM_280-1070,280-1070,280-0607,3,NULL,1,N
BOM_280-1070,280-1070,280-1011,5,NULL,1,N
BOM_280-1070,280-1070,504-1366,1,NULL,1,N
BOM_280-1083,280-1083,280-0804-27,6,NULL,1,N
BOM_280-1083,280-1083,280-0804-29,7,NULL,1,N
BOM_280-1083,280-1083,280-0804-31,8,NULL,1,N
BOM_280-1083,280-1083,280-0804-33,9,NULL,1,N
BOM_280-1083,280-1083,280-0810,5,NULL,1,N
BOM_280-1083,280-1083,VirtualProduct_280-1083_A1,3,NULL,4,N
BOM_280-1083,280-1083,VirtualProduct_280-1083_A2,10,NULL,1,N
BOM_280-1085,280-1085,280-0810,5,NULL,1,N
BOM_280-1085,280-1085,280-1049-27,6,NULL,1,N
BOM_280-1085,280-1085,280-1049-29,7,NULL,1,N
BOM_280-1085,280-1085,280-1049-31,8,NULL,1,N
BOM_280-1085,280-1085,280-1049-33,9,NULL,1,N
BOM_280-1085,280-1085,VirtualProduct_280-1085_A1,3,NULL,4,N
BOM_280-1085,280-1085,VirtualProduct_280-1085_A2,11,NULL,1,N
BOM_280-1086-27,280-1086-27,280-0932,3,NULL,1,N
BOM_280-1086-27,280-1086-27,285-0012,2,NULL,1,N
BOM_280-1086-29,280-1086-29,280-0932,3,NULL,1,N
BOM_280-1086-29,280-1086-29,285-0012,2,NULL,1,N
BOM_280-1086-31,280-1086-31,280-0932,3,NULL,1,N
BOM_280-1086-31,280-1086-31,285-0012,2,NULL,1,N
BOM_280-1086-33,280-1086-33,280-0932,3,NULL,1,N
BOM_280-1086-33,280-1086-33,285-0012,2,NULL,1,N
BOM_280-1133,280-1133,280-0650,6,NULL,2,N
BOM_280-1133,280-1133,280-1457,2,NULL,1,N
BOM_280-1133,280-1133,280-1458,3,NULL,1,N
BOM_280-1133,280-1133,280-1459,4,NULL,1,N
BOM_280-1133,280-1133,280-1460,5,NULL,1,N
BOM_280-1133,280-1133,288-0001,8,NULL,1,N
BOM_280-1133,280-1133,288-0005,9,NULL,1,N
BOM_280-1133,280-1133,320-0493,7,NULL,2,N
BOM_280-1133,280-1133,320-0611,1,NULL,1,N
BOM_280-1133-R,280-1133-R,280-0650,1,NULL,2,N
BOM_280-1133-R,280-1133-R,280-0898,2,NULL,1,N
BOM_280-1133-R,280-1133-R,280-1457,3,NULL,1,N
BOM_280-1133-R,280-1133-R,280-1458,4,NULL,1,N
BOM_280-1133-R,280-1133-R,280-1459,5,NULL,1,N
BOM_280-1133-R,280-1133-R,280-1460,6,NULL,1,N
BOM_280-1133-R,280-1133-R,288-0001,7,NULL,1,N
BOM_280-1133-R,280-1133-R,288-0005,8,NULL,1,N
BOM_280-1133-R,280-1133-R,320-0493,13,NULL,2,N
BOM_280-1133-R,280-1133-R,320-0611,14,NULL,1,N
BOM_280-1148,280-1148,140-0547,9,NULL,1,N
BOM_280-1148,280-1148,280-0607,8,NULL,1,N
BOM_280-1148,280-1148,280-0696,12,NULL,1,N
BOM_280-1148,280-1148,280-0992,14,NULL,2,N
BOM_280-1148,280-1148,280-1011,13,NULL,1,N
BOM_280-1148,280-1148,VirtualProduct_280-1148_A1,2,NULL,1,N
BOM_280-1148,280-1148,VirtualProduct_280-1148_A2,11,NULL,6,N
BOM_280-1156,280-1156,140-0547,9,NULL,1,N
BOM_280-1156,280-1156,280-0696,12,NULL,1,N
BOM_280-1156,280-1156,280-0992,14,NULL,2,N
BOM_280-1156,280-1156,280-1011,13,NULL,1,N
BOM_280-1156,280-1156,VirtualProduct_280-1156_A1,2,NULL,1,N
BOM_280-1156,280-1156,VirtualProduct_280-1156_A3,11,NULL,6,N
BOM_280-1158,280-1158,280-0810,6,NULL,1,N
BOM_280-1158,280-1158,280-1156,11,NULL,1,N
BOM_280-1158,280-1158,VirtualProduct_280-1158_A1,4,NULL,4,N
BOM_280-1158,280-1158,VirtualProduct_280-1158_A2,17,NULL,1,N
BOM_280-1158,280-1158,VirtualProduct_280-1158_A3,18,NULL,1,N
BOM_280-1158,280-1158,VirtualProduct_280-1158_A4,19,NULL,1,N
BOM_280-1158,280-1158,VirtualProduct_280-1158_A5,20,NULL,1,N
BOM_280-1159,280-1159,280-0607,8,NULL,1,N
BOM_280-1159,280-1159,280-0696,12,NULL,1,N
BOM_280-1159,280-1159,280-0992,14,NULL,2,N
BOM_280-1159,280-1159,280-1011,13,NULL,1,N
BOM_280-1159,280-1159,VirtualProduct_280-1159_A1,2,NULL,1,N
BOM_280-1159,280-1159,VirtualProduct_280-1159_A2,10,NULL,1,N
BOM_280-1159,280-1159,VirtualProduct_280-1159_A3,1,NULL,1,N
BOM_280-1159,280-1159,VirtualProduct_280-1159_A4,19,NULL,6,N
BOM_280-1159,280-1159,VirtualProduct_280-1159_B1,18,NULL,1,N
BOM_280-1159,280-1159,VirtualProduct_280-1159_D1,18,NULL,1,N
BOM_280-1159-R,280-1159-R,280-0607,5,NULL,1,N
BOM_280-1159-R,280-1159-R,280-0696,6,NULL,1,N
BOM_280-1159-R,280-1159-R,280-0992,7,NULL,2,N
BOM_280-1159-R,280-1159-R,280-1011,8,NULL,1,N
BOM_280-1159-R,280-1159-R,VirtualProduct_280-1159-R_A1,18,NULL,1,N
BOM_280-1159-R,280-1159-R,VirtualProduct_280-1159-R_A2,4,NULL,1,N
BOM_280-1159-R,280-1159-R,VirtualProduct_280-1159-R_A3,12,NULL,1,N
BOM_280-1159-R,280-1159-R,VirtualProduct_280-1159-R_A4,2,NULL,6,N
BOM_280-1160-01,280-1160-01,280-0804-27,6,NULL,1,N
BOM_280-1160-01,280-1160-01,280-0804-29,7,NULL,1,N
BOM_280-1160-01,280-1160-01,280-0804-31,8,NULL,1,N
BOM_280-1160-01,280-1160-01,280-0804-33,9,NULL,1,N
BOM_280-1160-01,280-1160-01,280-0810,5,NULL,1,N
BOM_280-1160-01,280-1160-01,VirtualProduct_280-1160-01_A1,3,NULL,4,N
BOM_280-1160-01,280-1160-01,VirtualProduct_280-1160-01_A2,15,NULL,1,N
BOM_280-1160-02,280-1160-02,280-0810,5,NULL,1,N
BOM_280-1160-02,280-1160-02,280-1049-27,6,NULL,1,N
BOM_280-1160-02,280-1160-02,280-1049-29,7,NULL,1,N
BOM_280-1160-02,280-1160-02,280-1049-31,8,NULL,1,N
BOM_280-1160-02,280-1160-02,280-1049-33,9,NULL,1,N
BOM_280-1160-02,280-1160-02,280-1159,10,NULL,1,N
BOM_280-1160-02,280-1160-02,VirtualProduct_280-1160-02_A1,3,NULL,4,N
BOM_280-1160-02-R,280-1160-02-R,280-0810,5,NULL,1,N
BOM_280-1160-02-R,280-1160-02-R,280-1159-R,14,NULL,1,N
BOM_280-1160-02-R,280-1160-02-R,VirtualProduct_280-1160-02-R_A1,2,NULL,4,N
BOM_280-1160-02-R,280-1160-02-R,VirtualProduct_280-1160-02-R_A2,6,NULL,1,N
BOM_280-1160-02-R,280-1160-02-R,VirtualProduct_280-1160-02-R_A3,8,NULL,1,N
BOM_280-1160-02-R,280-1160-02-R,VirtualProduct_280-1160-02-R_A4,10,NULL,1,N
BOM_280-1160-02-R,280-1160-02-R,VirtualProduct_280-1160-02-R_A5,12,NULL,1,N
BOM_280-1160-03,280-1160-03,280-0810,5,NULL,1,N
BOM_280-1160-03,280-1160-03,280-1042-27,6,NULL,1,N
BOM_280-1160-03,280-1160-03,280-1042-29,7,NULL,1,N
BOM_280-1160-03,280-1160-03,280-1042-31,8,NULL,1,N
BOM_280-1160-03,280-1160-03,280-1042-33,9,NULL,1,N
BOM_280-1160-03,280-1160-03,VirtualProduct_280-1160-03_A1,3,NULL,4,N
BOM_280-1160-03,280-1160-03,VirtualProduct_280-1160-03_A2,10,NULL,1,N
BOM_280-1160-04,280-1160-04,280-0810,5,NULL,1,N
BOM_280-1160-04,280-1160-04,280-1086-27,6,NULL,1,N
BOM_280-1160-04,280-1160-04,280-1086-29,7,NULL,1,N
BOM_280-1160-04,280-1160-04,280-1086-31,8,NULL,1,N
BOM_280-1160-04,280-1160-04,280-1086-33,9,NULL,1,N
BOM_280-1160-04,280-1160-04,VirtualProduct_280-1160-04_A1,3,NULL,4,N
BOM_280-1160-04,280-1160-04,VirtualProduct_280-1160-04_A2,10,NULL,1,N
BOM_280-1179,280-1179,280-0431,5,NULL,2,N
BOM_280-1179,280-1179,280-0898,10,NULL,1,N
BOM_280-1180,280-1180,140-0547,2,NULL,1,N
BOM_280-1180,280-1180,280-0607,1,NULL,1,N
BOM_280-1180,280-1180,280-0992,4,NULL,2,N
BOM_280-1180,280-1180,280-1011,3,NULL,1,N
BOM_280-1180,280-1180,541-0001,7,NULL,1,N
BOM_280-1189,280-1189,280-0696,8,NULL,1,N
BOM_280-1189,280-1189,280-0992,10,NULL,2,N
BOM_280-1189,280-1189,280-1011,9,NULL,1,N
BOM_280-1189,280-1189,504-1319,1,NULL,1,N
BOM_280-1189,280-1189,VirtualProduct_280-1189_A1,6,NULL,1,N
BOM_280-1189-02,280-1189-02,280-0696,8,NULL,1,N
BOM_280-1189-02,280-1189-02,280-0992,10,NULL,2,N
BOM_280-1189-02,280-1189-02,280-1011,9,NULL,1,N
BOM_280-1189-02,280-1189-02,504-1548,1,NULL,1,N
BOM_280-1189-02,280-1189-02,VirtualProduct_280-1189-02_A1,6,NULL,1,N
BOM_280-1190,280-1190,280-0696,8,NULL,1,N
BOM_280-1190,280-1190,280-0992,10,NULL,2,N
BOM_280-1190,280-1190,280-1011,9,NULL,1,N
BOM_280-1190,280-1190,504-1319,1,NULL,1,N
BOM_280-1190,280-1190,VirtualProduct_280-1190_A1,6,NULL,1,N
BOM_280-1190-02,280-1190-02,280-0696,8,NULL,1,N
BOM_280-1190-02,280-1190-02,280-0992,10,NULL,2,N
BOM_280-1190-02,280-1190-02,280-1011,9,NULL,1,N
BOM_280-1190-02,280-1190-02,504-1548,1,NULL,1,N
BOM_280-1190-02,280-1190-02,VirtualProduct_280-1190-02_A1,6,NULL,1,N
BOM_280-1192-01,280-1192-01,280-0804-27,6,NULL,1,N
BOM_280-1192-01,280-1192-01,280-0804-29,7,NULL,1,N
BOM_280-1192-01,280-1192-01,280-0804-31,8,NULL,1,N
BOM_280-1192-01,280-1192-01,280-0804-33,9,NULL,1,N
BOM_280-1192-01,280-1192-01,280-0810,5,NULL,1,N
BOM_280-1192-01,280-1192-01,280-1193,10,NULL,1,N
BOM_280-1192-01,280-1192-01,VirtualProduct_280-1192-01_A1,3,NULL,4,N
BOM_280-1192-02,280-1192-02,280-0810,5,NULL,1,N
BOM_280-1192-02,280-1192-02,280-1049-27,6,NULL,1,N
BOM_280-1192-02,280-1192-02,280-1049-29,7,NULL,1,N
BOM_280-1192-02,280-1192-02,280-1049-31,8,NULL,1,N
BOM_280-1192-02,280-1192-02,280-1049-33,9,NULL,1,N
BOM_280-1192-02,280-1192-02,280-1193,10,NULL,1,N
BOM_280-1192-02,280-1192-02,VirtualProduct_280-1192-02_A2,3,NULL,4,N
BOM_280-1192-03,280-1192-03,280-0810,5,NULL,1,N
BOM_280-1192-03,280-1192-03,280-1042-27,6,NULL,1,N
BOM_280-1192-03,280-1192-03,280-1042-29,7,NULL,1,N
BOM_280-1192-03,280-1192-03,280-1042-31,8,NULL,1,N
BOM_280-1192-03,280-1192-03,280-1042-33,9,NULL,1,N
BOM_280-1192-03,280-1192-03,280-1193,10,NULL,1,N
BOM_280-1192-03,280-1192-03,VirtualProduct_280-1192-03_A1,3,NULL,4,N
BOM_280-1193,280-1193,140-0403,6,NULL,1,N
BOM_280-1193,280-1193,280-0607,5,NULL,1,N
BOM_280-1193,280-1193,280-0837,9,NULL,1,N
BOM_280-1193,280-1193,280-0992,11,NULL,2,N
BOM_280-1193,280-1193,280-1011,10,NULL,1,N
BOM_280-1193,280-1193,VirtualProduct_280-1193_A1,1,NULL,1,N
BOM_280-1193,280-1193,VirtualProduct_280-1193_A2,4,NULL,1,N
BOM_280-1193,280-1193,VirtualProduct_280-1193_A3,8,NULL,3,N
BOM_280-1201,280-1201,280-0804-27,6,NULL,1,N
BOM_280-1201,280-1201,280-0804-29,7,NULL,1,N
BOM_280-1201,280-1201,280-0804-31,8,NULL,1,N
BOM_280-1201,280-1201,280-0810,5,NULL,1,N
BOM_280-1201,280-1201,280-1086-33,9,NULL,1,N
BOM_280-1201,280-1201,VirtualProduct_280-1201_A1,10,NULL,1,N
BOM_280-1201,280-1201,VirtualProduct_280-1201_A2,3,NULL,4,N
BOM_280-1203-01,280-1203-01,280-0804-27,5,NULL,1,N
BOM_280-1203-01,280-1203-01,280-0804-29,6,NULL,1,N
BOM_280-1203-01,280-1203-01,280-0804-31,7,NULL,1,N
BOM_280-1203-01,280-1203-01,280-0804-33,8,NULL,1,N
BOM_280-1203-01,280-1203-01,280-0810,4,NULL,1,N
BOM_280-1203-01,280-1203-01,VirtualProduct_280-1203-01_A1,3,NULL,4,N
BOM_280-1203-01,280-1203-01,VirtualProduct_280-1203-01_A2,9,NULL,1,N
BOM_280-1203-02,280-1203-02,280-0810,4,NULL,1,N
BOM_280-1203-02,280-1203-02,280-1042-27,5,NULL,1,N
BOM_280-1203-02,280-1203-02,280-1042-29,6,NULL,1,N
BOM_280-1203-02,280-1203-02,280-1042-31,7,NULL,1,N
BOM_280-1203-02,280-1203-02,280-1042-33,8,NULL,1,N
BOM_280-1203-02,280-1203-02,VirtualProduct_280-1203-02_A1,3,NULL,4,N
BOM_280-1203-02,280-1203-02,VirtualProduct_280-1203-02_A2,10,NULL,1,N
BOM_280-1203-03,280-1203-03,280-0810,4,NULL,1,N
BOM_280-1203-03,280-1203-03,280-1049-27,5,NULL,1,N
BOM_280-1203-03,280-1203-03,280-1049-29,6,NULL,1,N
BOM_280-1203-03,280-1203-03,280-1049-31,7,NULL,1,N
BOM_280-1203-03,280-1203-03,280-1049-33,8,NULL,1,N
BOM_280-1203-03,280-1203-03,VirtualProduct_280-1203-03_A1,10,NULL,1,N
BOM_280-1203-03,280-1203-03,VirtualProduct_280-1203-03_A2,3,NULL,4,N
BOM_280-1204,280-1204,140-0403,4,NULL,1,N
BOM_280-1204,280-1204,280-0607,3,NULL,1,N
BOM_280-1204,280-1204,280-0837,6,NULL,1,N
BOM_280-1204,280-1204,280-0992,8,NULL,2,N
BOM_280-1204,280-1204,280-1011,7,NULL,1,N
BOM_280-1204,280-1204,504-1369,1,NULL,1,N
BOM_280-1205,280-1205,140-0403,4,NULL,1,N
BOM_280-1205,280-1205,280-0837,7,NULL,1,N
BOM_280-1205,280-1205,280-0992,9,NULL,2,N
BOM_280-1205,280-1205,280-1011,8,NULL,1,N
BOM_280-1205,280-1205,504-1369,1,NULL,1,N
BOM_280-1205,280-1205,VirtualProduct_280-1205_A1,6,NULL,3,N
BOM_280-1210-02,280-1210-02,280-0607,3,NULL,1,N
BOM_280-1210-02,280-1210-02,280-0696,7,NULL,1,N
BOM_280-1210-02,280-1210-02,280-0992,9,NULL,2,N
BOM_280-1210-02,280-1210-02,280-1011,8,NULL,1,N
BOM_280-1210-02,280-1210-02,504-1532,1,NULL,1,N
BOM_280-1210-02,280-1210-02,VirtualProduct_280-1210-02_A1,5,NULL,1,N
BOM_280-1211-01,280-1211-01,280-0804-27,6,NULL,1,N
BOM_280-1211-01,280-1211-01,280-0804-29,7,NULL,1,N
BOM_280-1211-01,280-1211-01,280-0804-31,8,NULL,1,N
BOM_280-1211-01,280-1211-01,280-0804-33,9,NULL,1,N
BOM_280-1211-01,280-1211-01,280-0810,5,NULL,1,N
BOM_280-1211-01,280-1211-01,VirtualProduct_280-1211-01_A1,3,NULL,4,N
BOM_280-1211-01,280-1211-01,VirtualProduct_280-1211-01_A2,11,NULL,1,N
BOM_280-1212-01,280-1212-01,280-0696,7,NULL,1,N
BOM_280-1212-01,280-1212-01,280-0992,9,NULL,2,N
BOM_280-1212-01,280-1212-01,280-1011,8,NULL,1,N
BOM_280-1212-01,280-1212-01,504-1548,1,NULL,1,N
BOM_280-1212-01,280-1212-01,VirtualProduct_280-1212-01_A1,5,NULL,1,N
BOM_280-1212-02,280-1212-02,280-0607,3,NULL,1,N
BOM_280-1212-02,280-1212-02,280-0696,7,NULL,1,N
BOM_280-1212-02,280-1212-02,280-0992,9,NULL,2,N
BOM_280-1212-02,280-1212-02,280-1011,8,NULL,1,N
BOM_280-1212-02,280-1212-02,504-1548,1,NULL,1,N
BOM_280-1212-02,280-1212-02,VirtualProduct_280-1212-02_A1,5,NULL,1,N
BOM_280-1213-01,280-1213-01,280-0804-27,5,NULL,1,N
BOM_280-1213-01,280-1213-01,280-0804-29,6,NULL,1,N
BOM_280-1213-01,280-1213-01,280-0804-31,7,NULL,1,N
BOM_280-1213-01,280-1213-01,280-0804-33,8,NULL,1,N
BOM_280-1213-01,280-1213-01,280-0810,4,NULL,1,N
BOM_280-1213-01,280-1213-01,VirtualProduct_280-1213-01_A1,3,NULL,4,N
BOM_280-1213-01,280-1213-01,VirtualProduct_280-1213-01_A2,9,NULL,1,N
BOM_280-1222,280-1222,280-1223-N0,1,NULL,1,N
BOM_280-1222,280-1222,280-1223-N1,2,NULL,1,N
BOM_280-1222,280-1222,280-1223-N2,3,NULL,1,N
BOM_280-1222,280-1222,280-1223-N3,4,NULL,1,N
BOM_280-1223-N0,280-1223-N0,280-0981-N0,1,NULL,1,N
BOM_280-1223-N1,280-1223-N1,280-0981-N1,1,NULL,1,N
BOM_280-1223-N2,280-1223-N2,280-0981-N2,1,NULL,1,N
BOM_280-1223-N3,280-1223-N3,280-0981-N3,1,NULL,1,N
BOM_280-1227,280-1227,140-0547,9,NULL,1,N
BOM_280-1227,280-1227,280-0607,8,NULL,1,N
BOM_280-1227,280-1227,280-0696,12,NULL,1,N
BOM_280-1227,280-1227,280-0992,14,NULL,2,N
BOM_280-1227,280-1227,280-1011,13,NULL,1,N
BOM_280-1227,280-1227,VirtualProduct_280-1227_A1,6,NULL,1,N
BOM_280-1227,280-1227,VirtualProduct_280-1227_A2,11,NULL,6,N
BOM_280-1229-02,280-1229-02,280-0810,5,NULL,1,N
BOM_280-1229-02,280-1229-02,280-1049-27,6,NULL,1,N
BOM_280-1229-02,280-1229-02,280-1049-29,7,NULL,1,N
BOM_280-1229-02,280-1229-02,280-1049-31,8,NULL,1,N
BOM_280-1229-02,280-1229-02,280-1049-33,9,NULL,1,N
BOM_280-1229-02,280-1229-02,280-1227,10,NULL,1,N
BOM_280-1229-02,280-1229-02,VirtualProduct_280-1229-02_A1,3,NULL,4,N
BOM_280-1235,280-1235,280-1223-N0,1,NULL,1,N
BOM_280-1235,280-1235,280-1223-N1,2,NULL,1,N
BOM_280-1235,280-1235,280-1223-N2,3,NULL,1,N
BOM_280-1235,280-1235,280-1223-N3,4,NULL,1,N
BOM_280-1241-40,280-1241-40,220-0072,2,NULL,1,N
BOM_280-1241-40,280-1241-40,320-0328,3,NULL,2,N
BOM_280-1245-01,280-1245-01,280-0607,3,NULL,1,N
BOM_280-1245-01,280-1245-01,280-0696,7,NULL,1,N
BOM_280-1245-01,280-1245-01,280-0992,9,NULL,2,N
BOM_280-1245-01,280-1245-01,280-1011,8,NULL,1,N
BOM_280-1245-01,280-1245-01,504-1385-00,1,NULL,1,N
BOM_280-1245-01,280-1245-01,VirtualProduct_280-1245-01_A1,5,NULL,1,N
BOM_280-1245-02,280-1245-02,280-0696,8,NULL,1,N
BOM_280-1245-02,280-1245-02,280-0992,10,NULL,2,N
BOM_280-1245-02,280-1245-02,280-1011,9,NULL,1,N
BOM_280-1245-02,280-1245-02,504-1385-00,1,NULL,1,N
BOM_280-1245-02,280-1245-02,VirtualProduct_280-1245-02_A1,6,NULL,1,N
BOM_280-1246,280-1246,280-0810,4,NULL,1,N
BOM_280-1246,280-1246,280-1049-27,5,NULL,1,N
BOM_280-1246,280-1246,280-1049-29,6,NULL,1,N
BOM_280-1246,280-1246,280-1049-31,7,NULL,1,N
BOM_280-1246,280-1246,280-1049-33,8,NULL,1,N
BOM_280-1246,280-1246,VirtualProduct_280-1246_A1,3,NULL,4,N
BOM_280-1246,280-1246,VirtualProduct_280-1246_A2,9,NULL,1,N
BOM_280-1312-27,280-1312-27,280-0932,3,NULL,1,N
BOM_280-1312-27,280-1312-27,283-0046-27,1,NULL,1,N
BOM_280-1312-27,280-1312-27,285-0012,2,NULL,1,N
BOM_280-1312-29,280-1312-29,280-0932,3,NULL,1,N
BOM_280-1312-29,280-1312-29,283-0046-29,1,NULL,1,N
BOM_280-1312-29,280-1312-29,285-0012,2,NULL,1,N
BOM_280-1312-31,280-1312-31,280-0932,3,NULL,1,N
BOM_280-1312-31,280-1312-31,283-0046-31,1,NULL,1,N
BOM_280-1312-31,280-1312-31,285-0012,2,NULL,1,N
BOM_280-1312-31,280-1312-31,VirtualProduct_280-1312-31_A1,2,NULL,1,N
BOM_280-1312-33,280-1312-33,280-0932,3,NULL,1,N
BOM_280-1312-33,280-1312-33,283-0046-33,1,NULL,1,N
BOM_280-1312-33,280-1312-33,285-0012,2,NULL,1,N
BOM_280-1313,280-1313,280-0810,5,NULL,1,N
BOM_280-1313,280-1313,280-1193,10,NULL,1,N
BOM_280-1313,280-1313,280-1312-27,6,NULL,1,N
BOM_280-1313,280-1313,280-1312-29,7,NULL,1,N
BOM_280-1313,280-1313,280-1312-31,8,NULL,1,N
BOM_280-1313,280-1313,280-1312-33,9,NULL,1,N
BOM_280-1313,280-1313,VirtualProduct_280-1313_A1,3,NULL,4,N
BOM_280-1314,280-1314,280-0810,5,NULL,1,N
BOM_280-1314,280-1314,280-1312-27,6,NULL,1,N
BOM_280-1314,280-1314,280-1312-29,7,NULL,1,N
BOM_280-1314,280-1314,280-1312-31,8,NULL,1,N
BOM_280-1314,280-1314,280-1312-33,9,NULL,1,N
BOM_280-1314,280-1314,VirtualProduct_280-1314_A1,3,NULL,4,N
BOM_280-1314,280-1314,VirtualProduct_280-1314_A2,10,NULL,1,N
BOM_280-1314-R,280-1314-R,280-0810,5,NULL,1,N
BOM_280-1314-R,280-1314-R,280-1159-R,6,NULL,1,N
BOM_280-1314-R,280-1314-R,VirtualProduct_280-1314-R_A1,2,NULL,4,N
BOM_280-1314-R,280-1314-R,VirtualProduct_280-1314-R_A2,7,NULL,1,N
BOM_280-1314-R,280-1314-R,VirtualProduct_280-1314-R_A3,9,NULL,1,N
BOM_280-1314-R,280-1314-R,VirtualProduct_280-1314-R_A4,11,NULL,1,N
BOM_280-1314-R,280-1314-R,VirtualProduct_280-1314-R_A5,13,NULL,1,N
BOM_280-1334-27,280-1334-27,280-0932,3,NULL,1,N
BOM_280-1334-27,280-1334-27,285-0012,2,NULL,1,N
BOM_280-1334-29,280-1334-29,280-0932,3,NULL,1,N
BOM_280-1334-29,280-1334-29,285-0012,2,NULL,1,N
BOM_280-1334-31,280-1334-31,280-0932,3,NULL,1,N
BOM_280-1334-31,280-1334-31,285-0012,2,NULL,1,N
BOM_280-1334-33,280-1334-33,280-0932,3,NULL,1,N
BOM_280-1334-33,280-1334-33,285-0012,2,NULL,1,N
BOM_280-1335,280-1335,280-0607,8,NULL,1,N
BOM_280-1335,280-1335,280-0696,12,NULL,1,N
BOM_280-1335,280-1335,280-0992,14,NULL,2,N
BOM_280-1335,280-1335,280-1011,13,NULL,1,N
BOM_280-1335,280-1335,VirtualProduct_280-1335_A1,4,NULL,1,N
BOM_280-1335,280-1335,VirtualProduct_280-1335_A3,11,NULL,6,N
BOM_280-1336,280-1336,280-0810,5,NULL,1,N
BOM_280-1336,280-1336,280-1334-27,6,NULL,1,N
BOM_280-1336,280-1336,280-1334-29,7,NULL,1,N
BOM_280-1336,280-1336,280-1334-31,8,NULL,1,N
BOM_280-1336,280-1336,280-1334-33,9,NULL,1,N
BOM_280-1336,280-1336,280-1335,10,NULL,1,N
BOM_280-1336,280-1336,VirtualProduct_280-1336_A1,3,NULL,4,N
BOM_280-1337,280-1337,280-0650,6,NULL,2,N
BOM_280-1337,280-1337,280-0898,14,NULL,1,N
BOM_280-1337,280-1337,280-1457,2,NULL,1,N
BOM_280-1337,280-1337,280-1458,3,NULL,1,N
BOM_280-1337,280-1337,280-1459,4,NULL,1,N
BOM_280-1337,280-1337,280-1460,5,NULL,1,N
BOM_280-1337,280-1337,288-0001,8,NULL,1,N
BOM_280-1337,280-1337,288-0005,9,NULL,1,N
BOM_280-1337,280-1337,320-0493,7,NULL,2,N
BOM_280-1337,280-1337,320-0611,1,NULL,1,N
BOM_280-1390,280-1390,220-0072,2,NULL,1,N
BOM_280-1390,280-1390,VirtualProduct_280-1390_C1,7,NULL,2,N
BOM_280-1391,280-1391,280-0848,2,NULL,1,N
BOM_280-1392,280-1392,280-0431,6,NULL,2,N
BOM_280-1392,280-1392,280-0650,4,NULL,1,N
BOM_280-1392,280-1392,288-0001,9,NULL,1,N
BOM_280-1392,280-1392,288-0005,11,NULL,1,N
BOM_280-1392,280-1392,321-0057,3,NULL,1,N
BOM_280-1392,280-1392,321-0058,2,NULL,1,N
BOM_280-1392,280-1392,321-0059,5,NULL,1,N
BOM_280-1392,280-1392,VirtualProduct_280-1392_A3,7,NULL,1,N
BOM_280-1392,280-1392,VirtualProduct_280-1392_A4,7,NULL,1,N
BOM_280-1404,280-1404,280-0810,5,NULL,1,N
BOM_280-1404,280-1404,280-1049-27,6,NULL,1,N
BOM_280-1404,280-1404,280-1049-29,7,NULL,1,N
BOM_280-1404,280-1404,280-1049-31,8,NULL,1,N
BOM_280-1404,280-1404,280-1049-33,9,NULL,1,N
BOM_280-1404,280-1404,280-1405,10,NULL,1,N
BOM_280-1404,280-1404,VirtualProduct_280-1404_A1,3,NULL,4,N
BOM_280-1405,280-1405,140-0403,4,NULL,1,N
BOM_280-1405,280-1405,280-0607,3,NULL,1,N
BOM_280-1405,280-1405,280-0837,7,NULL,1,N
BOM_280-1405,280-1405,280-0992,9,NULL,2,N
BOM_280-1405,280-1405,280-1011,8,NULL,1,N
BOM_280-1405,280-1405,504-1753,1,NULL,1,N
BOM_280-1405,280-1405,VirtualProduct_280-1405_A3,6,NULL,3,N
BOM_280-1428,280-1428,220-0072,5,NULL,1,N
BOM_280-1428,280-1428,VirtualProduct_280-1428_A1,11,NULL,1,N
BOM_280-1428,280-1428,VirtualProduct_280-1428_C1,9,NULL,2,N
BOM_280-1456,280-1456,280-0810,5,NULL,1,N
BOM_280-1456,280-1456,280-1049-27,6,NULL,1,N
BOM_280-1456,280-1456,280-1049-29,7,NULL,1,N
BOM_280-1456,280-1456,280-1049-31,8,NULL,1,N
BOM_280-1456,280-1456,280-1049-33,9,NULL,1,N
BOM_280-1456,280-1456,280-1148,10,NULL,1,N
BOM_280-1456,280-1456,VirtualProduct_280-1456_A1,4,NULL,4,N
BOM_280-1457,280-1457,280-0698,1,NULL,1,N
BOM_280-1457,280-1457,320-0438,2,NULL,1,N
BOM_280-1458,280-1458,282-0041,3,NULL,1,N
BOM_280-1458,280-1458,VirtualProduct_280-1458_A1,2,NULL,1,N
BOM_280-1459,280-1459,280-0431,2,NULL,1,N
BOM_280-1459,280-1459,320-0412,1,NULL,1,N
BOM_280-1460,280-1460,280-0431,2,NULL,1,N
BOM_280-1460,280-1460,320-0443,1,NULL,1,N
BOM_280-1464,280-1464,280-0810,2,NULL,1,N
BOM_280-1464,280-1464,280-1465,7,NULL,1,N
BOM_280-1464,280-1464,VirtualProduct_280-1464_A1,8,NULL,1,N
BOM_280-1464,280-1464,VirtualProduct_280-1464_A2,9,NULL,1,N
BOM_280-1464,280-1464,VirtualProduct_280-1464_A3,10,NULL,1,N
BOM_280-1464,280-1464,VirtualProduct_280-1464_A4,11,NULL,1,N
BOM_280-1465,280-1465,140-0851,3,NULL,1,N
BOM_280-1465,280-1465,280-0992,4,NULL,2,N
BOM_280-1465,280-1465,280-1011,5,NULL,1,N
BOM_280-1465,280-1465,280-1392,6,NULL,1,N
BOM_280-1465,280-1465,283-0098,7,NULL,1,N
BOM_280-1465,280-1465,285-0109,8,NULL,1,N
BOM_280-1465,280-1465,311-0260,9,NULL,1,N
BOM_280-1465,280-1465,VirtualProduct_280-1465_A1,10,NULL,1,N
BOM_280-1465,280-1465,VirtualProduct_280-1465_A2,2,NULL,5,N
BOM_280-1475,280-1475,220-0072,1,NULL,1,N
BOM_280-1475,280-1475,VirtualProduct_280-1475_C1,7,NULL,2,N
BOM_280-1480-27,280-1480-27,280-0932,3,NULL,1,N
BOM_280-1480-27,280-1480-27,285-0012,2,NULL,1,N
BOM_280-1480-27,280-1480-27,VirtualProduct_280-1480-27_AA,1,NULL,1,N
BOM_280-1480-29,280-1480-29,280-0932,3,NULL,1,N
BOM_280-1480-29,280-1480-29,285-0012,2,NULL,1,N
BOM_280-1480-29,280-1480-29,VirtualProduct_280-1480-29_AA,1,NULL,1,N
BOM_280-1480-31,280-1480-31,280-0932,3,NULL,1,N
BOM_280-1480-31,280-1480-31,285-0012,2,NULL,1,N
BOM_280-1480-31,280-1480-31,VirtualProduct_280-1480-31_AA,1,NULL,1,N
BOM_280-1480-33,280-1480-33,280-0932,3,NULL,1,N
BOM_280-1480-33,280-1480-33,285-0012,2,NULL,1,N
BOM_280-1480-33,280-1480-33,VirtualProduct_280-1480-33_AA,1,NULL,1,N
BOM_280-1481,280-1481,280-0810,5,NULL,1,N
BOM_280-1481,280-1481,280-1159,10,NULL,1,N
BOM_280-1481,280-1481,280-1480-27,6,NULL,1,N
BOM_280-1481,280-1481,280-1480-29,7,NULL,1,N
BOM_280-1481,280-1481,280-1480-31,8,NULL,1,N
BOM_280-1481,280-1481,280-1480-33,9,NULL,1,N
BOM_280-1481,280-1481,VirtualProduct_280-1481_A1,3,NULL,4,N
BOM_280-1497-40,280-1497-40,VirtualProduct_280-1497-40_B1,4,NULL,0.05,N
BOM_280-1497-40,280-1497-40,VirtualProduct_280-1497-40_C1,5,NULL,2,N
BOM_280-1498-27,280-1498-27,280-0933,3,NULL,1,N
BOM_280-1498-27,280-1498-27,285-0012,2,NULL,1,N
BOM_280-1498-29,280-1498-29,280-0933,3,NULL,1,N
BOM_280-1498-29,280-1498-29,285-0012,2,NULL,1,N
BOM_280-1498-31,280-1498-31,280-0933,3,NULL,1,N
BOM_280-1498-31,280-1498-31,285-0012,2,NULL,1,N
BOM_280-1498-33,280-1498-33,280-0933,3,NULL,1,N
BOM_280-1498-33,280-1498-33,285-0012,2,NULL,1,N
BOM_280-1499,280-1499,280-0810,5,NULL,1,N
BOM_280-1499,280-1499,280-1159,10,NULL,1,N
BOM_280-1499,280-1499,280-1498-27,6,NULL,1,N
BOM_280-1499,280-1499,280-1498-29,7,NULL,1,N
BOM_280-1499,280-1499,280-1498-31,8,NULL,1,N
BOM_280-1499,280-1499,280-1498-33,9,NULL,1,N
BOM_280-1499,280-1499,VirtualProduct_280-1499_A1,3,NULL,4,N
BOM_280-1524,280-1524,280-0810,5,NULL,1,N
BOM_280-1524,280-1524,280-1148,10,NULL,1,N
BOM_280-1524,280-1524,VirtualProduct_280-1524_A1,4,NULL,4,N
BOM_280-1524,280-1524,VirtualProduct_280-1524_A2,16,NULL,1,N
BOM_280-1524,280-1524,VirtualProduct_280-1524_A3,17,NULL,1,N
BOM_280-1524,280-1524,VirtualProduct_280-1524_A4,18,NULL,1,N
BOM_280-1524,280-1524,VirtualProduct_280-1524_A5,19,NULL,1,N
BOM_280-1575,280-1575,280-0810,6,NULL,1,N
BOM_280-1575,280-1575,280-1193,11,NULL,1,N
BOM_280-1575,280-1575,VirtualProduct_280-1575_A1,4,NULL,4,N
BOM_280-1575,280-1575,VirtualProduct_280-1575_A2,17,NULL,1,N
BOM_280-1575,280-1575,VirtualProduct_280-1575_A3,18,NULL,1,N
BOM_280-1575,280-1575,VirtualProduct_280-1575_A4,19,NULL,1,N
BOM_280-1575,280-1575,VirtualProduct_280-1575_A5,20,NULL,1,N
BOM_280-1593,280-1593,280-0810,6,NULL,1,N
BOM_280-1593,280-1593,280-1594,1,NULL,1,N
BOM_280-1593,280-1593,VirtualProduct_280-1593_T1,8,NULL,1,N
BOM_280-1593,280-1593,VirtualProduct_280-1593_T2,10,NULL,1,N
BOM_280-1593,280-1593,VirtualProduct_280-1593_T3,12,NULL,1,N
BOM_280-1593,280-1593,VirtualProduct_280-1593_T4,14,NULL,1,N
BOM_280-1593,280-1593,VirtualProduct_280-1593_T5,3,NULL,4,N
BOM_280-1594,280-1594,140-0851,5,NULL,1,N
BOM_280-1594,280-1594,280-0992,4,NULL,2,N
BOM_280-1594,280-1594,280-1011,5,NULL,1,N
BOM_280-1594,280-1594,280-1595,8,NULL,1,N
BOM_280-1594,280-1594,283-0098,9,NULL,1,N
BOM_280-1594,280-1594,285-0109,10,NULL,1,N
BOM_280-1594,280-1594,311-0260,11,NULL,1,N
BOM_280-1594,280-1594,504-1728,13,NULL,1,N
BOM_280-1594,280-1594,VirtualProduct_280-1594_A1,4,NULL,4,N
BOM_280-1594,280-1594,VirtualProduct_280-1594_P1,1,NULL,1,N
BOM_280-1595,280-1595,280-0431,1,NULL,2,N
BOM_280-1595,280-1595,280-0650,1,NULL,1,N
BOM_280-1595,280-1595,282-0330,10,NULL,1,N
BOM_280-1595,280-1595,282-0333,8,NULL,1,N
BOM_280-1595,280-1595,288-0001,3,NULL,1,N
BOM_280-1595,280-1595,288-0005,2,NULL,1,N
BOM_280-1595,280-1595,320-0759,4,NULL,1,N
BOM_280-1595,280-1595,321-0057,6,NULL,1,N
BOM_280-1595,280-1595,321-0058,7,NULL,1,N
BOM_280-1595,280-1595,321-0059,8,NULL,1,N
BOM_280-1600-20,280-1600-20,VirtualProduct_280-1600-20_A1,7,NULL,1,N
BOM_280-1600-20,280-1600-20,VirtualProduct_280-1600-20_B1,2,NULL,0.05,N
BOM_280-1600-20,280-1600-20,VirtualProduct_280-1600-20_C1,5,NULL,2,N
BOM_280-1638,280-1638,140-0851,8,NULL,1,N
BOM_280-1638,280-1638,280-0810,10,NULL,1,N
BOM_280-1638,280-1638,280-0992,9,NULL,2,N
BOM_280-1638,280-1638,280-1011,11,NULL,1,N
BOM_280-1638,280-1638,280-1595,1,NULL,1,N
BOM_280-1638,280-1638,283-0098,20,NULL,1,N
BOM_280-1638,280-1638,285-0109,21,NULL,1,N
BOM_280-1638,280-1638,311-0260,22,NULL,1,N
BOM_280-1638,280-1638,VirtualProduct_280-1638_T1,13,NULL,1,N
BOM_280-1638,280-1638,VirtualProduct_280-1638_T2,15,NULL,1,N
BOM_280-1638,280-1638,VirtualProduct_280-1638_T3,17,NULL,1,N
BOM_280-1638,280-1638,VirtualProduct_280-1638_T4,19,NULL,1,N
BOM_280-1638,280-1638,VirtualProduct_280-1638_T5,3,NULL,4,N
BOM_280-1638,280-1638,VirtualProduct_280-1638_T6,7,NULL,4,N
BOM_280-1638,280-1638,VirtualProduct_280-1638_T7,28,NULL,1,N
BOM_280-1663,280-1663,280-0607,11,NULL,1,N
BOM_280-1663,280-1663,280-0696,16,NULL,1,N
BOM_280-1663,280-1663,280-0810,5,NULL,1,N
BOM_280-1663,280-1663,280-0992,18,NULL,2,N
BOM_280-1663,280-1663,280-1011,17,NULL,1,N
BOM_280-1663,280-1663,280-1049-27,6,NULL,1,N
BOM_280-1663,280-1663,280-1049-29,7,NULL,1,N
BOM_280-1663,280-1663,280-1049-31,8,NULL,1,N
BOM_280-1663,280-1663,280-1049-33,9,NULL,1,N
BOM_280-1663,280-1663,320-0763,10,NULL,1,N
BOM_280-1663,280-1663,VirtualProduct_280-1663_A1,24,NULL,1,N
BOM_280-1663,280-1663,VirtualProduct_280-1663_A2,12,NULL,1,N
BOM_280-1663,280-1663,VirtualProduct_280-1663_A3,3,NULL,4,N
BOM_280-1663,280-1663,VirtualProduct_280-1663_A4,14,NULL,6,N
BOM_280-1663-R,280-1663-R,280-0607,22,NULL,1,N
BOM_280-1663-R,280-1663-R,280-0696,27,NULL,1,N
BOM_280-1663-R,280-1663-R,280-0810,5,NULL,1,N
BOM_280-1663-R,280-1663-R,280-0992,29,NULL,2,N
BOM_280-1663-R,280-1663-R,280-1011,28,NULL,1,N
BOM_280-1663-R,280-1663-R,320-0763,21,NULL,1,N
BOM_280-1663-R,280-1663-R,VirtualProduct_280-1663-R_A1,14,NULL,1,N
BOM_280-1663-R,280-1663-R,VirtualProduct_280-1663-R_A2,23,NULL,1,N
BOM_280-1663-R,280-1663-R,VirtualProduct_280-1663-R_A3,3,NULL,4,N
BOM_280-1663-R,280-1663-R,VirtualProduct_280-1663-R_A4,7,NULL,1,N
BOM_280-1663-R,280-1663-R,VirtualProduct_280-1663-R_A5,9,NULL,1,N
BOM_280-1663-R,280-1663-R,VirtualProduct_280-1663-R_A6,11,NULL,1,N
BOM_280-1663-R,280-1663-R,VirtualProduct_280-1663-R_A7,13,NULL,1,N
BOM_280-1663-R,280-1663-R,VirtualProduct_280-1663-R_A8,25,NULL,6,N
BOM_280-1786,280-1786,140-0851,3,NULL,1,N
BOM_280-1786,280-1786,280-0810,7,NULL,1,N
BOM_280-1786,280-1786,280-1787,18,NULL,1,N
BOM_280-1786,280-1786,282-0433,8,NULL,2,N
BOM_280-1786,280-1786,283-0226,19,NULL,1,N
BOM_280-1786,280-1786,284-0118,9,NULL,1,N
BOM_280-1786,280-1786,285-0109,20,NULL,1,N
BOM_280-1786,280-1786,311-0260,24,NULL,1,N
BOM_280-1786,280-1786,504-1877,27,NULL,1,N
BOM_280-1786,280-1786,VirtualProduct_280-1786_T1,10,NULL,1,N
BOM_280-1786,280-1786,VirtualProduct_280-1786_T2,12,NULL,1,N
BOM_280-1786,280-1786,VirtualProduct_280-1786_T3,14,NULL,1,N
BOM_280-1786,280-1786,VirtualProduct_280-1786_T4,16,NULL,1,N
BOM_280-1786,280-1786,VirtualProduct_280-1786_T5,5,NULL,4,N
BOM_280-1786,280-1786,VirtualProduct_280-1786_T6,1,NULL,4,N
BOM_280-1787,280-1787,280-0431,15,NULL,1,N
BOM_280-1787,280-1787,281-0070,1,NULL,1,N
BOM_280-1787,280-1787,282-0330,2,NULL,1,N
BOM_280-1787,280-1787,282-0432,3,NULL,1,N
BOM_280-1787,280-1787,288-0001,4,NULL,1,N
BOM_280-1787,280-1787,288-0134,5,NULL,1,N
BOM_280-1787,280-1787,320-0836,10,NULL,1,N
BOM_280-1787,280-1787,321-0057,11,NULL,1,N
BOM_280-1787,280-1787,321-0058,12,NULL,1,N
BOM_280-1787,280-1787,321-0059,13,NULL,1,N
BOM_280-1802,280-1802,280-0607,18,NULL,1,N
BOM_280-1802,280-1802,280-0696,22,NULL,1,N
BOM_280-1802,280-1802,280-0810,5,NULL,1,N
BOM_280-1802,280-1802,280-0992,24,NULL,2,N
BOM_280-1802,280-1802,280-1011,23,NULL,1,N
BOM_280-1802,280-1802,280-1042-27,6,NULL,1,N
BOM_280-1802,280-1802,280-1042-29,7,NULL,1,N
BOM_280-1802,280-1802,280-1042-31,8,NULL,1,N
BOM_280-1802,280-1802,280-1042-33,9,NULL,1,N
BOM_280-1802,280-1802,320-0763,17,NULL,1,N
BOM_280-1802,280-1802,VirtualProduct_280-1802_A1,3,NULL,4,N
BOM_280-1802,280-1802,VirtualProduct_280-1802_B1,12,NULL,1,N
BOM_280-1802,280-1802,VirtualProduct_280-1802_C1,20,NULL,1,N
BOM_280-1802,280-1802,VirtualProduct_280-1802_D1,27,NULL,6,N
BOM_280-1803,280-1803,280-0607,18,NULL,1,N
BOM_280-1803,280-1803,280-0696,22,NULL,1,N
BOM_280-1803,280-1803,280-0810,5,NULL,1,N
BOM_280-1803,280-1803,280-0992,24,NULL,2,N
BOM_280-1803,280-1803,280-1011,23,NULL,1,N
BOM_280-1803,280-1803,280-1086-27,6,NULL,1,N
BOM_280-1803,280-1803,280-1086-29,7,NULL,1,N
BOM_280-1803,280-1803,280-1086-31,8,NULL,1,N
BOM_280-1803,280-1803,280-1086-33,9,NULL,1,N
BOM_280-1803,280-1803,320-0763,17,NULL,1,N
BOM_280-1803,280-1803,VirtualProduct_280-1803_A1,3,NULL,4,N
BOM_280-1803,280-1803,VirtualProduct_280-1803_B1,13,NULL,1,N
BOM_280-1803,280-1803,VirtualProduct_280-1803_C1,20,NULL,1,N
BOM_280-1803,280-1803,VirtualProduct_280-1803_D1,27,NULL,6,N
BOM_280-1805,280-1805,140-0547,19,NULL,1,N
BOM_280-1805,280-1805,280-0607,18,NULL,1,N
BOM_280-1805,280-1805,280-0696,21,NULL,1,N
BOM_280-1805,280-1805,280-0810,5,NULL,1,N
BOM_280-1805,280-1805,280-0992,23,NULL,2,N
BOM_280-1805,280-1805,280-1011,22,NULL,1,N
BOM_280-1805,280-1805,280-1049-27,6,NULL,1,N
BOM_280-1805,280-1805,280-1049-29,7,NULL,1,N
BOM_280-1805,280-1805,280-1049-31,8,NULL,1,N
BOM_280-1805,280-1805,280-1049-33,9,NULL,1,N
BOM_280-1805,280-1805,320-0763,17,NULL,1,N
BOM_280-1805,280-1805,VirtualProduct_280-1805_A1,3,NULL,4,N
BOM_280-1805,280-1805,VirtualProduct_280-1805_B1,13,NULL,1,N
BOM_280-1805,280-1805,VirtualProduct_280-1805_D1,26,NULL,6,N
BOM_280-1806,280-1806,280-0607,19,NULL,1,N
BOM_280-1806,280-1806,280-0696,24,NULL,1,N
BOM_280-1806,280-1806,280-0810,5,NULL,1,N
BOM_280-1806,280-1806,280-0992,26,NULL,2,N
BOM_280-1806,280-1806,280-1011,25,NULL,1,N
BOM_280-1806,280-1806,280-1312-27,6,NULL,1,N
BOM_280-1806,280-1806,280-1312-29,7,NULL,1,N
BOM_280-1806,280-1806,280-1312-31,8,NULL,1,N
BOM_280-1806,280-1806,280-1312-33,9,NULL,1,N
BOM_280-1806,280-1806,320-0763,18,NULL,1,N
BOM_280-1806,280-1806,VirtualProduct_280-1806_A1,3,NULL,4,N
BOM_280-1806,280-1806,VirtualProduct_280-1806_B1,15,NULL,1,N
BOM_280-1806,280-1806,VirtualProduct_280-1806_C1,20,NULL,1,N
BOM_280-1806,280-1806,VirtualProduct_280-1806_D1,22,NULL,6,N
BOM_280-1806-R,280-1806-R,280-0607,17,NULL,1,N
BOM_280-1806-R,280-1806-R,280-0696,22,NULL,1,N
BOM_280-1806-R,280-1806-R,280-0810,5,NULL,1,N
BOM_280-1806-R,280-1806-R,280-0992,24,NULL,2,N
BOM_280-1806-R,280-1806-R,280-1011,23,NULL,1,N
BOM_280-1806-R,280-1806-R,320-0763,16,NULL,1,N
BOM_280-1806-R,280-1806-R,VirtualProduct_280-1806-R_A1,3,NULL,4,N
BOM_280-1806-R,280-1806-R,VirtualProduct_280-1806-R_B1,29,NULL,1,N
BOM_280-1806-R,280-1806-R,VirtualProduct_280-1806-R_C1,18,NULL,1,N
BOM_280-1806-R,280-1806-R,VirtualProduct_280-1806-R_D1,20,NULL,6,N
BOM_280-1806-R,280-1806-R,VirtualProduct_280-1806-R_E1,7,NULL,1,N
BOM_280-1806-R,280-1806-R,VirtualProduct_280-1806-R_F1,9,NULL,1,N
BOM_280-1806-R,280-1806-R,VirtualProduct_280-1806-R_G1,11,NULL,1,N
BOM_280-1806-R,280-1806-R,VirtualProduct_280-1806-R_H1,13,NULL,1,N
BOM_280-1807,280-1807,280-0607,18,NULL,1,N
BOM_280-1807,280-1807,280-0696,22,NULL,1,N
BOM_280-1807,280-1807,280-0810,5,NULL,1,N
BOM_280-1807,280-1807,280-0992,24,NULL,2,N
BOM_280-1807,280-1807,280-1011,23,NULL,1,N
BOM_280-1807,280-1807,280-1480-27,6,NULL,1,N
BOM_280-1807,280-1807,280-1480-29,7,NULL,1,N
BOM_280-1807,280-1807,280-1480-31,8,NULL,1,N
BOM_280-1807,280-1807,280-1480-33,9,NULL,1,N
BOM_280-1807,280-1807,320-0763,17,NULL,1,N
BOM_280-1807,280-1807,VirtualProduct_280-1807_A1,3,NULL,4,N
BOM_280-1807,280-1807,VirtualProduct_280-1807_B1,15,NULL,1,N
BOM_280-1807,280-1807,VirtualProduct_280-1807_C1,20,NULL,1,N
BOM_280-1807,280-1807,VirtualProduct_280-1807_D1,27,NULL,6,N
BOM_280-1811,280-1811,140-0403,16,NULL,1,N
BOM_280-1811,280-1811,280-0607,15,NULL,1,N
BOM_280-1811,280-1811,280-0810,5,NULL,1,N
BOM_280-1811,280-1811,280-0837,19,NULL,1,N
BOM_280-1811,280-1811,280-0992,21,NULL,2,N
BOM_280-1811,280-1811,280-1011,20,NULL,1,N
BOM_280-1811,280-1811,280-1049-27,6,NULL,1,N
BOM_280-1811,280-1811,280-1049-29,7,NULL,1,N
BOM_280-1811,280-1811,280-1049-31,8,NULL,1,N
BOM_280-1811,280-1811,280-1049-33,9,NULL,1,N
BOM_280-1811,280-1811,320-0763,14,NULL,1,N
BOM_280-1811,280-1811,VirtualProduct_280-1811_A1,3,NULL,4,N
BOM_280-1811,280-1811,VirtualProduct_280-1811_B1,12,NULL,1,N
BOM_280-1811,280-1811,VirtualProduct_280-1811_C1,18,NULL,3,N
BOM_280-1814,280-1814,140-0403,16,NULL,1,N
BOM_280-1814,280-1814,280-0607,15,NULL,1,N
BOM_280-1814,280-1814,280-0810,5,NULL,1,N
BOM_280-1814,280-1814,280-0837,18,NULL,1,N
BOM_280-1814,280-1814,280-0992,20,NULL,2,N
BOM_280-1814,280-1814,280-1011,19,NULL,1,N
BOM_280-1814,280-1814,280-1042-27,6,NULL,1,N
BOM_280-1814,280-1814,280-1042-29,7,NULL,1,N
BOM_280-1814,280-1814,280-1042-31,8,NULL,1,N
BOM_280-1814,280-1814,280-1042-33,9,NULL,1,N
BOM_280-1814,280-1814,320-0763,14,NULL,1,N
BOM_280-1814,280-1814,VirtualProduct_280-1814_A1,3,NULL,4,N
BOM_280-1814,280-1814,VirtualProduct_280-1814_B1,12,NULL,1,N
BOM_280-1814,280-1814,VirtualProduct_280-1814_C1,23,NULL,3,N
BOM_280-1816,280-1816,140-0403,16,NULL,1,N
BOM_280-1816,280-1816,280-0607,15,NULL,1,N
BOM_280-1816,280-1816,280-0810,5,NULL,1,N
BOM_280-1816,280-1816,280-0837,18,NULL,1,N
BOM_280-1816,280-1816,280-0992,20,NULL,2,N
BOM_280-1816,280-1816,280-1011,19,NULL,1,N
BOM_280-1816,280-1816,280-1312-27,6,NULL,1,N
BOM_280-1816,280-1816,280-1312-29,7,NULL,1,N
BOM_280-1816,280-1816,280-1312-31,8,NULL,1,N
BOM_280-1816,280-1816,280-1312-33,9,NULL,1,N
BOM_280-1816,280-1816,320-0763,14,NULL,1,N
BOM_280-1816,280-1816,VirtualProduct_280-1816_A1,3,NULL,4,N
BOM_280-1816,280-1816,VirtualProduct_280-1816_B1,13,NULL,1,N
BOM_280-1816,280-1816,VirtualProduct_280-1816_C1,23,NULL,3,N
BOM_280-1817,280-1817,140-0403,15,NULL,1,N
BOM_280-1817,280-1817,280-0607,14,NULL,1,N
BOM_280-1817,280-1817,280-0810,5,NULL,1,N
BOM_280-1817,280-1817,280-0837,17,NULL,1,N
BOM_280-1817,280-1817,280-0992,19,NULL,2,N
BOM_280-1817,280-1817,280-1011,18,NULL,1,N
BOM_280-1817,280-1817,280-1049-27,6,NULL,1,N
BOM_280-1817,280-1817,280-1049-29,7,NULL,1,N
BOM_280-1817,280-1817,280-1049-31,8,NULL,1,N
BOM_280-1817,280-1817,280-1049-33,9,NULL,1,N
BOM_280-1817,280-1817,320-0763,13,NULL,1,N
BOM_280-1817,280-1817,504-1753,12,NULL,1,N
BOM_280-1817,280-1817,VirtualProduct_280-1817_A1,3,NULL,4,N
BOM_280-1817,280-1817,VirtualProduct_280-1817_C1,22,NULL,3,N
BOM_280-1822,280-1822,140-0547,18,NULL,1,N
BOM_280-1822,280-1822,280-0607,17,NULL,1,N
BOM_280-1822,280-1822,280-0696,21,NULL,1,N
BOM_280-1822,280-1822,280-0810,6,NULL,1,N
BOM_280-1822,280-1822,280-0992,23,NULL,2,N
BOM_280-1822,280-1822,280-1011,22,NULL,1,N
BOM_280-1822,280-1822,280-1049-27,7,NULL,1,N
BOM_280-1822,280-1822,280-1049-29,8,NULL,1,N
BOM_280-1822,280-1822,280-1049-31,9,NULL,1,N
BOM_280-1822,280-1822,280-1049-33,10,NULL,1,N
BOM_280-1822,280-1822,320-0763,16,NULL,1,N
BOM_280-1822,280-1822,VirtualProduct_280-1822_A1,4,NULL,4,N
BOM_280-1822,280-1822,VirtualProduct_280-1822_A3,20,NULL,6,N
BOM_280-1822,280-1822,VirtualProduct_280-1822_B1,12,NULL,1,N
BOM_280-1826,280-1826,280-0607,16,NULL,1,N
BOM_280-1826,280-1826,280-0696,19,NULL,1,N
BOM_280-1826,280-1826,280-0810,1,NULL,1,N
BOM_280-1826,280-1826,280-0992,21,NULL,2,N
BOM_280-1826,280-1826,280-1011,20,NULL,1,N
BOM_280-1826,280-1826,280-1334-27,6,NULL,1,N
BOM_280-1826,280-1826,280-1334-29,7,NULL,1,N
BOM_280-1826,280-1826,280-1334-31,8,NULL,1,N
BOM_280-1826,280-1826,280-1334-33,9,NULL,1,N
BOM_280-1826,280-1826,320-0763,15,NULL,1,N
BOM_280-1826,280-1826,VirtualProduct_280-1826_A1,4,NULL,4,N
BOM_280-1826,280-1826,VirtualProduct_280-1826_A3,27,NULL,6,N
BOM_280-1826,280-1826,VirtualProduct_280-1826_B1,11,NULL,1,N
BOM_280-1828-CD,280-1828-CD,280-0431,1,NULL,2,N
BOM_280-1828-CD,280-1828-CD,280-0650,2,NULL,1,N
BOM_280-1828-CD,280-1828-CD,280-0698,3,NULL,1,N
BOM_280-1828-CD,280-1828-CD,282-0333,14,NULL,1,N
BOM_280-1828-CD,280-1828-CD,288-0001,4,NULL,1,N
BOM_280-1828-CD,280-1828-CD,288-0005,5,NULL,1,N
BOM_280-1828-CD,280-1828-CD,320-0759,9,NULL,1,N
BOM_280-1828-CD,280-1828-CD,321-0057,10,NULL,1,N
BOM_280-1828-CD,280-1828-CD,321-0058,11,NULL,1,N
BOM_280-1828-CD,280-1828-CD,321-0059,12,NULL,1,N
BOM_280-1878,280-1878,140-0851,3,NULL,1,N
BOM_280-1878,280-1878,280-0992,4,NULL,2,N
BOM_280-1878,280-1878,280-1011,5,NULL,1,N
BOM_280-1878,280-1878,280-1879,6,NULL,1,N
BOM_280-1878,280-1878,283-0098,7,NULL,1,N
BOM_280-1878,280-1878,285-0109,8,NULL,1,N
BOM_280-1878,280-1878,311-0260,12,NULL,1,N
BOM_280-1878,280-1878,VirtualProduct_280-1878_T6,2,NULL,4,N
BOM_280-1878,280-1878,VirtualProduct_280-1878_T7,16,NULL,1,N
BOM_280-1879,280-1879,280-0431,1,NULL,1,N
BOM_280-1879,280-1879,280-0650,2,NULL,1,N
BOM_280-1879,280-1879,282-0333,3,NULL,1,N
BOM_280-1879,280-1879,288-0005,4,NULL,1,N
BOM_280-1879,280-1879,320-0759,9,NULL,1,N
BOM_280-1879,280-1879,321-0057,10,NULL,2,N
BOM_280-1879,280-1879,321-0059,11,NULL,1,N
BOM_280-1916-CD,280-1916-CD,220-0072,1,NULL,1,N
BOM_280-1916-CD,280-1916-CD,284-0089-20,2,NULL,1,N
BOM_280-1916-CD,280-1916-CD,VirtualProduct_280-1916-CD_B1,6,NULL,2,N
BOM_280-1928,280-1928,140-0547,19,NULL,1,N
BOM_280-1928,280-1928,280-0607,18,NULL,1,N
BOM_280-1928,280-1928,280-0696,22,NULL,1,N
BOM_280-1928,280-1928,280-0810,5,NULL,1,N
BOM_280-1928,280-1928,280-0992,24,NULL,2,N
BOM_280-1928,280-1928,280-1011,23,NULL,1,N
BOM_280-1928,280-1928,280-1312-27,6,NULL,1,N
BOM_280-1928,280-1928,280-1312-29,7,NULL,1,N
BOM_280-1928,280-1928,280-1312-31,8,NULL,1,N
BOM_280-1928,280-1928,280-1312-33,9,NULL,1,N
BOM_280-1928,280-1928,320-0763,17,NULL,1,N
BOM_280-1928,280-1928,VirtualProduct_280-1928_A1,3,NULL,4,N
BOM_280-1928,280-1928,VirtualProduct_280-1928_B1,12,NULL,1,N
BOM_280-1928,280-1928,VirtualProduct_280-1928_D1,21,NULL,6,N
BOM_280-1962-CD,280-1962-CD,101-0001,1,NULL,4,N
BOM_280-1962-CD,280-1962-CD,140-0851,2,NULL,1,N
BOM_280-1962-CD,280-1962-CD,280-0810,9,NULL,1,N
BOM_280-1962-CD,280-1962-CD,280-0992,10,NULL,2,N
BOM_280-1962-CD,280-1962-CD,280-1011,11,NULL,1,N
BOM_280-1962-CD,280-1962-CD,280-1312-27,5,NULL,1,N
BOM_280-1962-CD,280-1962-CD,280-1312-29,6,NULL,1,N
BOM_280-1962-CD,280-1962-CD,280-1312-31,7,NULL,1,N
BOM_280-1962-CD,280-1962-CD,280-1312-33,8,NULL,1,N
BOM_280-1962-CD,280-1962-CD,280-1828-CD,12,NULL,1,N
BOM_280-1962-CD,280-1962-CD,285-0109,14,NULL,1,N
BOM_280-1962-CD,280-1962-CD,504-2020-CD,22,NULL,1,N
BOM_280-1962-CD,280-1962-CD,VirtualProduct_280-1962-CD_A1,4,NULL,4,N
BOM_280-1962-CD,280-1962-CD,VirtualProduct_280-1962-CD_B1,13,NULL,1,N
BOM_280-1963-CD,280-1963-CD,101-0001,1,NULL,4,N
BOM_280-1963-CD,280-1963-CD,140-0851,2,NULL,1,N
BOM_280-1963-CD,280-1963-CD,280-0810,7,NULL,1,N
BOM_280-1963-CD,280-1963-CD,280-0992,8,NULL,2,N
BOM_280-1963-CD,280-1963-CD,280-1011,9,NULL,1,N
BOM_280-1963-CD,280-1963-CD,280-1828-CD,10,NULL,1,N
BOM_280-1963-CD,280-1963-CD,285-0109,12,NULL,1,N
BOM_280-1963-CD,280-1963-CD,504-2020-CD,20,NULL,1,N
BOM_280-1963-CD,280-1963-CD,VirtualProduct_280-1963-CD_A1,22,NULL,1,N
BOM_280-1964-CD,280-1964-CD,101-0001,1,NULL,4,N
BOM_280-1964-CD,280-1964-CD,140-0851,2,NULL,1,N
BOM_280-1964-CD,280-1964-CD,280-0810,3,NULL,1,N
BOM_280-1964-CD,280-1964-CD,280-0992,4,NULL,2,N
BOM_280-1964-CD,280-1964-CD,280-1011,5,NULL,1,N
BOM_280-1964-CD,280-1964-CD,280-1828-CD,10,NULL,1,N
BOM_280-1964-CD,280-1964-CD,285-0109,12,NULL,1,N
BOM_280-1964-CD,280-1964-CD,504-2020-CD,20,NULL,1,N
BOM_280-1964-CD,280-1964-CD,VirtualProduct_280-1964-CD_A1,11,NULL,1,N
BOM_280-1965-CD,280-1965-CD,101-0001,1,NULL,4,N
BOM_280-1965-CD,280-1965-CD,140-0851,2,NULL,1,N
BOM_280-1965-CD,280-1965-CD,280-0810,5,NULL,1,N
BOM_280-1965-CD,280-1965-CD,280-0992,6,NULL,2,N
BOM_280-1965-CD,280-1965-CD,280-1011,7,NULL,1,N
BOM_280-1965-CD,280-1965-CD,280-1049-27,8,NULL,1,N
BOM_280-1965-CD,280-1965-CD,280-1049-29,9,NULL,1,N
BOM_280-1965-CD,280-1965-CD,280-1049-31,10,NULL,1,N
BOM_280-1965-CD,280-1965-CD,280-1049-33,11,NULL,1,N
BOM_280-1965-CD,280-1965-CD,280-1828-CD,12,NULL,1,N
BOM_280-1965-CD,280-1965-CD,285-0109,14,NULL,1,N
BOM_280-1965-CD,280-1965-CD,504-2020-CD,22,NULL,1,N
BOM_280-1965-CD,280-1965-CD,VirtualProduct_280-1965-CD_A1,4,NULL,4,N
BOM_280-1965-CD,280-1965-CD,VirtualProduct_280-1965-CD_B1,13,NULL,1,N
BOM_280-1973-CD,280-1973-CD,220-0072,1,NULL,1,N
BOM_280-1973-CD,280-1973-CD,320-0328,6,NULL,2,N
BOM_280-1975-CD,280-1975-CD,101-0001,1,NULL,4,N
BOM_280-1975-CD,280-1975-CD,140-0851,2,NULL,1,N
BOM_280-1975-CD,280-1975-CD,280-0992,3,NULL,2,N
BOM_280-1975-CD,280-1975-CD,280-1011,4,NULL,1,N
BOM_280-1975-CD,280-1975-CD,280-1976-CD,5,NULL,1,N
BOM_280-1975-CD,280-1975-CD,285-0109,7,NULL,1,N
BOM_280-1975-CD,280-1975-CD,504-2120-CD,12,NULL,1,N
BOM_280-1975-CD,280-1975-CD,VirtualProduct_280-1975-CD_A1,6,NULL,1,N
BOM_280-1976-CD,280-1976-CD,280-0431,1,NULL,1,N
BOM_280-1976-CD,280-1976-CD,280-0650,2,NULL,1,N
BOM_280-1976-CD,280-1976-CD,282-0333,3,NULL,1,N
BOM_280-1976-CD,280-1976-CD,288-0005,4,NULL,1,N
BOM_280-1976-CD,280-1976-CD,320-0759,8,NULL,1,N
BOM_280-1976-CD,280-1976-CD,321-0057,9,NULL,1,N
BOM_280-1976-CD,280-1976-CD,321-0059,10,NULL,1,N
BOM_280-2019-CD,280-2019-CD,280-0848,2,NULL,1,N
BOM_280-2019-CD,280-2019-CD,301-0046-CD,1,NULL,1,N
BOM_280-2169,280-2169,101-0001,17,NULL,4,N
BOM_280-2169,280-2169,140-0851,18,NULL,1,N
BOM_280-2169,280-2169,280-0607,21,NULL,1,N
BOM_280-2169,280-2169,280-0810,16,NULL,1,N
BOM_280-2169,280-2169,280-0992,19,NULL,2,N
BOM_280-2169,280-2169,280-1011,20,NULL,1,N
BOM_280-2169,280-2169,280-1595,11,NULL,1,N
BOM_280-2169,280-2169,285-0109,22,NULL,1,N
BOM_280-2169,280-2169,311-0260,23,NULL,1,N
BOM_280-2169,280-2169,VirtualProduct_280-2169_P1,2,NULL,1,N
BOM_280-2169,280-2169,VirtualProduct_280-2169_T1,4,NULL,1,N
BOM_280-2169,280-2169,VirtualProduct_280-2169_T2,6,NULL,1,N
BOM_280-2169,280-2169,VirtualProduct_280-2169_T3,8,NULL,1,N
BOM_280-2169,280-2169,VirtualProduct_280-2169_T4,10,NULL,1,N
BOM_280-2169,280-2169,VirtualProduct_280-2169_T5,13,NULL,4,N
BOM_283-0116_SUB_PCBA,283-0116,280-0981-N0,1,NULL,1,N
BOM_283-0118_SUB_PCBA,283-0118,280-0981-N3,1,NULL,1,N
BOM_283-0130_SUB_PCBA,283-0130,280-0981-N1,1,NULL,1,N
BOM_500-3301,500-3301,502-1559,NULL,NULL,1,N
BOM_500-3394,500-3394,502-1678,NULL,NULL,1,N
BOM_500-3394-05,500-3394-05,502-1733,NULL,NULL,1,N
BOM_500-3418,500-3418,502-1713,NULL,NULL,1,N
BOM_500-3490,500-3490,502-1678,NULL,NULL,1,N
BOM_500-3633,500-3633,502-1678,NULL,NULL,1,N
BOM_500-3633-01,500-3633-01,502-1693,NULL,NULL,1,N
BOM_500-3633-04,500-3633-04,502-1733,NULL,NULL,1,N
BOM_500-3644,500-3644,502-1818,NULL,NULL,1,N
BOM_500-3662,500-3662,502-1713,NULL,NULL,1,N
BOM_500-3695,500-3695,502-1713,NULL,NULL,1,N
BOM_500-3712,500-3712,502-1728,NULL,NULL,1,N
BOM_500-3717,500-3717,502-1733,NULL,NULL,1,N
BOM_500-3776-01,500-3776-01,502-1783-01,NULL,NULL,1,N
BOM_500-3776-02,500-3776-02,502-1783-02,NULL,NULL,1,N
BOM_500-3776-02-RW,500-3776-02-RW,502-1783-02-RW,NULL,NULL,1,N
BOM_500-3776-03,500-3776-03,502-1783-03,NULL,NULL,1,N
BOM_500-3776-04,500-3776-04,502-1783-04,NULL,NULL,1,N
BOM_500-3806,500-3806,502-1793,NULL,NULL,1,N
BOM_500-3816,500-3816,502-1804,NULL,NULL,1,N
BOM_500-3817,500-3817,502-1678,NULL,NULL,1,N
BOM_500-3817-01,500-3817-01,502-1693,NULL,NULL,1,N
BOM_500-3817-04,500-3817-04,VirtualProduct_500-3817-04_A2,NULL,NULL,1,N
BOM_500-3820,500-3820,502-1678,NULL,NULL,1,N
BOM_500-3820-04,500-3820-04,VirtualProduct_500-3820-04_A2,NULL,NULL,1,N
BOM_500-3822,500-3822,502-1827,NULL,NULL,1,N
BOM_500-3823,500-3823,502-1820,NULL,NULL,1,N
BOM_500-3827,500-3827,502-1783-01,NULL,NULL,1,N
BOM_500-3848,500-3848,502-1822,NULL,NULL,1,N
BOM_500-3853-01,500-3853-01,502-1824-01,NULL,NULL,1,N
BOM_500-3853-02,500-3853-02,502-1824-02,NULL,NULL,1,N
BOM_500-3853-03,500-3853-03,502-1824-03,NULL,NULL,1,N
BOM_500-3901-01,500-3901-01,502-1843,NULL,NULL,1,N
BOM_500-3901-02,500-3901-02,502-1843,NULL,NULL,1,N
BOM_500-3913,500-3913,502-1847-01,NULL,NULL,1,N
BOM_500-3913-02,500-3913-02,502-1847-02,NULL,NULL,1,N
BOM_500-3913-03,500-3913-03,502-1847-03,NULL,NULL,1,N
BOM_500-3916,500-3916,502-1847-01,NULL,NULL,1,N
BOM_500-3917,500-3917,502-1733,NULL,NULL,1,N
BOM_500-3918,500-3918,502-2346,NULL,NULL,1,N
BOM_500-3922,500-3922,502-1678,NULL,NULL,1,N
BOM_500-3925,500-3925,502-1783-01,NULL,NULL,1,N
BOM_500-3925-02,500-3925-02,502-1783-02,NULL,NULL,1,N
BOM_500-3926,500-3926,502-1824-01,NULL,NULL,1,N
BOM_500-3927,500-3927,502-1855,NULL,NULL,1,N
BOM_500-3927-02,500-3927-02,502-1855-02,NULL,NULL,1,N
BOM_500-3928,500-3928,502-1856,NULL,NULL,1,N
BOM_500-3940,500-3940,502-1853,NULL,NULL,1,N
BOM_500-3941,500-3941,502-1822,NULL,NULL,1,N
BOM_500-3943,500-3943,502-1847-01,NULL,NULL,1,N
BOM_500-3953-02,500-3953-02,502-1824-02,NULL,NULL,1,N
BOM_500-3953-06,500-3953-06,502-2219,NULL,NULL,1,N
BOM_500-3953-06-TW,500-3953-06-TW,300-0150,NULL,NULL,1,N
BOM_500-3953-06-TW,500-3953-06-TW,300-0151,NULL,NULL,1,N
BOM_500-3953-06-TW,500-3953-06-TW,300-0152,NULL,NULL,1,N
BOM_500-3953-06-TW,500-3953-06-TW,302-0004,NULL,NULL,1,N
BOM_500-3953-06-TW,500-3953-06-TW,302-0007,NULL,NULL,1,N
BOM_500-3953-06-TW,500-3953-06-TW,310-0401,NULL,NULL,1,N
BOM_500-3953-06-TW,500-3953-06-TW,310-0407,NULL,NULL,1,N
BOM_500-3953-06-TW,500-3953-06-TW,320-0284,NULL,NULL,1,N
BOM_500-3953-06-TW,500-3953-06-TW,VirtualProduct_500-3953-06-TW_A1,NULL,NULL,1,N
BOM_500-3954-01,500-3954-01,502-1824-01,NULL,NULL,1,N
BOM_500-3954-02,500-3954-02,502-1824-02,NULL,NULL,1,N
BOM_500-3954-03,500-3954-03,502-1824-03,NULL,NULL,1,N
BOM_500-3954-05,500-3954-05,502-1783-03,NULL,NULL,1,N
BOM_500-3954-06,500-3954-06,502-2219,NULL,NULL,1,N
BOM_500-3956,500-3956,502-1847-01,NULL,NULL,1,N
BOM_500-3971-02,500-3971-02,502-1824-02,NULL,NULL,1,N
BOM_500-3972-01,500-3972-01,502-1783-01,NULL,NULL,1,N
BOM_500-3972-02,500-3972-02,502-1783-02,NULL,NULL,1,N
BOM_500-3984,500-3984,502-1822,NULL,NULL,1,N
BOM_500-3986-01,500-3986-01,502-1847-01,NULL,NULL,1,N
BOM_500-3987-01,500-3987-01,502-1824-01,NULL,NULL,1,N
BOM_500-3987-02,500-3987-02,502-1824-02,NULL,NULL,1,N
BOM_500-3987-03,500-3987-03,502-1824-03,NULL,NULL,1,N
BOM_500-4001,500-4001,502-1822,NULL,NULL,1,N
BOM_500-4008,500-4008,502-1847-01,NULL,NULL,1,N
BOM_500-4011-01,500-4011-01,502-1879-01,NULL,NULL,1,N
BOM_500-4012-01,500-4012-01,502-1879-01,NULL,NULL,1,N
BOM_500-4013-01,500-4013-01,502-1880-01,NULL,NULL,1,N
BOM_500-4014-01,500-4014-01,502-1880-01,NULL,NULL,1,N
BOM_500-4021,500-4021,502-2205,NULL,NULL,1,N
BOM_500-4022-02,500-4022-02,502-1824-02,NULL,NULL,1,N
BOM_500-4023-01,500-4023-01,502-1783-01,NULL,NULL,1,N
BOM_500-4023-02,500-4023-02,502-1783-02,NULL,NULL,1,N
BOM_500-4028-01,500-4028-01,502-1908-01,NULL,NULL,1,N
BOM_500-4028-02,500-4028-02,502-1908-02,NULL,NULL,1,N
BOM_500-4037,500-4037,502-1890,NULL,NULL,1,N
BOM_500-4039-02,500-4039-02,502-1847-03,NULL,NULL,1,N
BOM_500-4046,500-4046,502-1986,NULL,NULL,1,N
BOM_500-4065-01,500-4065-01,502-1905-01,NULL,NULL,1,N
BOM_500-4066-01,500-4066-01,502-1908-01,NULL,NULL,1,N
BOM_500-4066-02,500-4066-02,502-1908-02,NULL,NULL,1,N
BOM_500-4067-01,500-4067-01,502-1908-01,NULL,NULL,1,N
BOM_500-4067-02,500-4067-02,502-1908-02,NULL,NULL,1,N
BOM_500-4074-01,500-4074-01,502-1783-01,NULL,NULL,1,N
BOM_500-4074-02,500-4074-02,502-1783-02,NULL,NULL,1,N
BOM_500-4102,500-4102,502-1892,NULL,NULL,1,N
BOM_500-4103,500-4103,502-1931,NULL,NULL,1,N
BOM_500-4106,500-4106,502-1892,NULL,NULL,1,N
BOM_500-4106-01,500-4106-01,502-1892,NULL,NULL,1,N
BOM_500-4110,500-4110,502-1678,NULL,NULL,1,N
BOM_500-4114,500-4114,502-1892,NULL,NULL,1,N
BOM_500-4128,500-4128,502-1945,NULL,NULL,1,N
BOM_500-4129,500-4129,502-1945,NULL,NULL,1,N
BOM_500-4164-02,500-4164-02,502-1783-02,NULL,NULL,1,N
BOM_500-4170,500-4170,502-1903-02,NULL,NULL,1,N
BOM_500-4189,500-4189,502-1903-02,NULL,NULL,1,N
BOM_500-4190,500-4190,502-1783-02,NULL,NULL,1,N
BOM_500-4210,500-4210,502-2219,NULL,NULL,1,N
BOM_500-4211,500-4211,502-2219,NULL,NULL,1,N
BOM_500-4212,500-4212,502-2219,NULL,NULL,1,N
BOM_500-4216,500-4216,502-1783-02,NULL,NULL,1,N
BOM_500-4218-01,500-4218-01,502-1824-01,NULL,NULL,1,N
BOM_500-4218-02,500-4218-02,502-1824-02,NULL,NULL,1,N
BOM_500-4218-03,500-4218-03,502-1824-03,NULL,NULL,1,N
BOM_500-4219-01,500-4219-01,502-1783-01,NULL,NULL,1,N
BOM_500-4219-02,500-4219-02,502-1783-02,NULL,NULL,1,N
BOM_500-4219-03,500-4219-03,502-1783-03,NULL,NULL,1,N
BOM_500-4219-04,500-4219-04,502-1783-04,NULL,NULL,1,N
BOM_500-4232,500-4232,502-1905-01,NULL,NULL,1,N
BOM_500-4233,500-4233,502-1905-01,NULL,NULL,1,N
BOM_500-4290,500-4290,502-2002,NULL,NULL,1,N
BOM_500-4291,500-4291,502-2002,NULL,NULL,1,N
BOM_500-4292,500-4292,502-2003,NULL,NULL,1,N
BOM_500-4293,500-4293,502-2003,NULL,NULL,1,N
BOM_500-4294-02,500-4294-02,502-2377,NULL,NULL,1,N
BOM_500-4294-02-TW,500-4294-02-TW,300-0150,NULL,NULL,1,N
BOM_500-4294-02-TW,500-4294-02-TW,300-0151,NULL,NULL,1,N
BOM_500-4294-02-TW,500-4294-02-TW,300-0152,NULL,NULL,1,N
BOM_500-4294-02-TW,500-4294-02-TW,302-0004,NULL,NULL,2,N
BOM_500-4294-02-TW,500-4294-02-TW,302-0007,NULL,NULL,2,N
BOM_500-4294-02-TW,500-4294-02-TW,310-0401,NULL,NULL,1,N
BOM_500-4294-02-TW,500-4294-02-TW,311-0244,NULL,NULL,2,N
BOM_500-4294-02-TW,500-4294-02-TW,311-0276,NULL,NULL,2,N
BOM_500-4294-02-TW,500-4294-02-TW,320-0284,NULL,NULL,2,N
BOM_500-4294-02-TW,500-4294-02-TW,VirtualProduct_500-4294-02-TW_A1,NULL,NULL,1,N
BOM_500-4294-02-TW,500-4294-02-TW,VirtualProduct_500-4294-02-TW_A2,NULL,NULL,1,N
BOM_500-4295-02,500-4295-02,502-2377,NULL,NULL,1,N
BOM_500-4295-02-TW,500-4295-02-TW,300-0150,NULL,NULL,1,N
BOM_500-4295-02-TW,500-4295-02-TW,300-0151,NULL,NULL,1,N
BOM_500-4295-02-TW,500-4295-02-TW,300-0152,NULL,NULL,1,N
BOM_500-4295-02-TW,500-4295-02-TW,302-0004,NULL,NULL,2,N
BOM_500-4295-02-TW,500-4295-02-TW,302-0007,NULL,NULL,2,N
BOM_500-4295-02-TW,500-4295-02-TW,310-0401,NULL,NULL,1,N
BOM_500-4295-02-TW,500-4295-02-TW,311-0244,NULL,NULL,2,N
BOM_500-4295-02-TW,500-4295-02-TW,311-0276,NULL,NULL,2,N
BOM_500-4295-02-TW,500-4295-02-TW,320-0284,NULL,NULL,2,N
BOM_500-4295-02-TW,500-4295-02-TW,VirtualProduct_500-4295-02-TW_A1,NULL,NULL,1,N
BOM_500-4295-02-TW,500-4295-02-TW,VirtualProduct_500-4295-02-TW_A2,NULL,NULL,1,N
BOM_500-4296-02,500-4296-02,502-1824-02,NULL,NULL,1,N
BOM_500-4297-02,500-4297-02,502-1824-02,NULL,NULL,1,N
BOM_500-4305,500-4305,502-1783-01,NULL,NULL,1,N
BOM_500-4306,500-4306,502-1783-02,NULL,NULL,1,N
BOM_500-4323,500-4323,502-2021,NULL,NULL,1,N
BOM_500-4324,500-4324,502-2023,NULL,NULL,1,N
BOM_500-4325,500-4325,502-2023,NULL,NULL,1,N
BOM_500-4326,500-4326,502-2003,NULL,NULL,1,N
BOM_500-4327,500-4327,502-2003,NULL,NULL,1,N
BOM_500-4329,500-4329,502-2003,NULL,NULL,1,N
BOM_500-4330,500-4330,502-2003,NULL,NULL,1,N
BOM_500-4331,500-4331,502-2002,NULL,NULL,1,N
BOM_500-4332,500-4332,502-2002,NULL,NULL,1,N
BOM_500-4333,500-4333,502-2002,NULL,NULL,1,N
BOM_500-4336,500-4336,502-2002,NULL,NULL,1,N
BOM_500-4337,500-4337,502-2022,NULL,NULL,1,N
BOM_500-4338,500-4338,502-2025,NULL,NULL,1,N
BOM_500-4339,500-4339,502-2026,NULL,NULL,1,N
BOM_500-4341,500-4341,502-2003,NULL,NULL,1,N
BOM_500-4342,500-4342,502-2003,NULL,NULL,1,N
BOM_500-4376,500-4376,502-1892,NULL,NULL,1,N
BOM_500-4377,500-4377,502-2204,NULL,NULL,1,N
BOM_500-4378,500-4378,502-2346,NULL,NULL,1,N
BOM_500-4393-01,500-4393-01,502-1783-01,NULL,NULL,1,N
BOM_500-4393-02,500-4393-02,502-1783-02,NULL,NULL,1,N
BOM_500-4393-03,500-4393-03,502-1783-03,NULL,NULL,1,N
BOM_500-4393-04,500-4393-04,502-1783-04,NULL,NULL,1,N
BOM_500-4465,500-4465,502-1892,NULL,NULL,1,N
BOM_500-4483,500-4483,502-2219,NULL,NULL,1,N
BOM_500-4494,500-4494,502-1783-02,NULL,NULL,1,N
BOM_500-4515,500-4515,502-1855-02,NULL,NULL,1,N
BOM_500-4516,500-4516,502-2025,NULL,NULL,1,N
BOM_500-4519,500-4519,502-2107,NULL,NULL,1,N
BOM_500-4537,500-4537,502-2109,NULL,NULL,1,N
BOM_500-4561,500-4561,502-2119,NULL,NULL,1,N
BOM_500-4562,500-4562,502-2119,NULL,NULL,1,N
BOM_500-4587,500-4587,502-1783-02,NULL,NULL,1,N
BOM_500-4607,500-4607,502-2003,NULL,NULL,1,N
BOM_500-4607-TW,500-4607-TW,260-0199,NULL,NULL,1,N
BOM_500-4607-TW,500-4607-TW,300-0150,NULL,NULL,1,N
BOM_500-4607-TW,500-4607-TW,300-0151,NULL,NULL,1,N
BOM_500-4607-TW,500-4607-TW,300-0152,NULL,NULL,1,N
BOM_500-4607-TW,500-4607-TW,302-0004,NULL,NULL,1,N
BOM_500-4607-TW,500-4607-TW,302-0007,NULL,NULL,1,N
BOM_500-4607-TW,500-4607-TW,310-0401,NULL,NULL,1,N
BOM_500-4607-TW,500-4607-TW,310-0407,NULL,NULL,1,N
BOM_500-4607-TW,500-4607-TW,320-0284,NULL,NULL,1,N
BOM_500-4608,500-4608,502-2003,NULL,NULL,1,N
BOM_500-4609,500-4609,502-2003,NULL,NULL,1,N
BOM_500-4610,500-4610,502-2003,NULL,NULL,1,N
BOM_500-4611,500-4611,502-2209,NULL,NULL,1,N
BOM_500-4623,500-4623,502-1783-02,NULL,NULL,1,N
BOM_500-4624,500-4624,502-2003,NULL,NULL,1,N
BOM_500-4639,500-4639,502-2119,NULL,NULL,1,N
BOM_500-4640,500-4640,502-2119,NULL,NULL,1,N
BOM_500-4672,500-4672,502-2346,NULL,NULL,1,N
BOM_500-4692,500-4692,502-2178,NULL,NULL,1,N
BOM_500-4693,500-4693,502-2298,NULL,NULL,1,N
BOM_500-4703,500-4703,502-2003,NULL,NULL,1,N
BOM_500-4709,500-4709,502-2003,NULL,NULL,1,N
BOM_500-4752,500-4752,502-2119,NULL,NULL,1,N
BOM_500-4753,500-4753,502-2119,NULL,NULL,1,N
BOM_500-4773,500-4773,502-2241,NULL,NULL,1,N
BOM_500-4779,500-4779,502-2119,NULL,NULL,1,N
BOM_500-4791,500-4791,502-2119,NULL,NULL,1,N
BOM_500-4792,500-4792,502-2119,NULL,NULL,1,N
BOM_500-4793,500-4793,502-2119,NULL,NULL,1,N
BOM_500-4794,500-4794,502-2119,NULL,NULL,1,N
BOM_500-4835,500-4835,502-2617,NULL,NULL,1,N
BOM_500-4847,500-4847,502-2003,NULL,NULL,1,N
BOM_500-4850,500-4850,502-2276,NULL,NULL,1,N
BOM_500-4888,500-4888,502-2003,NULL,NULL,1,N
BOM_500-4889,500-4889,502-1783-02,NULL,NULL,1,N
BOM_500-4890,500-4890,502-2776,NULL,NULL,1,N
BOM_500-4910,500-4910,502-2276,NULL,NULL,1,N
BOM_500-4912,500-4912,502-2304,NULL,NULL,1,N
BOM_500-4925,500-4925,502-2502,NULL,NULL,1,N
BOM_500-4955,500-4955,502-2502,NULL,NULL,1,N
BOM_500-4956,500-4956,502-3207,NULL,NULL,1,N
BOM_500-4957,500-4957,502-2304,NULL,NULL,1,N
BOM_500-4961_502-2339,500-4961,502-2339,1,502-2339,1,N
BOM_500-4961-001,500-4961-001,220-0230-001,NULL,NULL,1,N
BOM_500-4961-001,500-4961-001,502-2339,NULL,NULL,1,N
BOM_500-4961-002,500-4961-002,220-0230-002,NULL,NULL,1,N
BOM_500-4961-002,500-4961-002,502-2339,NULL,NULL,1,N
BOM_500-4961-003,500-4961-003,502-2339,NULL,NULL,1,N
BOM_500-4961-003,500-4961-003,VirtualProduct_500-4961-003_A1,NULL,NULL,1,N
BOM_500-4961-005,500-4961-005,502-2339,NULL,NULL,1,N
BOM_500-4961-005,500-4961-005,VirtualProduct_500-4961-005_A1,NULL,NULL,1,N
BOM_500-4961-007,500-4961-007,502-2339,NULL,NULL,1,N
BOM_500-4961-007,500-4961-007,VirtualProduct_500-4961-007_A1,NULL,NULL,1,N
BOM_500-4961-010,500-4961-010,502-2339,NULL,NULL,1,N
BOM_500-4961-010,500-4961-010,VirtualProduct_500-4961-010_A1,NULL,NULL,1,N
BOM_500-4961-015,500-4961-015,220-0230-015,NULL,NULL,1,N
BOM_500-4961-015,500-4961-015,502-2339,NULL,NULL,1,N
BOM_500-4961-020,500-4961-020,502-2339,NULL,NULL,1,N
BOM_500-4961-030,500-4961-030,502-2339,NULL,NULL,1,N
BOM_500-4961-030,500-4961-030,VirtualProduct_500-4961-030_A1,NULL,NULL,1,N
BOM_500-4962_502-2515,500-4962,502-2515,1,502-2515,1,N
BOM_500-4962-010,500-4962-010,502-2515,NULL,NULL,1,N
BOM_500-4962-010,500-4962-010,VirtualProduct_500-4962-010_A1,NULL,NULL,1,N
BOM_500-4962-020,500-4962-020,502-2515,NULL,NULL,1,N
BOM_500-4962-0P5,500-4962-0P5,502-2515,NULL,NULL,1,N
BOM_500-4973,500-4973,502-2241,NULL,NULL,1,N
BOM_500-4987,500-4987,502-1855-02,NULL,NULL,1,N
BOM_500-5008,500-5008,502-2376,NULL,NULL,1,N
BOM_500-5008-TW,500-5008-TW,260-0199,NULL,NULL,1,N
BOM_500-5008-TW,500-5008-TW,300-0150,NULL,NULL,1,N
BOM_500-5008-TW,500-5008-TW,300-0151,NULL,NULL,1,N
BOM_500-5008-TW,500-5008-TW,300-0152,NULL,NULL,1,N
BOM_500-5008-TW,500-5008-TW,302-0004,NULL,NULL,2,N
BOM_500-5008-TW,500-5008-TW,302-0007,NULL,NULL,2,N
BOM_500-5008-TW,500-5008-TW,310-0401,NULL,NULL,1,N
BOM_500-5008-TW,500-5008-TW,311-0244,NULL,NULL,2,N
BOM_500-5008-TW,500-5008-TW,311-0276,NULL,NULL,2,N
BOM_500-5008-TW,500-5008-TW,320-0284,NULL,NULL,2,N
BOM_500-5008-TW,500-5008-TW,VirtualProduct_500-5008-TW_A2,NULL,NULL,1,N
BOM_500-5009,500-5009,502-2376,NULL,NULL,1,N
BOM_500-5009-TW,500-5009-TW,260-0199,NULL,NULL,1,N
BOM_500-5009-TW,500-5009-TW,300-0150,NULL,NULL,1,N
BOM_500-5009-TW,500-5009-TW,300-0151,NULL,NULL,1,N
BOM_500-5009-TW,500-5009-TW,300-0152,NULL,NULL,1,N
BOM_500-5009-TW,500-5009-TW,302-0004,NULL,NULL,2,N
BOM_500-5009-TW,500-5009-TW,302-0007,NULL,NULL,2,N
BOM_500-5009-TW,500-5009-TW,310-0401,NULL,NULL,1,N
BOM_500-5009-TW,500-5009-TW,311-0244,NULL,NULL,2,N
BOM_500-5009-TW,500-5009-TW,311-0276,NULL,NULL,2,N
BOM_500-5009-TW,500-5009-TW,320-0284,NULL,NULL,2,N
BOM_500-5009-TW,500-5009-TW,VirtualProduct_500-5009-TW_A2,NULL,NULL,1,N
BOM_500-5010,500-5010,502-2375,NULL,NULL,1,N
BOM_500-5030,500-5030,502-2388,NULL,NULL,1,N
BOM_500-5031,500-5031,502-2389,NULL,NULL,1,N
BOM_500-5054,500-5054,502-2003,NULL,NULL,1,N
BOM_500-5056,500-5056,502-2178,NULL,NULL,1,N
BOM_500-5057,500-5057,502-2178,NULL,NULL,1,N
BOM_500-5059,500-5059,502-2178,NULL,NULL,1,N
BOM_500-5060,500-5060,502-2178,NULL,NULL,1,N
BOM_500-5071-TW,500-5071-TW,260-0278,NULL,NULL,1,N
BOM_500-5071-TW,500-5071-TW,300-0150,NULL,NULL,1,N
BOM_500-5071-TW,500-5071-TW,300-0151,NULL,NULL,1,N
BOM_500-5071-TW,500-5071-TW,300-0152,NULL,NULL,1,N
BOM_500-5071-TW,500-5071-TW,302-0004,NULL,NULL,2,N
BOM_500-5071-TW,500-5071-TW,302-0007,NULL,NULL,2,N
BOM_500-5071-TW,500-5071-TW,310-0401,NULL,NULL,1,N
BOM_500-5071-TW,500-5071-TW,311-0244,NULL,NULL,2,N
BOM_500-5071-TW,500-5071-TW,311-0276,NULL,NULL,2,N
BOM_500-5071-TW,500-5071-TW,320-0284,NULL,NULL,2,N
BOM_500-5071-TW,500-5071-TW,VirtualProduct_500-5071-TW_A2,NULL,NULL,1,N
BOM_500-5096,500-5096,502-2404,NULL,NULL,1,N
BOM_500-5101,500-5101,502-2219,NULL,NULL,1,N
BOM_500-5102,500-5102,502-2534,NULL,NULL,1,N
BOM_500-5149,500-5149,502-2426,NULL,NULL,1,N
BOM_500-5160,500-5160,502-2119,NULL,NULL,1,N
BOM_500-5172,500-5172,502-2437,NULL,NULL,1,N
BOM_500-5178,500-5178,502-1783-02,NULL,NULL,1,N
BOM_500-5196,500-5196,502-2178,NULL,NULL,1,N
BOM_500-5197,500-5197,502-2119,NULL,NULL,1,N
BOM_500-5202_502-2516,500-5202,502-2516,1,502-2516,1,N
BOM_500-5202-005,500-5202-005,502-2516,NULL,NULL,3,N
BOM_500-5202-007,500-5202-007,502-2516,NULL,NULL,3,N
BOM_500-5202-010,500-5202-010,502-2516,NULL,NULL,3,N
BOM_500-5202-020,500-5202-020,502-2516,NULL,NULL,3,N
BOM_500-5215_502-2515,500-5215,502-2515,1,502-2515,1,N
BOM_500-5215-010,500-5215-010,502-2515,NULL,NULL,1,N
BOM_500-5215-010,500-5215-010,VirtualProduct_500-5215-010_A1,NULL,NULL,1,N
BOM_500-5216_502-2461,500-5216,502-2461,1,502-2461,1,N
BOM_500-5216-003,500-5216-003,502-2461,NULL,NULL,1,N
BOM_500-5216-003,500-5216-003,VirtualProduct_500-5216-003_A1,NULL,NULL,1,N
BOM_500-5216-005,500-5216-005,502-2461,NULL,NULL,1,N
BOM_500-5216-005,500-5216-005,VirtualProduct_500-5216-005_A1,NULL,NULL,1,N
BOM_500-5216-007,500-5216-007,502-2461,NULL,NULL,1,N
BOM_500-5216-007,500-5216-007,VirtualProduct_500-5216-007_A1,NULL,NULL,1,N
BOM_500-5216-010,500-5216-010,502-2461,NULL,NULL,1,N
BOM_500-5216-010,500-5216-010,VirtualProduct_500-5216-010_A1,NULL,NULL,1,N
BOM_500-5216-030,500-5216-030,502-2461,NULL,NULL,1,N
BOM_500-5216-030,500-5216-030,VirtualProduct_500-5216-030_A1,NULL,NULL,1,N
BOM_500-5274,500-5274,502-2488,NULL,NULL,1,N
BOM_500-5275,500-5275,502-2488,NULL,NULL,1,N
BOM_500-5281,500-5281,502-2003,NULL,NULL,1,N
BOM_500-5282,500-5282,502-1783-02,NULL,NULL,1,N
BOM_500-5329,500-5329,502-2488,NULL,NULL,1,N
BOM_500-5359,500-5359,502-2523,NULL,NULL,1,N
BOM_500-5384,500-5384,502-2502,NULL,NULL,1,N
BOM_500-5387,500-5387,502-1783-02,NULL,NULL,1,N
BOM_500-5391_502-2588,500-5391,502-2588,1,502-2588,1,N
BOM_500-5391-001,500-5391-001,310-0494-001,NULL,NULL,2,N
BOM_500-5391-001,500-5391-001,502-2588,NULL,NULL,1,N
BOM_500-5391-001,500-5391-001,VirtualProduct_500-5391-001_A1,NULL,NULL,1,N
BOM_500-5391-002,500-5391-002,310-0494-002,NULL,NULL,2,N
BOM_500-5391-002,500-5391-002,502-2588,NULL,NULL,1,N
BOM_500-5391-002,500-5391-002,VirtualProduct_500-5391-002_A1,NULL,NULL,1,N
BOM_500-5391-003,500-5391-003,310-0494-003,NULL,NULL,2,N
BOM_500-5391-003,500-5391-003,502-2588,NULL,NULL,1,N
BOM_500-5391-003,500-5391-003,VirtualProduct_500-5391-003_A1,NULL,NULL,1,N
BOM_500-5391-005,500-5391-005,502-2588,NULL,NULL,1,N
BOM_500-5391-005,500-5391-005,VirtualProduct_500-5391-005_A1,NULL,NULL,1,N
BOM_500-5391-007,500-5391-007,310-0494-007,NULL,NULL,2,N
BOM_500-5391-007,500-5391-007,502-2588,NULL,NULL,1,N
BOM_500-5391-007,500-5391-007,VirtualProduct_500-5391-007_A1,NULL,NULL,1,N
BOM_500-5391-010,500-5391-010,310-0494-010,NULL,NULL,2,N
BOM_500-5391-010,500-5391-010,502-2588,NULL,NULL,1,N
BOM_500-5391-010,500-5391-010,VirtualProduct_500-5391-010_A1,NULL,NULL,1,N
BOM_500-5391-015,500-5391-015,310-0494-015,NULL,NULL,2,N
BOM_500-5391-015,500-5391-015,502-2588,NULL,NULL,1,N
BOM_500-5391-015,500-5391-015,VirtualProduct_500-5391-015_A1,NULL,NULL,1,N
BOM_500-5391-020,500-5391-020,310-0494-020,NULL,NULL,2,N
BOM_500-5391-020,500-5391-020,502-2588,NULL,NULL,1,N
BOM_500-5391-025,500-5391-025,310-0494-020,NULL,NULL,2,N
BOM_500-5391-025,500-5391-025,502-2588,NULL,NULL,1,N
BOM_500-5391-030,500-5391-030,280-0845-030,NULL,NULL,1,N
BOM_500-5391-030,500-5391-030,310-0494-020,NULL,NULL,2,N
BOM_500-5391-030,500-5391-030,502-2588,NULL,NULL,1,N
BOM_500-5392,500-5392,502-2547,NULL,NULL,1,N
BOM_500-5393,500-5393,502-2545,NULL,NULL,1,N
BOM_500-5394,500-5394,502-2546,NULL,NULL,1,N
BOM_500-5423,500-5423,502-3188,NULL,NULL,1,N
BOM_500-5424,500-5424,502-3189,NULL,NULL,1,N
BOM_500-5481,500-5481,502-2590,NULL,NULL,1,N
BOM_500-5495_502-2588,500-5495,502-2588,1,502-2588,1,N
BOM_500-5495-001,500-5495-001,310-0494-001,NULL,NULL,2,N
BOM_500-5495-001,500-5495-001,502-2588,NULL,NULL,1,N
BOM_500-5495-001,500-5495-001,VirtualProduct_500-5495-001_A1,NULL,NULL,1,N
BOM_500-5495-002,500-5495-002,310-0494-002,NULL,NULL,2,N
BOM_500-5495-002,500-5495-002,502-2588,NULL,NULL,1,N
BOM_500-5495-002,500-5495-002,VirtualProduct_500-5495-002_A1,NULL,NULL,1,N
BOM_500-5495-003,500-5495-003,310-0494-003,NULL,NULL,2,N
BOM_500-5495-003,500-5495-003,502-2588,NULL,NULL,1,N
BOM_500-5495-003,500-5495-003,VirtualProduct_500-5495-003_A1,NULL,NULL,1,N
BOM_500-5495-005,500-5495-005,502-2588,NULL,NULL,1,N
BOM_500-5495-005,500-5495-005,VirtualProduct_500-5495-005_A1,NULL,NULL,1,N
BOM_500-5495-007,500-5495-007,310-0494-007,NULL,NULL,2,N
BOM_500-5495-007,500-5495-007,502-2588,NULL,NULL,1,N
BOM_500-5495-007,500-5495-007,VirtualProduct_500-5495-007_A1,NULL,NULL,1,N
BOM_500-5495-010,500-5495-010,310-0494-010,NULL,NULL,2,N
BOM_500-5495-010,500-5495-010,502-2588,NULL,NULL,1,N
BOM_500-5495-010,500-5495-010,VirtualProduct_500-5495-010_A1,NULL,NULL,1,N
BOM_500-5495-015,500-5495-015,310-0494-015,NULL,NULL,2,N
BOM_500-5495-015,500-5495-015,502-2588,NULL,NULL,1,N
BOM_500-5495-015,500-5495-015,VirtualProduct_500-5495-015_A1,NULL,NULL,1,N
BOM_500-5495-020,500-5495-020,310-0494-020,NULL,NULL,2,N
BOM_500-5495-020,500-5495-020,502-2588,NULL,NULL,1,N
BOM_500-5495-025,500-5495-025,310-0494-020,NULL,NULL,2,N
BOM_500-5495-025,500-5495-025,502-2588,NULL,NULL,1,N
BOM_500-5495-025,500-5495-025,VirtualProduct_500-5495-025_A1,NULL,NULL,1,N
BOM_500-5495-030,500-5495-030,310-0494-020,NULL,NULL,2,N
BOM_500-5495-030,500-5495-030,502-2588,NULL,NULL,1,N
BOM_500-5495-030,500-5495-030,VirtualProduct_500-5495-030_A1,NULL,NULL,1,N
BOM_500-5499,500-5499,502-2602,NULL,NULL,1,N
BOM_500-5500,500-5500,502-2603,NULL,NULL,1,N
BOM_500-5522,500-5522,502-2308,NULL,NULL,1,N
BOM_500-5523,500-5523,502-2119,NULL,NULL,1,N
BOM_500-5529,500-5529,502-2619,NULL,NULL,1,N
BOM_500-5530,500-5530,502-2241,NULL,NULL,1,N
BOM_500-5531,500-5531,502-2241,NULL,NULL,1,N
BOM_500-5550,500-5550,502-3207,NULL,NULL,1,N
BOM_500-5586,500-5586,VirtualProduct_500-5586_A1,NULL,NULL,1,N
BOM_500-5594,500-5594,502-2502,NULL,NULL,1,N
BOM_500-5595,500-5595,502-2304,NULL,NULL,1,N
BOM_500-5596,500-5596,502-2304,NULL,NULL,1,N
BOM_500-5601,500-5601,502-3093,NULL,NULL,1,N
BOM_500-5602,500-5602,502-2178,NULL,NULL,1,N
BOM_500-5603,500-5603,502-2298,NULL,NULL,1,N
BOM_500-5604,500-5604,502-2119,NULL,NULL,1,N
BOM_500-5605,500-5605,502-2617,NULL,NULL,1,N
BOM_500-5610,500-5610,502-2241,NULL,NULL,1,N
BOM_500-5614_502-2638,500-5614,502-2638,1,502-2638,1,N
BOM_500-5614-001,500-5614-001,310-0494-001,NULL,NULL,2,N
BOM_500-5614-001,500-5614-001,502-2638,NULL,NULL,1,N
BOM_500-5614-001,500-5614-001,VirtualProduct_500-5614-001_A1,NULL,NULL,1,N
BOM_500-5614-002,500-5614-002,310-0494-002,NULL,NULL,2,N
BOM_500-5614-002,500-5614-002,502-2638,NULL,NULL,1,N
BOM_500-5614-002,500-5614-002,VirtualProduct_500-5614-002_A1,NULL,NULL,1,N
BOM_500-5614-003,500-5614-003,310-0494-003,NULL,NULL,2,N
BOM_500-5614-003,500-5614-003,502-2638,NULL,NULL,1,N
BOM_500-5614-003,500-5614-003,VirtualProduct_500-5614-003_A1,NULL,NULL,1,N
BOM_500-5614-005,500-5614-005,502-2638,NULL,NULL,1,N
BOM_500-5614-005,500-5614-005,VirtualProduct_500-5614-005_A1,NULL,NULL,1,N
BOM_500-5614-007,500-5614-007,310-0494-007,NULL,NULL,2,N
BOM_500-5614-007,500-5614-007,502-2638,NULL,NULL,1,N
BOM_500-5614-007,500-5614-007,VirtualProduct_500-5614-007_A1,NULL,NULL,1,N
BOM_500-5614-010,500-5614-010,310-0494-010,NULL,NULL,2,N
BOM_500-5614-010,500-5614-010,502-2638,NULL,NULL,1,N
BOM_500-5614-010,500-5614-010,VirtualProduct_500-5614-010_A1,NULL,NULL,1,N
BOM_500-5614-015,500-5614-015,310-0494-015,NULL,NULL,2,N
BOM_500-5614-015,500-5614-015,502-2638,NULL,NULL,1,N
BOM_500-5614-015,500-5614-015,VirtualProduct_500-5614-015_A1,NULL,NULL,1,N
BOM_500-5614-020,500-5614-020,310-0494-020,NULL,NULL,2,N
BOM_500-5614-020,500-5614-020,502-2638,NULL,NULL,1,N
BOM_500-5614-025,500-5614-025,310-0494-020,NULL,NULL,2,N
BOM_500-5614-025,500-5614-025,502-2638,NULL,NULL,1,N
BOM_500-5614-025,500-5614-025,VirtualProduct_500-5614-025_A1,NULL,NULL,1,N
BOM_500-5614-030,500-5614-030,310-0494-020,NULL,NULL,2,N
BOM_500-5614-030,500-5614-030,502-2638,NULL,NULL,1,N
BOM_500-5614-030,500-5614-030,VirtualProduct_500-5614-030_A1,NULL,NULL,1,N
BOM_500-5615_502-2638,500-5615,502-2638,1,502-2638,1,N
BOM_500-5615-001,500-5615-001,310-0494-001,NULL,NULL,2,N
BOM_500-5615-001,500-5615-001,502-2638,NULL,NULL,1,N
BOM_500-5615-001,500-5615-001,VirtualProduct_500-5615-001_A1,NULL,NULL,1,N
BOM_500-5615-002,500-5615-002,310-0494-002,NULL,NULL,2,N
BOM_500-5615-002,500-5615-002,502-2638,NULL,NULL,1,N
BOM_500-5615-002,500-5615-002,VirtualProduct_500-5615-002_A1,NULL,NULL,1,N
BOM_500-5615-003,500-5615-003,310-0494-003,NULL,NULL,2,N
BOM_500-5615-003,500-5615-003,502-2638,NULL,NULL,1,N
BOM_500-5615-003,500-5615-003,VirtualProduct_500-5615-003_A1,NULL,NULL,1,N
BOM_500-5615-005,500-5615-005,502-2638,NULL,NULL,1,N
BOM_500-5615-005,500-5615-005,VirtualProduct_500-5615-005_A1,NULL,NULL,1,N
BOM_500-5615-007,500-5615-007,310-0494-007,NULL,NULL,2,N
BOM_500-5615-007,500-5615-007,502-2638,NULL,NULL,1,N
BOM_500-5615-007,500-5615-007,VirtualProduct_500-5615-007_A1,NULL,NULL,1,N
BOM_500-5615-010,500-5615-010,310-0494-010,NULL,NULL,2,N
BOM_500-5615-010,500-5615-010,502-2638,NULL,NULL,1,N
BOM_500-5615-010,500-5615-010,VirtualProduct_500-5615-010_A1,NULL,NULL,1,N
BOM_500-5615-015,500-5615-015,310-0494-015,NULL,NULL,2,N
BOM_500-5615-015,500-5615-015,502-2638,NULL,NULL,1,N
BOM_500-5615-015,500-5615-015,VirtualProduct_500-5615-015_A1,NULL,NULL,1,N
BOM_500-5615-020,500-5615-020,310-0494-020,NULL,NULL,2,N
BOM_500-5615-020,500-5615-020,502-2638,NULL,NULL,1,N
BOM_500-5615-025,500-5615-025,310-0494-020,NULL,NULL,2,N
BOM_500-5615-025,500-5615-025,502-2638,NULL,NULL,1,N
BOM_500-5615-025,500-5615-025,VirtualProduct_500-5615-025_A1,NULL,NULL,1,N
BOM_500-5615-030,500-5615-030,310-0494-020,NULL,NULL,2,N
BOM_500-5615-030,500-5615-030,502-2638,NULL,NULL,1,N
BOM_500-5615-030,500-5615-030,VirtualProduct_500-5615-030_A1,NULL,NULL,1,N
BOM_500-5633_502-2648,500-5633,502-2648,1,502-2648,1,N
BOM_500-5633-003,500-5633-003,502-2648,NULL,NULL,1,N
BOM_500-5633-003,500-5633-003,VirtualProduct_500-5633-003_A1,NULL,NULL,1,N
BOM_500-5633-005,500-5633-005,502-2648,NULL,NULL,1,N
BOM_500-5633-005,500-5633-005,VirtualProduct_500-5633-005_A1,NULL,NULL,1,N
BOM_500-5633-007,500-5633-007,502-2648,NULL,NULL,1,N
BOM_500-5633-007,500-5633-007,VirtualProduct_500-5633-007_A1,NULL,NULL,1,N
BOM_500-5633-010,500-5633-010,502-2648,NULL,NULL,1,N
BOM_500-5633-010,500-5633-010,VirtualProduct_500-5633-010_A1,NULL,NULL,1,N
BOM_500-5633-020,500-5633-020,502-2648,NULL,NULL,1,N
BOM_500-5633-030,500-5633-030,502-2648,NULL,NULL,1,N
BOM_500-5633-030,500-5633-030,VirtualProduct_500-5633-030_A1,NULL,NULL,1,N
BOM_500-5634,500-5634,502-2647,NULL,NULL,1,N
BOM_500-5679,500-5679,502-2376,NULL,NULL,1,N
BOM_500-5680,500-5680,502-2377,NULL,NULL,1,N
BOM_500-5703,500-5703,502-2730,NULL,NULL,1,N
BOM_500-5773,500-5773,502-3207,NULL,NULL,1,N
BOM_500-5782,500-5782,502-2708,NULL,NULL,1,N
BOM_500-5785,500-5785,502-2709,NULL,NULL,1,N
BOM_500-5800,500-5800,502-2723,NULL,NULL,1,N
BOM_500-5818,500-5818,502-2729,NULL,NULL,1,N
BOM_500-5819,500-5819,502-2806,NULL,NULL,1,N
BOM_500-5850,500-5850,502-2502,NULL,NULL,1,N
BOM_500-5851,500-5851,VirtualProduct_500-5851_A1,NULL,NULL,1,N
BOM_500-5854,500-5854,502-2304,NULL,NULL,1,N
BOM_500-5934,500-5934,502-2783,NULL,NULL,1,N
BOM_500-5935,500-5935,502-2784,NULL,NULL,1,N
BOM_500-5957,500-5957,502-2795,NULL,NULL,1,N
BOM_500-5958,500-5958,502-2523,NULL,NULL,1,N
BOM_500-5987,500-5987,502-2810,NULL,NULL,1,N
BOM_500-5988,500-5988,VirtualProduct_500-5988_A1,NULL,NULL,1,N
BOM_500-5989,500-5989,502-2502,NULL,NULL,1,N
BOM_500-5990,500-5990,502-2502,NULL,NULL,1,N
BOM_500-6028,500-6028,502-2723,NULL,NULL,1,N
BOM_500-6035,500-6035,502-3023,NULL,NULL,1,N
BOM_500-6036,500-6036,502-2298,NULL,NULL,1,N
BOM_500-6037,500-6037,502-2617,NULL,NULL,1,N
BOM_500-6038,500-6038,502-2178,NULL,NULL,1,N
BOM_500-6039,500-6039,502-2119,NULL,NULL,1,N
BOM_500-6059,500-6059,502-2842,NULL,NULL,1,N
BOM_500-6073,500-6073,502-2848,NULL,NULL,1,N
BOM_500-6087,500-6087,502-2119,NULL,NULL,1,N
BOM_500-6095,500-6095,502-2488,NULL,NULL,1,N
BOM_500-6099,500-6099,502-2856,NULL,NULL,1,N
BOM_500-6137,500-6137,502-2881,NULL,NULL,1,N
BOM_500-6159_502-2894,500-6159,502-2894,1,502-2894,1,N
BOM_500-6159_502-2895,500-6159,502-2895,1,502-2895,1,N
BOM_500-6159-001,500-6159-001,502-2894,NULL,NULL,1,N
BOM_500-6159-001,500-6159-001,502-2895,NULL,NULL,4,N
BOM_500-6159-002,500-6159-002,220-0134-002,NULL,NULL,1,N
BOM_500-6159-002,500-6159-002,502-2894,NULL,NULL,1,N
BOM_500-6159-002,500-6159-002,502-2895,NULL,NULL,4,N
BOM_500-6159-003,500-6159-003,502-2894,NULL,NULL,1,N
BOM_500-6159-003,500-6159-003,502-2895,NULL,NULL,4,N
BOM_500-6159-005,500-6159-005,502-2894,NULL,NULL,1,N
BOM_500-6159-005,500-6159-005,502-2895,NULL,NULL,4,N
BOM_500-6159-007,500-6159-007,502-2894,NULL,NULL,1,N
BOM_500-6159-007,500-6159-007,502-2895,NULL,NULL,4,N
BOM_500-6159-010,500-6159-010,220-0134-010,NULL,NULL,1,N
BOM_500-6159-010,500-6159-010,502-2894,NULL,NULL,1,N
BOM_500-6159-010,500-6159-010,502-2895,NULL,NULL,4,N
BOM_500-6159-015,500-6159-015,502-2894,NULL,NULL,1,N
BOM_500-6159-015,500-6159-015,502-2895,NULL,NULL,4,N
BOM_500-6159-020,500-6159-020,502-2894,NULL,NULL,1,N
BOM_500-6159-020,500-6159-020,502-2895,NULL,NULL,4,N
BOM_500-6159-025,500-6159-025,502-2894,NULL,NULL,1,N
BOM_500-6159-025,500-6159-025,502-2895,NULL,NULL,4,N
BOM_500-6159-030,500-6159-030,502-2894,NULL,NULL,1,N
BOM_500-6159-030,500-6159-030,502-2895,NULL,NULL,4,N
BOM_500-6160,500-6160,502-2119,NULL,NULL,1,N
BOM_500-6161,500-6161,502-2119,NULL,NULL,1,N
BOM_500-6200,500-6200,502-2304,NULL,NULL,1,N
BOM_500-6201,500-6201,502-2842,NULL,NULL,1,N
BOM_500-6204,500-6204,502-2304,NULL,NULL,1,N
BOM_500-6207,500-6207,502-2502,NULL,NULL,1,N
BOM_500-6209,500-6209,502-2921,NULL,NULL,1,N
BOM_500-6212,500-6212,502-2923,NULL,NULL,1,N
BOM_500-6240,500-6240,502-2304,NULL,NULL,1,N
BOM_500-6249_502-2935,500-6249,502-2935,1,502-2935,1,N
BOM_500-6249_502-2936,500-6249,502-2936,1,502-2936,1,N
BOM_500-6249-003,500-6249-003,502-2935,NULL,NULL,1,N
BOM_500-6249-003,500-6249-003,502-2936,NULL,NULL,4,N
BOM_500-6249-005,500-6249-005,502-2935,NULL,NULL,1,N
BOM_500-6249-005,500-6249-005,502-2936,NULL,NULL,4,N
BOM_500-6249-007,500-6249-007,502-2935,NULL,NULL,1,N
BOM_500-6249-007,500-6249-007,502-2936,NULL,NULL,4,N
BOM_500-6249-010,500-6249-010,220-0134-010,NULL,NULL,1,N
BOM_500-6249-010,500-6249-010,502-2935,NULL,NULL,1,N
BOM_500-6249-010,500-6249-010,502-2936,NULL,NULL,4,N
BOM_500-6249-020,500-6249-020,502-2935,NULL,NULL,1,N
BOM_500-6249-020,500-6249-020,502-2936,NULL,NULL,4,N
BOM_500-6250_502-2937,500-6250,502-2937,1,502-2937,1,N
BOM_500-6250-003,500-6250-003,502-2937,NULL,NULL,1,N
BOM_500-6250-003,500-6250-003,VirtualProduct_500-6250-003_A1,NULL,NULL,1,N
BOM_500-6250-005,500-6250-005,502-2937,NULL,NULL,1,N
BOM_500-6250-005,500-6250-005,VirtualProduct_500-6250-005_A1,NULL,NULL,1,N
BOM_500-6250-007,500-6250-007,502-2937,NULL,NULL,1,N
BOM_500-6250-007,500-6250-007,VirtualProduct_500-6250-007_A1,NULL,NULL,1,N
BOM_500-6250-010,500-6250-010,502-2937,NULL,NULL,1,N
BOM_500-6250-010,500-6250-010,VirtualProduct_500-6250-010_A1,NULL,NULL,1,N
BOM_500-6250-020,500-6250-020,502-2937,NULL,NULL,1,N
BOM_500-6253,500-6253,502-2938,NULL,NULL,1,N
BOM_500-6262,500-6262,502-2945,NULL,NULL,1,N
BOM_500-6266,500-6266,502-2178,NULL,NULL,1,N
BOM_500-6267,500-6267,502-2178,NULL,NULL,1,N
BOM_500-6277,500-6277,502-2956,NULL,NULL,1,N
BOM_500-6278,500-6278,502-2957,NULL,NULL,1,N
BOM_500-6282_502-2935,500-6282,502-2935,1,502-2935,1,N
BOM_500-6282_502-2936,500-6282,502-2936,1,502-2936,1,N
BOM_500-6282-003,500-6282-003,502-2935,NULL,NULL,1,N
BOM_500-6282-003,500-6282-003,502-2936,NULL,NULL,4,N
BOM_500-6282-005,500-6282-005,502-2935,NULL,NULL,1,N
BOM_500-6282-005,500-6282-005,502-2936,NULL,NULL,4,N
BOM_500-6282-007,500-6282-007,502-2935,NULL,NULL,1,N
BOM_500-6282-007,500-6282-007,502-2936,NULL,NULL,4,N
BOM_500-6282-010,500-6282-010,220-0134-010,NULL,NULL,1,N
BOM_500-6282-010,500-6282-010,502-2935,NULL,NULL,1,N
BOM_500-6282-010,500-6282-010,502-2936,NULL,NULL,4,N
BOM_500-6282-015,500-6282-015,502-2935,NULL,NULL,1,N
BOM_500-6282-015,500-6282-015,502-2936,NULL,NULL,4,N
BOM_500-6282-020,500-6282-020,502-2935,NULL,NULL,1,N
BOM_500-6282-020,500-6282-020,502-2936,NULL,NULL,4,N
BOM_500-6283_502-2937,500-6283,502-2937,1,502-2937,1,N
BOM_500-6283-003,500-6283-003,502-2937,NULL,NULL,1,N
BOM_500-6283-003,500-6283-003,VirtualProduct_500-6283-003_A1,NULL,NULL,1,N
BOM_500-6283-005,500-6283-005,502-2937,NULL,NULL,1,N
BOM_500-6283-005,500-6283-005,VirtualProduct_500-6283-005_A1,NULL,NULL,1,N
BOM_500-6283-007,500-6283-007,502-2937,NULL,NULL,1,N
BOM_500-6283-007,500-6283-007,VirtualProduct_500-6283-007_A1,NULL,NULL,1,N
BOM_500-6283-010,500-6283-010,502-2937,NULL,NULL,1,N
BOM_500-6283-010,500-6283-010,VirtualProduct_500-6283-010_A1,NULL,NULL,1,N
BOM_500-6283-015,500-6283-015,502-2937,NULL,NULL,1,N
BOM_500-6283-015,500-6283-015,VirtualProduct_500-6283-015_A1,NULL,NULL,1,N
BOM_500-6283-020,500-6283-020,502-2937,NULL,NULL,1,N
BOM_500-6285,500-6285,502-3207,NULL,NULL,1,N
BOM_500-6306,500-6306,502-2991,NULL,NULL,1,N
BOM_500-6336,500-6336,502-2308,NULL,NULL,1,N
BOM_500-6357_502-2339,500-6357,502-2339,1,502-2339,1,N
BOM_500-6357-001,500-6357-001,502-2339,NULL,NULL,1,N
BOM_500-6357-001,500-6357-001,VirtualProduct_500-6357-001_A1,NULL,NULL,1,N
BOM_500-6357-002,500-6357-002,220-0230-002,NULL,NULL,1,N
BOM_500-6357-002,500-6357-002,502-2339,NULL,NULL,1,N
BOM_500-6357-003,500-6357-003,502-2339,NULL,NULL,1,N
BOM_500-6357-003,500-6357-003,VirtualProduct_500-6357-003_A1,NULL,NULL,1,N
BOM_500-6357-005,500-6357-005,502-2339,NULL,NULL,1,N
BOM_500-6357-005,500-6357-005,VirtualProduct_500-6357-005_A1,NULL,NULL,1,N
BOM_500-6357-007,500-6357-007,502-2339,NULL,NULL,1,N
BOM_500-6357-007,500-6357-007,VirtualProduct_500-6357-007_A1,NULL,NULL,1,N
BOM_500-6357-010,500-6357-010,502-2339,NULL,NULL,1,N
BOM_500-6357-010,500-6357-010,VirtualProduct_500-6357-010_A1,NULL,NULL,1,N
BOM_500-6357-015,500-6357-015,502-2339,NULL,NULL,1,N
BOM_500-6357-015,500-6357-015,VirtualProduct_500-6357-015_A1,NULL,NULL,1,N
BOM_500-6357-020,500-6357-020,502-2339,NULL,NULL,1,N
BOM_500-6357-030,500-6357-030,502-2339,NULL,NULL,1,N
BOM_500-6357-030,500-6357-030,VirtualProduct_500-6357-030_A1,NULL,NULL,1,N
BOM_500-6382_502-2339,500-6382,502-2339,1,502-2339,1,N
BOM_500-6382-001,500-6382-001,502-2339,NULL,NULL,1,N
BOM_500-6382-001,500-6382-001,VirtualProduct_500-6382-001_A1,NULL,NULL,1,N
BOM_500-6382-003,500-6382-003,502-2339,NULL,NULL,1,N
BOM_500-6382-003,500-6382-003,VirtualProduct_500-6382-003_A1,NULL,NULL,1,N
BOM_500-6382-005,500-6382-005,502-2339,NULL,NULL,1,N
BOM_500-6382-005,500-6382-005,VirtualProduct_500-6382-005_A1,NULL,NULL,1,N
BOM_500-6382-007,500-6382-007,502-2339,NULL,NULL,1,N
BOM_500-6382-007,500-6382-007,VirtualProduct_500-6382-007_A1,NULL,NULL,1,N
BOM_500-6382-010,500-6382-010,502-2339,NULL,NULL,1,N
BOM_500-6382-010,500-6382-010,VirtualProduct_500-6382-010_A1,NULL,NULL,1,N
BOM_500-6382-015,500-6382-015,502-2339,NULL,NULL,1,N
BOM_500-6382-015,500-6382-015,VirtualProduct_500-6382-015_A1,NULL,NULL,1,N
BOM_500-6382-020,500-6382-020,502-2339,NULL,NULL,1,N
BOM_500-6382-030,500-6382-030,502-2339,NULL,NULL,1,N
BOM_500-6382-030,500-6382-030,VirtualProduct_500-6382-030_A1,NULL,NULL,1,N
BOM_500-6383_502-2588,500-6383,502-2588,1,502-2588,1,N
BOM_500-6383-001,500-6383-001,502-2588,NULL,NULL,1,N
BOM_500-6383-001,500-6383-001,VirtualProduct_500-6383-001_A1,NULL,NULL,1,N
BOM_500-6383-003,500-6383-003,502-2588,NULL,NULL,1,N
BOM_500-6383-003,500-6383-003,VirtualProduct_500-6383-003_A1,NULL,NULL,1,N
BOM_500-6383-005,500-6383-005,502-2588,NULL,NULL,1,N
BOM_500-6383-005,500-6383-005,VirtualProduct_500-6383-005_A1,NULL,NULL,1,N
BOM_500-6383-007,500-6383-007,502-2588,NULL,NULL,1,N
BOM_500-6383-007,500-6383-007,VirtualProduct_500-6383-007_A1,NULL,NULL,1,N
BOM_500-6383-010,500-6383-010,502-2588,NULL,NULL,1,N
BOM_500-6383-010,500-6383-010,VirtualProduct_500-6383-010_A1,NULL,NULL,1,N
BOM_500-6383-015,500-6383-015,502-2588,NULL,NULL,1,N
BOM_500-6383-015,500-6383-015,VirtualProduct_500-6383-015_A1,NULL,NULL,1,N
BOM_500-6383-020,500-6383-020,502-2588,NULL,NULL,1,N
BOM_500-6383-030,500-6383-030,502-2588,NULL,NULL,1,N
BOM_500-6383-030,500-6383-030,VirtualProduct_500-6383-030_A1,NULL,NULL,1,N
BOM_500-6393,500-6393,502-2488,NULL,NULL,1,N
BOM_500-6394_502-2894,500-6394,502-2894,1,502-2894,1,N
BOM_500-6394_502-2895,500-6394,502-2895,1,502-2895,1,N
BOM_500-6394-001,500-6394-001,502-2894,NULL,NULL,1,N
BOM_500-6394-001,500-6394-001,502-2895,NULL,NULL,4,N
BOM_500-6394-002,500-6394-002,220-0134-002,NULL,NULL,1,N
BOM_500-6394-002,500-6394-002,502-2894,NULL,NULL,1,N
BOM_500-6394-002,500-6394-002,502-2895,NULL,NULL,4,N
BOM_500-6394-003,500-6394-003,502-2894,NULL,NULL,1,N
BOM_500-6394-003,500-6394-003,502-2895,NULL,NULL,4,N
BOM_500-6394-005,500-6394-005,502-2894,NULL,NULL,1,N
BOM_500-6394-005,500-6394-005,502-2895,NULL,NULL,4,N
BOM_500-6394-007,500-6394-007,502-2894,NULL,NULL,1,N
BOM_500-6394-007,500-6394-007,502-2895,NULL,NULL,4,N
BOM_500-6394-010,500-6394-010,220-0134-010,NULL,NULL,1,N
BOM_500-6394-010,500-6394-010,502-2894,NULL,NULL,1,N
BOM_500-6394-010,500-6394-010,502-2895,NULL,NULL,4,N
BOM_500-6394-015,500-6394-015,502-2894,NULL,NULL,1,N
BOM_500-6394-015,500-6394-015,502-2895,NULL,NULL,4,N
BOM_500-6394-020,500-6394-020,502-2894,NULL,NULL,1,N
BOM_500-6394-020,500-6394-020,502-2895,NULL,NULL,4,N
BOM_500-6394-030,500-6394-030,502-2894,NULL,NULL,1,N
BOM_500-6394-030,500-6394-030,502-2895,NULL,NULL,4,N
BOM_500-6412,500-6412,502-2957,NULL,NULL,1,N
BOM_500-6413,500-6413,502-2957,NULL,NULL,1,N
BOM_500-6414,500-6414,502-2957,NULL,NULL,1,N
BOM_500-6415,500-6415,502-2957,NULL,NULL,1,N
BOM_500-6417,500-6417,502-2921,NULL,NULL,1,N
BOM_500-6418,500-6418,502-2921,NULL,NULL,1,N
BOM_500-6419,500-6419,502-2921,NULL,NULL,1,N
BOM_500-6420,500-6420,502-2921,NULL,NULL,1,N
BOM_500-6421,500-6421,502-2921,NULL,NULL,1,N
BOM_500-6433,500-6433,502-2923,NULL,NULL,1,N
BOM_500-6448,500-6448,502-2723,NULL,NULL,1,N
BOM_500-6465,500-6465,502-2502,NULL,NULL,1,N
BOM_500-6485,500-6485,502-2991,NULL,NULL,1,N
BOM_500-6496,500-6496,502-2502,NULL,NULL,1,N
BOM_500-6512,500-6512,502-2502,NULL,NULL,1,N
BOM_500-6513,500-6513,502-2956,NULL,NULL,1,N
BOM_500-6569,500-6569,502-3124,NULL,NULL,1,N
BOM_500-6570,500-6570,502-1908-02,NULL,NULL,1,N
BOM_500-6575,500-6575,502-2488,NULL,NULL,1,N
BOM_500-6650,500-6650,502-2523,NULL,NULL,1,N
BOM_500-6672,500-6672,502-3184,NULL,NULL,1,N
BOM_500-6681,500-6681,502-2502,NULL,NULL,1,N
BOM_500-6803,500-6803,502-2723,NULL,NULL,1,N
BOM_500-6912,500-6912,502-2003,NULL,NULL,1,N
BOM_500-6984,500-6984,502-2003,NULL,NULL,1,N
BOM_500-7041,500-7041,502-3207,NULL,NULL,1,N
BOM_500-7064,500-7064,502-2921,NULL,NULL,1,N
BOM_500-7072,500-7072,502-3423,NULL,NULL,1,N
BOM_500-7073,500-7073,502-3424,NULL,NULL,1,N
BOM_500-7114,500-7114,502-3450,NULL,NULL,1,N
BOM_500-7115,500-7115,502-3450,NULL,NULL,1,N
BOM_500-7206_502-3519,500-7206,502-3519,1,502-3519,1,N
BOM_500-7206-003,500-7206-003,502-3519,NULL,NULL,1,N
BOM_500-7206-003,500-7206-003,VirtualProduct_500-7206-003_A1,NULL,NULL,1,N
BOM_500-7206-005,500-7206-005,502-3519,NULL,NULL,1,N
BOM_500-7206-005,500-7206-005,VirtualProduct_500-7206-005_A1,NULL,NULL,1,N
BOM_500-7206-007,500-7206-007,502-3519,NULL,NULL,1,N
BOM_500-7206-007,500-7206-007,VirtualProduct_500-7206-007_A1,NULL,NULL,1,N
BOM_500-7206-010,500-7206-010,502-3519,NULL,NULL,1,N
BOM_500-7206-010,500-7206-010,VirtualProduct_500-7206-010_A1,NULL,NULL,1,N
BOM_500-7206-015,500-7206-015,502-3519,NULL,NULL,1,N
BOM_500-7206-015,500-7206-015,VirtualProduct_500-7206-015_A1,NULL,NULL,1,N
BOM_500-7206-020,500-7206-020,502-3519,NULL,NULL,1,N
BOM_500-7207_502-3520,500-7207,502-3520,1,502-3520,1,N
BOM_500-7207-001,500-7207-001,502-3520,NULL,NULL,1,N
BOM_500-7207-001,500-7207-001,VirtualProduct_500-7207-001_A1,NULL,NULL,1,N
BOM_500-7207-002,500-7207-002,502-3520,NULL,NULL,1,N
BOM_500-7207-002,500-7207-002,VirtualProduct_500-7207-002_A1,NULL,NULL,1,N
BOM_500-7207-003,500-7207-003,502-3520,NULL,NULL,1,N
BOM_500-7207-003,500-7207-003,VirtualProduct_500-7207-003_A1,NULL,NULL,1,N
BOM_500-7207-005,500-7207-005,502-3520,NULL,NULL,1,N
BOM_500-7207-005,500-7207-005,VirtualProduct_500-7207-005_A1,NULL,NULL,1,N
BOM_500-7207-007,500-7207-007,502-3520,NULL,NULL,1,N
BOM_500-7207-007,500-7207-007,VirtualProduct_500-7207-007_A1,NULL,NULL,1,N
BOM_500-7207-010,500-7207-010,502-3520,NULL,NULL,1,N
BOM_500-7207-010,500-7207-010,VirtualProduct_500-7207-010_A1,NULL,NULL,1,N
BOM_500-7207-015,500-7207-015,502-3520,NULL,NULL,1,N
BOM_500-7207-015,500-7207-015,VirtualProduct_500-7207-015_A1,NULL,NULL,1,N
BOM_500-7207-020,500-7207-020,502-3520,NULL,NULL,1,N
BOM_500-7207-025,500-7207-025,502-3520,NULL,NULL,1,N
BOM_500-7207-025,500-7207-025,VirtualProduct_500-7207-025_A1,NULL,NULL,1,N
BOM_500-7207-030,500-7207-030,502-3520,NULL,NULL,1,N
BOM_500-7207-030,500-7207-030,VirtualProduct_500-7207-030_A1,NULL,NULL,1,N
BOM_500-7283_502-2339,500-7283,502-2339,1,502-2339,1,N
BOM_500-7283-010,500-7283-010,220-0230-010,NULL,NULL,1,N
BOM_500-7283-010,500-7283-010,502-2339,NULL,NULL,1,N
BOM_500-7284_502-3502,500-7284,502-3502,1,502-3502,1,N
BOM_500-7284-010,500-7284-010,220-0230-010,NULL,NULL,1,N
BOM_500-7284-010,500-7284-010,502-3502,NULL,NULL,2,N
BOM_502-1559,502-1559,260-0102,1,NULL,1,N
BOM_502-1559,502-1559,300-0150,2,NULL,1,N
BOM_502-1559,502-1559,300-0151,3,NULL,1,N
BOM_502-1559,502-1559,300-0152,4,NULL,1,N
BOM_502-1559,502-1559,310-0401,8,NULL,1,N
BOM_502-1559,502-1559,310-0407,5,NULL,1,N
BOM_502-1559,502-1559,320-0284,9,NULL,2,N
BOM_502-1678,502-1678,260-0120,1,NULL,1,N
BOM_502-1678,502-1678,300-0150,2,NULL,1,N
BOM_502-1678,502-1678,300-0151,3,NULL,1,N
BOM_502-1678,502-1678,300-0152,4,NULL,1,N
BOM_502-1678,502-1678,310-0401,10,NULL,1,N
BOM_502-1678,502-1678,310-0407,5,NULL,1,N
BOM_502-1678,502-1678,320-0284,11,NULL,2,N
BOM_502-1678,502-1678,VirtualProduct_502-1678_A1,7,NULL,2,N
BOM_502-1678,502-1678,VirtualProduct_502-1678_A3,9,NULL,2,N
BOM_502-1693,502-1693,260-0124,1,NULL,1,N
BOM_502-1693,502-1693,300-0150,2,NULL,1,N
BOM_502-1693,502-1693,300-0151,3,NULL,1,N
BOM_502-1693,502-1693,300-0152,4,NULL,1,N
BOM_502-1693,502-1693,310-0401,10,NULL,1,N
BOM_502-1693,502-1693,310-0407,5,NULL,1,N
BOM_502-1693,502-1693,320-0284,11,NULL,2,N
BOM_502-1693,502-1693,VirtualProduct_502-1693_A1,9,NULL,2,N
BOM_502-1693,502-1693,VirtualProduct_502-1693_A3,7,NULL,2,N
BOM_502-1713,502-1713,260-0128,1,NULL,1,N
BOM_502-1713,502-1713,310-0401,7,NULL,1,N
BOM_502-1713,502-1713,310-0407,8,NULL,1,N
BOM_502-1713,502-1713,320-0284,9,NULL,2,N
BOM_502-1713,502-1713,VirtualProduct_502-1713_A1,18,NULL,2,N
BOM_502-1713,502-1713,VirtualProduct_502-1713_A2,19,NULL,2,N
BOM_502-1728,502-1728,260-0131,1,NULL,1,N
BOM_502-1728,502-1728,300-0150,2,NULL,1,N
BOM_502-1728,502-1728,300-0151,3,NULL,1,N
BOM_502-1728,502-1728,300-0152,4,NULL,1,N
BOM_502-1728,502-1728,310-0401,10,NULL,1,N
BOM_502-1728,502-1728,310-0407,5,NULL,1,N
BOM_502-1728,502-1728,320-0284,11,NULL,2,N
BOM_502-1728,502-1728,VirtualProduct_502-1728_A1,7,NULL,2,N
BOM_502-1728,502-1728,VirtualProduct_502-1728_A2,9,NULL,2,N
BOM_502-1733,502-1733,260-0132,1,NULL,1,N
BOM_502-1733,502-1733,300-0150,2,NULL,1,N
BOM_502-1733,502-1733,300-0151,3,NULL,1,N
BOM_502-1733,502-1733,300-0152,4,NULL,1,N
BOM_502-1733,502-1733,310-0401,9,NULL,1,N
BOM_502-1733,502-1733,VirtualProduct_502-1733_A1,8,NULL,2,N
BOM_502-1733,502-1733,VirtualProduct_502-1733_A2,6,NULL,2,N
BOM_502-1783-01,502-1783-01,260-0141-01,1,NULL,1,N
BOM_502-1783-01,502-1783-01,300-0150,2,NULL,1,N
BOM_502-1783-01,502-1783-01,300-0151,3,NULL,1,N
BOM_502-1783-01,502-1783-01,300-0152,4,NULL,1,N
BOM_502-1783-01,502-1783-01,302-0004,7,NULL,2,N
BOM_502-1783-01,502-1783-01,302-0007,6,NULL,2,N
BOM_502-1783-01,502-1783-01,310-0401,8,NULL,1,N
BOM_502-1783-01,502-1783-01,310-0407,5,NULL,1,N
BOM_502-1783-01,502-1783-01,311-0244,12,NULL,2,N
BOM_502-1783-01,502-1783-01,311-0276,11,NULL,2,N
BOM_502-1783-01,502-1783-01,320-0284,9,NULL,2,N
BOM_502-1783-02,502-1783-02,300-0150,5,NULL,1,N
BOM_502-1783-02,502-1783-02,300-0152,8,NULL,1,N
BOM_502-1783-02,502-1783-02,302-0004,9,NULL,2,N
BOM_502-1783-02,502-1783-02,302-0007,10,NULL,2,N
BOM_502-1783-02,502-1783-02,310-0401,12,NULL,1,N
BOM_502-1783-02,502-1783-02,311-0244,16,NULL,2,N
BOM_502-1783-02,502-1783-02,311-0276,17,NULL,2,N
BOM_502-1783-02,502-1783-02,320-0284,20,NULL,2,N
BOM_502-1783-02,502-1783-02,VirtualProduct_502-1783-02_A1,3,NULL,1,N
BOM_502-1783-02,502-1783-02,VirtualProduct_502-1783-02_A2,6,NULL,1,N
BOM_502-1783-02,502-1783-02,VirtualProduct_502-1783-02_A3,13,NULL,1,N
BOM_502-1783-02-RW,502-1783-02-RW,300-0150,3,NULL,1,N
BOM_502-1783-02-RW,502-1783-02-RW,300-0152,5,NULL,1,N
BOM_502-1783-02-RW,502-1783-02-RW,302-0004,6,NULL,2,N
BOM_502-1783-02-RW,502-1783-02-RW,302-0007,7,NULL,2,N
BOM_502-1783-02-RW,502-1783-02-RW,310-0401,8,NULL,1,N
BOM_502-1783-02-RW,502-1783-02-RW,311-0244,10,NULL,2,N
BOM_502-1783-02-RW,502-1783-02-RW,320-0284,12,NULL,2,N
BOM_502-1783-02-RW,502-1783-02-RW,VirtualProduct_502-1783-02-RW_A1,1,NULL,1,N
BOM_502-1783-03,502-1783-03,260-0141-03,1,NULL,1,N
BOM_502-1783-03,502-1783-03,300-0150,2,NULL,1,N
BOM_502-1783-03,502-1783-03,300-0151,3,NULL,1,N
BOM_502-1783-03,502-1783-03,300-0152,4,NULL,1,N
BOM_502-1783-03,502-1783-03,302-0004,7,NULL,2,N
BOM_502-1783-03,502-1783-03,302-0007,6,NULL,2,N
BOM_502-1783-03,502-1783-03,310-0401,8,NULL,1,N
BOM_502-1783-03,502-1783-03,310-0407,5,NULL,1,N
BOM_502-1783-03,502-1783-03,311-0244,12,NULL,2,N
BOM_502-1783-03,502-1783-03,311-0276,11,NULL,2,N
BOM_502-1783-03,502-1783-03,320-0284,9,NULL,2,N
BOM_502-1783-04,502-1783-04,260-0141-04,1,NULL,1,N
BOM_502-1783-04,502-1783-04,300-0150,2,NULL,1,N
BOM_502-1783-04,502-1783-04,300-0151,3,NULL,1,N
BOM_502-1783-04,502-1783-04,300-0152,4,NULL,1,N
BOM_502-1783-04,502-1783-04,302-0004,7,NULL,2,N
BOM_502-1783-04,502-1783-04,302-0007,6,NULL,2,N
BOM_502-1783-04,502-1783-04,310-0401,8,NULL,1,N
BOM_502-1783-04,502-1783-04,310-0407,5,NULL,1,N
BOM_502-1783-04,502-1783-04,311-0244,12,NULL,2,N
BOM_502-1783-04,502-1783-04,311-0276,11,NULL,2,N
BOM_502-1783-04,502-1783-04,320-0284,9,NULL,2,N
BOM_502-1793,502-1793,300-0150,3,NULL,1,N
BOM_502-1793,502-1793,300-0151,4,NULL,1,N
BOM_502-1793,502-1793,300-0152,5,NULL,1,N
BOM_502-1793,502-1793,302-0004,8,NULL,2,N
BOM_502-1793,502-1793,302-0007,7,NULL,2,N
BOM_502-1793,502-1793,310-0401,9,NULL,1,N
BOM_502-1793,502-1793,310-0504,6,NULL,1,N
BOM_502-1793,502-1793,311-0244,13,NULL,2,N
BOM_502-1793,502-1793,311-0276,12,NULL,2,N
BOM_502-1793,502-1793,320-0284,10,NULL,2,N
BOM_502-1793,502-1793,VirtualProduct_502-1793_B3,2,NULL,1,N
BOM_502-1804,502-1804,260-0149,1,NULL,1,N
BOM_502-1804,502-1804,300-0150,2,NULL,1,N
BOM_502-1804,502-1804,300-0151,3,NULL,1,N
BOM_502-1804,502-1804,300-0152,4,NULL,1,N
BOM_502-1804,502-1804,302-0004,7,NULL,2,N
BOM_502-1804,502-1804,302-0007,6,NULL,2,N
BOM_502-1804,502-1804,310-0401,8,NULL,1,N
BOM_502-1804,502-1804,310-0504,5,NULL,1,N
BOM_502-1804,502-1804,311-0244,12,NULL,2,N
BOM_502-1804,502-1804,311-0276,11,NULL,2,N
BOM_502-1804,502-1804,320-0284,9,NULL,2,N
BOM_502-1818,502-1818,260-0120,1,NULL,1,N
BOM_502-1818,502-1818,300-0150,2,NULL,1,N
BOM_502-1818,502-1818,300-0151,3,NULL,1,N
BOM_502-1818,502-1818,300-0152,4,NULL,1,N
BOM_502-1818,502-1818,310-0401,10,NULL,1,N
BOM_502-1818,502-1818,310-0560,5,NULL,1,N
BOM_502-1818,502-1818,320-0284,11,NULL,2,N
BOM_502-1818,502-1818,VirtualProduct_502-1818_A1,7,NULL,2,N
BOM_502-1818,502-1818,VirtualProduct_502-1818_A2,9,NULL,2,N
BOM_502-1820,502-1820,260-0141-01,1,NULL,1,N
BOM_502-1820,502-1820,300-0150,2,NULL,1,N
BOM_502-1820,502-1820,300-0151,3,NULL,1,N
BOM_502-1820,502-1820,300-0152,4,NULL,1,N
BOM_502-1820,502-1820,302-0004,7,NULL,2,N
BOM_502-1820,502-1820,302-0007,6,NULL,2,N
BOM_502-1820,502-1820,310-0401,8,NULL,1,N
BOM_502-1820,502-1820,310-0573,5,NULL,1,N
BOM_502-1820,502-1820,311-0244,12,NULL,2,N
BOM_502-1820,502-1820,311-0276,11,NULL,2,N
BOM_502-1820,502-1820,320-0284,9,NULL,2,N
BOM_502-1822,502-1822,260-0150,1,NULL,1,N
BOM_502-1822,502-1822,300-0211,3,NULL,1,N
BOM_502-1822,502-1822,300-0212,4,NULL,1,N
BOM_502-1822,502-1822,310-0401,9,NULL,1,N
BOM_502-1822,502-1822,310-0571,5,NULL,1,N
BOM_502-1822,502-1822,320-0284,10,NULL,2,N
BOM_502-1822,502-1822,VirtualProduct_502-1822_A1,16,NULL,2,N
BOM_502-1822,502-1822,VirtualProduct_502-1822_A2,17,NULL,2,N
BOM_502-1822,502-1822,VirtualProduct_502-1822_A3,2,NULL,1,N
BOM_502-1824-01,502-1824-01,260-0152-01,1,NULL,1,N
BOM_502-1824-01,502-1824-01,300-0150,2,NULL,1,N
BOM_502-1824-01,502-1824-01,300-0151,3,NULL,1,N
BOM_502-1824-01,502-1824-01,300-0152,4,NULL,1,N
BOM_502-1824-01,502-1824-01,302-0004,7,NULL,2,N
BOM_502-1824-01,502-1824-01,302-0007,6,NULL,2,N
BOM_502-1824-01,502-1824-01,310-0401,8,NULL,1,N
BOM_502-1824-01,502-1824-01,310-0407,5,NULL,1,N
BOM_502-1824-01,502-1824-01,311-0244,11,NULL,2,N
BOM_502-1824-01,502-1824-01,311-0276,12,NULL,2,N
BOM_502-1824-01,502-1824-01,320-0284,9,NULL,2,N
BOM_502-1824-02,502-1824-02,260-0152-02,1,NULL,1,N
BOM_502-1824-02,502-1824-02,300-0150,2,NULL,1,N
BOM_502-1824-02,502-1824-02,300-0151,3,NULL,1,N
BOM_502-1824-02,502-1824-02,300-0152,4,NULL,1,N
BOM_502-1824-02,502-1824-02,302-0004,7,NULL,2,N
BOM_502-1824-02,502-1824-02,302-0007,6,NULL,2,N
BOM_502-1824-02,502-1824-02,310-0401,8,NULL,1,N
BOM_502-1824-02,502-1824-02,310-0407,5,NULL,1,N
BOM_502-1824-02,502-1824-02,311-0244,11,NULL,2,N
BOM_502-1824-02,502-1824-02,311-0276,12,NULL,2,N
BOM_502-1824-02,502-1824-02,320-0284,9,NULL,2,N
BOM_502-1824-03,502-1824-03,260-0152-03,1,NULL,1,N
BOM_502-1824-03,502-1824-03,300-0150,2,NULL,1,N
BOM_502-1824-03,502-1824-03,300-0151,3,NULL,1,N
BOM_502-1824-03,502-1824-03,300-0152,4,NULL,1,N
BOM_502-1824-03,502-1824-03,302-0004,7,NULL,2,N
BOM_502-1824-03,502-1824-03,302-0007,6,NULL,2,N
BOM_502-1824-03,502-1824-03,310-0401,8,NULL,1,N
BOM_502-1824-03,502-1824-03,310-0407,5,NULL,1,N
BOM_502-1824-03,502-1824-03,311-0244,11,NULL,2,N
BOM_502-1824-03,502-1824-03,311-0276,12,NULL,2,N
BOM_502-1824-03,502-1824-03,320-0284,9,NULL,2,N
BOM_502-1827,502-1827,260-0141-01,1,NULL,1,N
BOM_502-1827,502-1827,300-0150,2,NULL,1,N
BOM_502-1827,502-1827,300-0151,3,NULL,1,N
BOM_502-1827,502-1827,300-0152,4,NULL,1,N
BOM_502-1827,502-1827,302-0004,7,NULL,2,N
BOM_502-1827,502-1827,302-0007,6,NULL,2,N
BOM_502-1827,502-1827,310-0401,8,NULL,1,N
BOM_502-1827,502-1827,310-0574,5,NULL,1,N
BOM_502-1827,502-1827,311-0244,12,NULL,2,N
BOM_502-1827,502-1827,311-0276,11,NULL,2,N
BOM_502-1827,502-1827,320-0284,9,NULL,2,N
BOM_502-1843,502-1843,260-0156,1,NULL,1,N
BOM_502-1843,502-1843,300-0150,2,NULL,1,N
BOM_502-1843,502-1843,300-0151,3,NULL,1,N
BOM_502-1843,502-1843,300-0152,4,NULL,1,N
BOM_502-1843,502-1843,302-0004,7,NULL,2,N
BOM_502-1843,502-1843,302-0007,6,NULL,2,N
BOM_502-1843,502-1843,310-0401,8,NULL,1,N
BOM_502-1843,502-1843,310-0407,5,NULL,1,N
BOM_502-1843,502-1843,311-0244,12,NULL,2,N
BOM_502-1843,502-1843,311-0276,11,NULL,2,N
BOM_502-1843,502-1843,320-0284,9,NULL,2,N
BOM_502-1847-01,502-1847-01,260-0158-01,1,NULL,1,N
BOM_502-1847-01,502-1847-01,300-0150,2,NULL,1,N
BOM_502-1847-01,502-1847-01,300-0151,3,NULL,1,N
BOM_502-1847-01,502-1847-01,300-0152,4,NULL,1,N
BOM_502-1847-01,502-1847-01,310-0401,10,NULL,1,N
BOM_502-1847-01,502-1847-01,310-0407,5,NULL,1,N
BOM_502-1847-01,502-1847-01,320-0284,11,NULL,2,N
BOM_502-1847-01,502-1847-01,VirtualProduct_502-1847-01_A1,6,NULL,2,N
BOM_502-1847-01,502-1847-01,VirtualProduct_502-1847-01_A3,8,NULL,2,N
BOM_502-1847-02,502-1847-02,260-0158-02,1,NULL,1,N
BOM_502-1847-02,502-1847-02,300-0150,2,NULL,1,N
BOM_502-1847-02,502-1847-02,300-0151,3,NULL,1,N
BOM_502-1847-02,502-1847-02,300-0152,4,NULL,1,N
BOM_502-1847-02,502-1847-02,310-0401,10,NULL,1,N
BOM_502-1847-02,502-1847-02,310-0407,5,NULL,1,N
BOM_502-1847-02,502-1847-02,320-0284,11,NULL,2,N
BOM_502-1847-02,502-1847-02,VirtualProduct_502-1847-02_A1,8,NULL,2,N
BOM_502-1847-02,502-1847-02,VirtualProduct_502-1847-02_A3,6,NULL,2,N
BOM_502-1847-03,502-1847-03,260-0158-03,1,NULL,1,N
BOM_502-1847-03,502-1847-03,300-0150,2,NULL,1,N
BOM_502-1847-03,502-1847-03,300-0151,3,NULL,1,N
BOM_502-1847-03,502-1847-03,300-0152,4,NULL,1,N
BOM_502-1847-03,502-1847-03,310-0401,10,NULL,1,N
BOM_502-1847-03,502-1847-03,310-0407,5,NULL,1,N
BOM_502-1847-03,502-1847-03,320-0284,11,NULL,2,N
BOM_502-1847-03,502-1847-03,VirtualProduct_502-1847-03_A1,6,NULL,2,N
BOM_502-1847-03,502-1847-03,VirtualProduct_502-1847-03_A3,8,NULL,2,N
BOM_502-1853,502-1853,260-0162,1,NULL,1,N
BOM_502-1853,502-1853,300-0211,3,NULL,1,N
BOM_502-1853,502-1853,300-0212,4,NULL,1,N
BOM_502-1853,502-1853,310-0401,9,NULL,1,N
BOM_502-1853,502-1853,310-0571,5,NULL,1,N
BOM_502-1853,502-1853,320-0284,10,NULL,2,N
BOM_502-1853,502-1853,VirtualProduct_502-1853_A1,16,NULL,2,N
BOM_502-1853,502-1853,VirtualProduct_502-1853_A2,17,NULL,2,N
BOM_502-1853,502-1853,VirtualProduct_502-1853_A3,2,NULL,1,N
BOM_502-1855,502-1855,260-0141-01,1,NULL,1,N
BOM_502-1855,502-1855,300-0150,2,NULL,1,N
BOM_502-1855,502-1855,300-0151,3,NULL,1,N
BOM_502-1855,502-1855,300-0152,4,NULL,1,N
BOM_502-1855,502-1855,302-0004,7,NULL,2,N
BOM_502-1855,502-1855,302-0007,6,NULL,2,N
BOM_502-1855,502-1855,310-0401,8,NULL,1,N
BOM_502-1855,502-1855,310-0577,5,NULL,1,N
BOM_502-1855,502-1855,311-0244,12,NULL,2,N
BOM_502-1855,502-1855,311-0276,11,NULL,2,N
BOM_502-1855,502-1855,320-0284,9,NULL,2,N
BOM_502-1855-02,502-1855-02,300-0150,3,NULL,1,N
BOM_502-1855-02,502-1855-02,300-0151,4,NULL,1,N
BOM_502-1855-02,502-1855-02,300-0152,5,NULL,1,N
BOM_502-1855-02,502-1855-02,302-0004,8,NULL,2,N
BOM_502-1855-02,502-1855-02,302-0007,7,NULL,2,N
BOM_502-1855-02,502-1855-02,310-0401,9,NULL,1,N
BOM_502-1855-02,502-1855-02,310-0577,6,NULL,1,N
BOM_502-1855-02,502-1855-02,311-0244,13,NULL,2,N
BOM_502-1855-02,502-1855-02,311-0276,12,NULL,2,N
BOM_502-1855-02,502-1855-02,320-0284,10,NULL,2,N
BOM_502-1855-02,502-1855-02,VirtualProduct_502-1855-02_A4,1,NULL,1,N
BOM_502-1856,502-1856,260-0152-01,1,NULL,1,N
BOM_502-1856,502-1856,300-0150,2,NULL,1,N
BOM_502-1856,502-1856,300-0151,3,NULL,1,N
BOM_502-1856,502-1856,300-0152,4,NULL,1,N
BOM_502-1856,502-1856,302-0004,7,NULL,2,N
BOM_502-1856,502-1856,302-0007,6,NULL,2,N
BOM_502-1856,502-1856,310-0401,8,NULL,1,N
BOM_502-1856,502-1856,310-0577,5,NULL,1,N
BOM_502-1856,502-1856,311-0244,11,NULL,2,N
BOM_502-1856,502-1856,311-0276,12,NULL,2,N
BOM_502-1856,502-1856,320-0284,9,NULL,2,N
BOM_502-1879-01,502-1879-01,260-0164-01,1,NULL,1,N
BOM_502-1879-01,502-1879-01,300-0150,2,NULL,1,N
BOM_502-1879-01,502-1879-01,300-0151,3,NULL,1,N
BOM_502-1879-01,502-1879-01,300-0152,4,NULL,1,N
BOM_502-1879-01,502-1879-01,302-0004,7,NULL,2,N
BOM_502-1879-01,502-1879-01,302-0007,6,NULL,2,N
BOM_502-1879-01,502-1879-01,310-0401,8,NULL,1,N
BOM_502-1879-01,502-1879-01,310-0407,5,NULL,1,N
BOM_502-1879-01,502-1879-01,311-0244,12,NULL,2,N
BOM_502-1879-01,502-1879-01,311-0276,11,NULL,2,N
BOM_502-1879-01,502-1879-01,320-0284,9,NULL,2,N
BOM_502-1880-01,502-1880-01,260-0165-01,1,NULL,1,N
BOM_502-1880-01,502-1880-01,300-0150,2,NULL,1,N
BOM_502-1880-01,502-1880-01,300-0151,3,NULL,1,N
BOM_502-1880-01,502-1880-01,300-0152,4,NULL,1,N
BOM_502-1880-01,502-1880-01,310-0401,10,NULL,1,N
BOM_502-1880-01,502-1880-01,310-0407,5,NULL,1,N
BOM_502-1880-01,502-1880-01,320-0284,11,NULL,2,N
BOM_502-1880-01,502-1880-01,VirtualProduct_502-1880-01_A1,7,NULL,2,N
BOM_502-1880-01,502-1880-01,VirtualProduct_502-1880-01_A2,9,NULL,2,N
BOM_502-1890,502-1890,260-0152-02,1,NULL,1,N
BOM_502-1890,502-1890,300-0150,2,NULL,1,N
BOM_502-1890,502-1890,300-0151,3,NULL,1,N
BOM_502-1890,502-1890,300-0152,4,NULL,1,N
BOM_502-1890,502-1890,302-0004,7,NULL,2,N
BOM_502-1890,502-1890,302-0007,6,NULL,2,N
BOM_502-1890,502-1890,310-0401,8,NULL,1,N
BOM_502-1890,502-1890,310-0577,5,NULL,1,N
BOM_502-1890,502-1890,311-0244,11,NULL,2,N
BOM_502-1890,502-1890,311-0276,12,NULL,2,N
BOM_502-1890,502-1890,320-0284,9,NULL,2,N
BOM_502-1892,502-1892,260-0172,1,NULL,1,N
BOM_502-1892,502-1892,300-0211,3,NULL,1,N
BOM_502-1892,502-1892,300-0212,4,NULL,1,N
BOM_502-1892,502-1892,310-0401,11,NULL,1,N
BOM_502-1892,502-1892,310-0571,5,NULL,1,N
BOM_502-1892,502-1892,320-0284,12,NULL,2,N
BOM_502-1892,502-1892,VirtualProduct_502-1892_A1,19,NULL,1,N
BOM_502-1892,502-1892,VirtualProduct_502-1892_A2,8,NULL,2,N
BOM_502-1892,502-1892,VirtualProduct_502-1892_B1,10,NULL,2,N
BOM_502-1903-02,502-1903-02,260-0174-02,1,NULL,1,N
BOM_502-1903-02,502-1903-02,300-0150,2,NULL,1,N
BOM_502-1903-02,502-1903-02,300-0151,3,NULL,1,N
BOM_502-1903-02,502-1903-02,300-0152,4,NULL,1,N
BOM_502-1903-02,502-1903-02,302-0004,7,NULL,2,N
BOM_502-1903-02,502-1903-02,302-0007,6,NULL,2,N
BOM_502-1903-02,502-1903-02,310-0401,8,NULL,1,N
BOM_502-1903-02,502-1903-02,310-0407,5,NULL,1,N
BOM_502-1903-02,502-1903-02,311-0244,12,NULL,2,N
BOM_502-1903-02,502-1903-02,311-0276,11,NULL,2,N
BOM_502-1903-02,502-1903-02,320-0284,9,NULL,2,N
BOM_502-1905-01,502-1905-01,260-0141-01,1,NULL,1,N
BOM_502-1905-01,502-1905-01,300-0150,2,NULL,1,N
BOM_502-1905-01,502-1905-01,300-0151,3,NULL,1,N
BOM_502-1905-01,502-1905-01,300-0152,4,NULL,1,N
BOM_502-1905-01,502-1905-01,302-0004,7,NULL,2,N
BOM_502-1905-01,502-1905-01,302-0007,6,NULL,2,N
BOM_502-1905-01,502-1905-01,310-0401,8,NULL,1,N
BOM_502-1905-01,502-1905-01,310-0560,5,NULL,1,N
BOM_502-1905-01,502-1905-01,311-0244,12,NULL,2,N
BOM_502-1905-01,502-1905-01,311-0276,11,NULL,2,N
BOM_502-1905-01,502-1905-01,320-0284,9,NULL,2,N
BOM_502-1908-01,502-1908-01,260-0152-01,1,NULL,1,N
BOM_502-1908-01,502-1908-01,300-0150,2,NULL,1,N
BOM_502-1908-01,502-1908-01,300-0151,3,NULL,1,N
BOM_502-1908-01,502-1908-01,300-0152,4,NULL,1,N
BOM_502-1908-01,502-1908-01,302-0004,7,NULL,2,N
BOM_502-1908-01,502-1908-01,302-0007,6,NULL,2,N
BOM_502-1908-01,502-1908-01,310-0401,8,NULL,1,N
BOM_502-1908-01,502-1908-01,310-0591,5,NULL,1,N
BOM_502-1908-01,502-1908-01,311-0244,11,NULL,2,N
BOM_502-1908-01,502-1908-01,311-0276,12,NULL,2,N
BOM_502-1908-01,502-1908-01,320-0284,9,NULL,2,N
BOM_502-1908-02,502-1908-02,260-0152-02,1,NULL,1,N
BOM_502-1908-02,502-1908-02,300-0150,2,NULL,1,N
BOM_502-1908-02,502-1908-02,300-0151,3,NULL,1,N
BOM_502-1908-02,502-1908-02,300-0152,4,NULL,1,N
BOM_502-1908-02,502-1908-02,302-0004,7,NULL,2,N
BOM_502-1908-02,502-1908-02,302-0007,6,NULL,2,N
BOM_502-1908-02,502-1908-02,310-0401,8,NULL,1,N
BOM_502-1908-02,502-1908-02,310-0591,5,NULL,1,N
BOM_502-1908-02,502-1908-02,311-0244,11,NULL,2,N
BOM_502-1908-02,502-1908-02,311-0276,12,NULL,2,N
BOM_502-1908-02,502-1908-02,320-0284,9,NULL,2,N
BOM_502-1931,502-1931,260-0175,1,NULL,1,N
BOM_502-1931,502-1931,300-0211,3,NULL,1,N
BOM_502-1931,502-1931,300-0212,4,NULL,1,N
BOM_502-1931,502-1931,310-0401,11,NULL,1,N
BOM_502-1931,502-1931,310-0571,5,NULL,1,N
BOM_502-1931,502-1931,320-0284,12,NULL,2,N
BOM_502-1931,502-1931,VirtualProduct_502-1931_A1,8,NULL,2,N
BOM_502-1931,502-1931,VirtualProduct_502-1931_A2,10,NULL,2,N
BOM_502-1931,502-1931,VirtualProduct_502-1931_A3,2,NULL,1,N
BOM_502-1945,502-1945,260-0176,1,NULL,1,N
BOM_502-1945,502-1945,300-0151,3,NULL,1,N
BOM_502-1945,502-1945,300-0152,4,NULL,1,N
BOM_502-1945,502-1945,310-0401,10,NULL,1,N
BOM_502-1945,502-1945,310-0407,5,NULL,1,N
BOM_502-1945,502-1945,320-0284,11,NULL,2,N
BOM_502-1945,502-1945,VirtualProduct_502-1945_A1,7,NULL,2,N
BOM_502-1945,502-1945,VirtualProduct_502-1945_A2,9,NULL,2,N
BOM_502-1986,502-1986,260-0193,1,NULL,1,N
BOM_502-1986,502-1986,300-0211,3,NULL,1,N
BOM_502-1986,502-1986,300-0212,4,NULL,1,N
BOM_502-1986,502-1986,310-0401,11,NULL,1,N
BOM_502-1986,502-1986,310-0571,5,NULL,1,N
BOM_502-1986,502-1986,320-0284,12,NULL,2,N
BOM_502-1986,502-1986,VirtualProduct_502-1986_A1,8,NULL,2,N
BOM_502-1986,502-1986,VirtualProduct_502-1986_A2,10,NULL,2,N
BOM_502-1986,502-1986,VirtualProduct_502-1986_A3,2,NULL,1,N
BOM_502-2002,502-2002,260-0198,1,NULL,1,N
BOM_502-2002,502-2002,300-0150,2,NULL,1,N
BOM_502-2002,502-2002,300-0151,3,NULL,1,N
BOM_502-2002,502-2002,300-0152,4,NULL,1,N
BOM_502-2002,502-2002,302-0004,7,NULL,2,N
BOM_502-2002,502-2002,302-0007,6,NULL,2,N
BOM_502-2002,502-2002,310-0401,8,NULL,1,N
BOM_502-2002,502-2002,310-0407,5,NULL,1,N
BOM_502-2002,502-2002,311-0244,11,NULL,2,N
BOM_502-2002,502-2002,311-0276,12,NULL,2,N
BOM_502-2002,502-2002,320-0284,9,NULL,2,N
BOM_502-2003,502-2003,300-0150,3,NULL,1,N
BOM_502-2003,502-2003,300-0151,4,NULL,1,N
BOM_502-2003,502-2003,300-0152,5,NULL,1,N
BOM_502-2003,502-2003,302-0004,6,NULL,2,N
BOM_502-2003,502-2003,302-0007,7,NULL,2,N
BOM_502-2003,502-2003,310-0401,9,NULL,1,N
BOM_502-2003,502-2003,310-0407,10,NULL,1,N
BOM_502-2003,502-2003,311-0244,12,NULL,2,N
BOM_502-2003,502-2003,311-0276,13,NULL,2,N
BOM_502-2003,502-2003,320-0284,15,NULL,2,N
BOM_502-2003,502-2003,VirtualProduct_502-2003_A1,1,NULL,1,N
BOM_502-2021,502-2021,260-0199,1,NULL,1,N
BOM_502-2021,502-2021,300-0150,2,NULL,1,N
BOM_502-2021,502-2021,300-0151,3,NULL,1,N
BOM_502-2021,502-2021,300-0152,4,NULL,1,N
BOM_502-2021,502-2021,302-0004,7,NULL,2,N
BOM_502-2021,502-2021,302-0007,6,NULL,2,N
BOM_502-2021,502-2021,310-0401,8,NULL,1,N
BOM_502-2021,502-2021,310-0573,5,NULL,1,N
BOM_502-2021,502-2021,311-0244,12,NULL,2,N
BOM_502-2021,502-2021,311-0276,11,NULL,2,N
BOM_502-2021,502-2021,320-0284,9,NULL,2,N
BOM_502-2022,502-2022,260-0199,1,NULL,1,N
BOM_502-2022,502-2022,300-0150,2,NULL,1,N
BOM_502-2022,502-2022,300-0151,3,NULL,1,N
BOM_502-2022,502-2022,300-0152,4,NULL,1,N
BOM_502-2022,502-2022,302-0004,7,NULL,2,N
BOM_502-2022,502-2022,302-0007,6,NULL,2,N
BOM_502-2022,502-2022,310-0401,8,NULL,1,N
BOM_502-2022,502-2022,310-0574,5,NULL,1,N
BOM_502-2022,502-2022,311-0244,12,NULL,2,N
BOM_502-2022,502-2022,311-0276,11,NULL,2,N
BOM_502-2022,502-2022,320-0284,9,NULL,2,N
BOM_502-2023,502-2023,260-0199,1,NULL,1,N
BOM_502-2023,502-2023,300-0150,2,NULL,1,N
BOM_502-2023,502-2023,300-0151,3,NULL,1,N
BOM_502-2023,502-2023,300-0152,4,NULL,1,N
BOM_502-2023,502-2023,302-0004,7,NULL,2,N
BOM_502-2023,502-2023,302-0007,6,NULL,2,N
BOM_502-2023,502-2023,310-0401,8,NULL,1,N
BOM_502-2023,502-2023,310-0560,5,NULL,1,N
BOM_502-2023,502-2023,311-0244,12,NULL,2,N
BOM_502-2023,502-2023,311-0276,11,NULL,2,N
BOM_502-2023,502-2023,320-0284,9,NULL,2,N
BOM_502-2025,502-2025,260-0199,1,NULL,1,N
BOM_502-2025,502-2025,300-0150,2,NULL,1,N
BOM_502-2025,502-2025,300-0151,3,NULL,1,N
BOM_502-2025,502-2025,300-0152,4,NULL,1,N
BOM_502-2025,502-2025,302-0004,7,NULL,2,N
BOM_502-2025,502-2025,302-0007,6,NULL,2,N
BOM_502-2025,502-2025,310-0401,8,NULL,1,N
BOM_502-2025,502-2025,310-0577,5,NULL,1,N
BOM_502-2025,502-2025,311-0244,12,NULL,2,N
BOM_502-2025,502-2025,311-0276,11,NULL,2,N
BOM_502-2025,502-2025,320-0284,9,NULL,2,N
BOM_502-2026,502-2026,260-0198,1,NULL,1,N
BOM_502-2026,502-2026,300-0150,2,NULL,1,N
BOM_502-2026,502-2026,300-0151,3,NULL,1,N
BOM_502-2026,502-2026,300-0152,4,NULL,1,N
BOM_502-2026,502-2026,302-0004,7,NULL,2,N
BOM_502-2026,502-2026,302-0007,6,NULL,2,N
BOM_502-2026,502-2026,310-0401,8,NULL,1,N
BOM_502-2026,502-2026,310-0577,5,NULL,1,N
BOM_502-2026,502-2026,311-0244,11,NULL,2,N
BOM_502-2026,502-2026,311-0276,12,NULL,2,N
BOM_502-2026,502-2026,320-0284,9,NULL,2,N
BOM_502-2107,502-2107,260-0209,1,NULL,1,N
BOM_502-2107,502-2107,300-0150,2,NULL,1,N
BOM_502-2107,502-2107,300-0151,3,NULL,1,N
BOM_502-2107,502-2107,300-0152,4,NULL,1,N
BOM_502-2107,502-2107,302-0004,7,NULL,2,N
BOM_502-2107,502-2107,302-0007,6,NULL,2,N
BOM_502-2107,502-2107,310-0401,8,NULL,1,N
BOM_502-2107,502-2107,310-0591,5,NULL,1,N
BOM_502-2107,502-2107,311-0244,11,NULL,2,N
BOM_502-2107,502-2107,311-0276,12,NULL,2,N
BOM_502-2107,502-2107,320-0284,9,NULL,2,N
BOM_502-2109,502-2109,300-0150,3,NULL,1,N
BOM_502-2109,502-2109,300-0151,4,NULL,1,N
BOM_502-2109,502-2109,300-0152,5,NULL,1,N
BOM_502-2109,502-2109,302-0004,8,NULL,2,N
BOM_502-2109,502-2109,302-0007,7,NULL,2,N
BOM_502-2109,502-2109,310-0401,9,NULL,1,N
BOM_502-2109,502-2109,310-0573,6,NULL,1,N
BOM_502-2109,502-2109,311-0244,13,NULL,2,N
BOM_502-2109,502-2109,311-0276,12,NULL,2,N
BOM_502-2109,502-2109,320-0284,10,NULL,2,N
BOM_502-2109,502-2109,VirtualProduct_502-2109_A2,1,NULL,1,N
BOM_502-2119,502-2119,300-0150,3,NULL,1,N
BOM_502-2119,502-2119,300-0152,6,NULL,1,N
BOM_502-2119,502-2119,302-0004,10,NULL,2,N
BOM_502-2119,502-2119,302-0007,9,NULL,2,N
BOM_502-2119,502-2119,310-0401,11,NULL,1,N
BOM_502-2119,502-2119,311-0244,14,NULL,2,N
BOM_502-2119,502-2119,311-0276,15,NULL,2,N
BOM_502-2119,502-2119,320-0284,12,NULL,2,N
BOM_502-2119,502-2119,VirtualProduct_502-2119_A1,1,NULL,1,N
BOM_502-2119,502-2119,VirtualProduct_502-2119_A2,4,NULL,1,N
BOM_502-2119,502-2119,VirtualProduct_502-2119_A3,7,NULL,1,N
BOM_502-2178,502-2178,260-0199,1,NULL,1,N
BOM_502-2178,502-2178,300-0150,2,NULL,1,N
BOM_502-2178,502-2178,300-0151,3,NULL,1,N
BOM_502-2178,502-2178,300-0152,4,NULL,1,N
BOM_502-2178,502-2178,302-0004,7,NULL,2,N
BOM_502-2178,502-2178,302-0007,6,NULL,2,N
BOM_502-2178,502-2178,310-0401,8,NULL,1,N
BOM_502-2178,502-2178,310-0591,5,NULL,1,N
BOM_502-2178,502-2178,311-0244,11,NULL,2,N
BOM_502-2178,502-2178,311-0276,12,NULL,2,N
BOM_502-2178,502-2178,320-0284,9,NULL,2,N
BOM_502-2204,502-2204,260-0172,1,NULL,1,N
BOM_502-2204,502-2204,300-0211,3,NULL,1,N
BOM_502-2204,502-2204,300-0212,4,NULL,1,N
BOM_502-2204,502-2204,310-0401,11,NULL,1,N
BOM_502-2204,502-2204,310-0571,5,NULL,1,N
BOM_502-2204,502-2204,320-0284,12,NULL,2,N
BOM_502-2204,502-2204,504-1747,2,NULL,1,N
BOM_502-2204,502-2204,VirtualProduct_502-2204_B1,8,NULL,2,N
BOM_502-2204,502-2204,VirtualProduct_502-2204_B2,10,NULL,2,N
BOM_502-2205,502-2205,260-0162,1,NULL,1,N
BOM_502-2205,502-2205,300-0211,3,NULL,1,N
BOM_502-2205,502-2205,300-0212,4,NULL,1,N
BOM_502-2205,502-2205,310-0401,11,NULL,1,N
BOM_502-2205,502-2205,310-0571,5,NULL,1,N
BOM_502-2205,502-2205,320-0284,12,NULL,2,N
BOM_502-2205,502-2205,504-1747,2,NULL,1,N
BOM_502-2205,502-2205,VirtualProduct_502-2205_A1,8,NULL,2,N
BOM_502-2205,502-2205,VirtualProduct_502-2205_A2,10,NULL,2,N
BOM_502-2209,502-2209,300-0150,3,NULL,1,N
BOM_502-2209,502-2209,300-0151,4,NULL,1,N
BOM_502-2209,502-2209,300-0152,5,NULL,1,N
BOM_502-2209,502-2209,302-0004,8,NULL,2,N
BOM_502-2209,502-2209,302-0007,7,NULL,2,N
BOM_502-2209,502-2209,310-0401,9,NULL,1,N
BOM_502-2209,502-2209,310-0407,6,NULL,1,N
BOM_502-2209,502-2209,311-0244,12,NULL,2,N
BOM_502-2209,502-2209,311-0276,13,NULL,2,N
BOM_502-2209,502-2209,320-0284,10,NULL,2,N
BOM_502-2209,502-2209,VirtualProduct_502-2209_B1,2,NULL,1,N
BOM_502-2219,502-2219,300-0150,3,NULL,1,N
BOM_502-2219,502-2219,300-0151,4,NULL,1,N
BOM_502-2219,502-2219,300-0152,5,NULL,1,N
BOM_502-2219,502-2219,302-0004,8,NULL,2,N
BOM_502-2219,502-2219,302-0007,7,NULL,2,N
BOM_502-2219,502-2219,310-0401,9,NULL,1,N
BOM_502-2219,502-2219,310-0407,6,NULL,1,N
BOM_502-2219,502-2219,311-0244,13,NULL,2,N
BOM_502-2219,502-2219,311-0276,12,NULL,2,N
BOM_502-2219,502-2219,320-0284,10,NULL,2,N
BOM_502-2219,502-2219,VirtualProduct_502-2219_A1,1,NULL,1,N
BOM_502-2241,502-2241,300-0150,3,NULL,1,N
BOM_502-2241,502-2241,300-0151,4,NULL,1,N
BOM_502-2241,502-2241,300-0152,5,NULL,1,N
BOM_502-2241,502-2241,302-0004,8,NULL,2,N
BOM_502-2241,502-2241,302-0007,7,NULL,2,N
BOM_502-2241,502-2241,310-0401,9,NULL,1,N
BOM_502-2241,502-2241,310-0407,6,NULL,1,N
BOM_502-2241,502-2241,311-0244,13,NULL,2,N
BOM_502-2241,502-2241,311-0276,12,NULL,2,N
BOM_502-2241,502-2241,320-0284,10,NULL,2,N
BOM_502-2241,502-2241,VirtualProduct_502-2241_A1,2,NULL,1,N
BOM_502-2276,502-2276,300-0316,1,NULL,1,N
BOM_502-2276,502-2276,300-0317,2,NULL,1,N
BOM_502-2276,502-2276,302-0004,3,NULL,2,N
BOM_502-2276,502-2276,310-0166,4,NULL,1,N
BOM_502-2276,502-2276,310-0357,5,NULL,1,N
BOM_502-2276,502-2276,310-0376,6,NULL,2,N
BOM_502-2276,502-2276,310-0440,7,NULL,1,N
BOM_502-2276,502-2276,311-0207,8,NULL,1,N
BOM_502-2276,502-2276,320-0109,9,NULL,1,N
BOM_502-2276,502-2276,320-0284,10,NULL,2,N
BOM_502-2276,502-2276,VirtualProduct_502-2276_A1,12,NULL,1,N
BOM_502-2298,502-2298,260-0199,1,NULL,1,N
BOM_502-2298,502-2298,300-0150,2,NULL,1,N
BOM_502-2298,502-2298,300-0151,3,NULL,1,N
BOM_502-2298,502-2298,300-0152,4,NULL,1,N
BOM_502-2298,502-2298,302-0004,7,NULL,2,N
BOM_502-2298,502-2298,302-0007,6,NULL,2,N
BOM_502-2298,502-2298,310-0401,8,NULL,1,N
BOM_502-2298,502-2298,310-0590,5,NULL,1,N
BOM_502-2298,502-2298,311-0244,11,NULL,2,N
BOM_502-2298,502-2298,311-0276,12,NULL,2,N
BOM_502-2298,502-2298,320-0284,9,NULL,2,N
BOM_502-2304,502-2304,300-0311,5,NULL,1,N
BOM_502-2304,502-2304,300-0312,6,NULL,1,N
BOM_502-2304,502-2304,300-0313,7,NULL,1,N
BOM_502-2304,502-2304,302-0007,8,NULL,4,N
BOM_502-2304,502-2304,310-0401,9,NULL,1,N
BOM_502-2304,502-2304,311-0252,10,NULL,1,N
BOM_502-2304,502-2304,311-0276,13,NULL,2,N
BOM_502-2304,502-2304,320-0284,11,NULL,2,N
BOM_502-2304,502-2304,340-0056,12,NULL,1,N
BOM_502-2304,502-2304,VirtualProduct_502-2304_B1,2,NULL,1,N
BOM_502-2308,502-2308,302-0004,1,NULL,2,N
BOM_502-2308,502-2308,310-0166,2,NULL,1,N
BOM_502-2308,502-2308,310-0376,3,NULL,2,N
BOM_502-2308,502-2308,310-0440,4,NULL,1,N
BOM_502-2308,502-2308,311-0207,5,NULL,1,N
BOM_502-2308,502-2308,320-0109,6,NULL,1,N
BOM_502-2308,502-2308,320-0284,7,NULL,2,N
BOM_502-2308,502-2308,VirtualProduct_502-2308_A1,8,NULL,1,N
BOM_502-2308,502-2308,VirtualProduct_502-2308_C1,9,NULL,1,N
BOM_502-2308,502-2308,VirtualProduct_502-2308_D1,11,NULL,1,N
BOM_502-2308,502-2308,VirtualProduct_502-2308_E1,13,NULL,1,N
BOM_502-2339,502-2339,300-0144,1,NULL,2,N
BOM_502-2339,502-2339,300-0355,2,NULL,2,N
BOM_502-2339,502-2339,302-0006,3,NULL,4,N
BOM_502-2339,502-2339,310-0166,6,NULL,2,N
BOM_502-2339,502-2339,310-0357,4,NULL,2,N
BOM_502-2339,502-2339,310-0362,5,NULL,2,N
BOM_502-2339,502-2339,311-0207,7,NULL,2,N
BOM_502-2339,502-2339,320-0284,8,NULL,4,N
BOM_502-2339,502-2339,VirtualProduct_502-2339_A1,16,NULL,2,N
BOM_502-2346,502-2346,300-0150,3,NULL,1,N
BOM_502-2346,502-2346,300-0151,4,NULL,1,N
BOM_502-2346,502-2346,300-0152,5,NULL,1,N
BOM_502-2346,502-2346,302-0004,8,NULL,2,N
BOM_502-2346,502-2346,302-0007,7,NULL,2,N
BOM_502-2346,502-2346,310-0401,9,NULL,1,N
BOM_502-2346,502-2346,310-0407,6,NULL,1,N
BOM_502-2346,502-2346,311-0244,12,NULL,2,N
BOM_502-2346,502-2346,311-0276,13,NULL,2,N
BOM_502-2346,502-2346,320-0284,10,NULL,2,N
BOM_502-2346,502-2346,VirtualProduct_502-2346_A2,1,NULL,1,N
BOM_502-2375,502-2375,300-0150,4,NULL,1,N
BOM_502-2375,502-2375,300-0151,5,NULL,1,N
BOM_502-2375,502-2375,300-0152,6,NULL,1,N
BOM_502-2375,502-2375,302-0004,9,NULL,2,N
BOM_502-2375,502-2375,302-0007,8,NULL,2,N
BOM_502-2375,502-2375,310-0401,10,NULL,1,N
BOM_502-2375,502-2375,311-0244,13,NULL,2,N
BOM_502-2375,502-2375,311-0276,14,NULL,2,N
BOM_502-2375,502-2375,320-0284,11,NULL,2,N
BOM_502-2375,502-2375,340-0062,7,NULL,1,N
BOM_502-2375,502-2375,VirtualProduct_502-2375_A1,1,NULL,1,N
BOM_502-2376,502-2376,260-0199,1,NULL,1,N
BOM_502-2376,502-2376,300-0150,2,NULL,1,N
BOM_502-2376,502-2376,300-0151,3,NULL,1,N
BOM_502-2376,502-2376,300-0152,4,NULL,1,N
BOM_502-2376,502-2376,302-0004,7,NULL,2,N
BOM_502-2376,502-2376,302-0007,6,NULL,2,N
BOM_502-2376,502-2376,310-0401,8,NULL,1,N
BOM_502-2376,502-2376,311-0244,12,NULL,2,N
BOM_502-2376,502-2376,311-0276,11,NULL,2,N
BOM_502-2376,502-2376,320-0284,9,NULL,2,N
BOM_502-2376,502-2376,340-0063,5,NULL,1,N
BOM_502-2377,502-2377,300-0150,3,NULL,1,N
BOM_502-2377,502-2377,300-0151,4,NULL,1,N
BOM_502-2377,502-2377,300-0152,5,NULL,1,N
BOM_502-2377,502-2377,302-0004,8,NULL,2,N
BOM_502-2377,502-2377,302-0007,7,NULL,2,N
BOM_502-2377,502-2377,310-0401,9,NULL,1,N
BOM_502-2377,502-2377,311-0244,13,NULL,1,N
BOM_502-2377,502-2377,311-0276,12,NULL,2,N
BOM_502-2377,502-2377,320-0284,10,NULL,2,N
BOM_502-2377,502-2377,340-0063,6,NULL,1,N
BOM_502-2377,502-2377,VirtualProduct_502-2377_A2,1,NULL,1,N
BOM_502-2388,502-2388,300-0150,3,NULL,1,N
BOM_502-2388,502-2388,300-0151,4,NULL,1,N
BOM_502-2388,502-2388,300-0152,5,NULL,1,N
BOM_502-2388,502-2388,302-0004,8,NULL,2,N
BOM_502-2388,502-2388,302-0007,7,NULL,2,N
BOM_502-2388,502-2388,310-0401,9,NULL,1,N
BOM_502-2388,502-2388,310-0591,6,NULL,1,N
BOM_502-2388,502-2388,311-0244,12,NULL,2,N
BOM_502-2388,502-2388,311-0276,13,NULL,2,N
BOM_502-2388,502-2388,320-0284,10,NULL,2,N
BOM_502-2388,502-2388,VirtualProduct_502-2388_A1,2,NULL,1,N
BOM_502-2389,502-2389,260-0274,1,NULL,1,N
BOM_502-2389,502-2389,300-0150,2,NULL,1,N
BOM_502-2389,502-2389,300-0151,3,NULL,1,N
BOM_502-2389,502-2389,300-0152,4,NULL,1,N
BOM_502-2389,502-2389,302-0004,7,NULL,2,N
BOM_502-2389,502-2389,302-0007,6,NULL,2,N
BOM_502-2389,502-2389,310-0401,8,NULL,1,N
BOM_502-2389,502-2389,310-0591,5,NULL,1,N
BOM_502-2389,502-2389,311-0244,11,NULL,2,N
BOM_502-2389,502-2389,311-0276,12,NULL,2,N
BOM_502-2389,502-2389,320-0284,9,NULL,2,N
BOM_502-2404,502-2404,260-0274,1,NULL,1,N
BOM_502-2404,502-2404,300-0150,2,NULL,1,N
BOM_502-2404,502-2404,300-0151,3,NULL,1,N
BOM_502-2404,502-2404,300-0152,4,NULL,1,N
BOM_502-2404,502-2404,302-0004,7,NULL,2,N
BOM_502-2404,502-2404,302-0007,6,NULL,2,N
BOM_502-2404,502-2404,310-0401,8,NULL,1,N
BOM_502-2404,502-2404,310-0504,5,NULL,1,N
BOM_502-2404,502-2404,311-0244,12,NULL,2,N
BOM_502-2404,502-2404,311-0276,11,NULL,2,N
BOM_502-2404,502-2404,320-0284,9,NULL,2,N
BOM_502-2426,502-2426,260-0267,1,NULL,1,N
BOM_502-2426,502-2426,300-0150,2,NULL,1,N
BOM_502-2426,502-2426,300-0151,3,NULL,1,N
BOM_502-2426,502-2426,300-0152,4,NULL,1,N
BOM_502-2426,502-2426,302-0004,7,NULL,2,N
BOM_502-2426,502-2426,302-0007,6,NULL,2,N
BOM_502-2426,502-2426,310-0401,8,NULL,1,N
BOM_502-2426,502-2426,310-0407,5,NULL,1,N
BOM_502-2426,502-2426,311-0244,12,NULL,2,N
BOM_502-2426,502-2426,311-0276,11,NULL,2,N
BOM_502-2426,502-2426,320-0284,9,NULL,2,N
BOM_502-2437,502-2437,260-0298,1,NULL,1,N
BOM_502-2437,502-2437,300-0150,2,NULL,1,N
BOM_502-2437,502-2437,300-0151,3,NULL,1,N
BOM_502-2437,502-2437,300-0152,4,NULL,1,N
BOM_502-2437,502-2437,302-0004,7,NULL,2,N
BOM_502-2437,502-2437,302-0007,6,NULL,2,N
BOM_502-2437,502-2437,310-0401,8,NULL,1,N
BOM_502-2437,502-2437,310-0504,5,NULL,1,N
BOM_502-2437,502-2437,311-0244,15,NULL,2,N
BOM_502-2437,502-2437,311-0276,14,NULL,2,N
BOM_502-2437,502-2437,320-0284,9,NULL,2,N
BOM_502-2461,502-2461,300-0144,1,NULL,2,N
BOM_502-2461,502-2461,300-0355,2,NULL,2,N
BOM_502-2461,502-2461,302-0006,3,NULL,4,N
BOM_502-2461,502-2461,310-0166,4,NULL,2,N
BOM_502-2461,502-2461,310-0357,5,NULL,2,N
BOM_502-2461,502-2461,310-0362,6,NULL,2,N
BOM_502-2461,502-2461,311-0207,7,NULL,2,N
BOM_502-2461,502-2461,320-0284,8,NULL,4,N
BOM_502-2461,502-2461,VirtualProduct_502-2461_A1,14,NULL,2,N
BOM_502-2488,502-2488,300-0316,1,NULL,1,N
BOM_502-2488,502-2488,300-0317,2,NULL,1,N
BOM_502-2488,502-2488,302-0004,3,NULL,2,N
BOM_502-2488,502-2488,310-0166,4,NULL,1,N
BOM_502-2488,502-2488,310-0376,5,NULL,2,N
BOM_502-2488,502-2488,310-0440,6,NULL,1,N
BOM_502-2488,502-2488,311-0207,8,NULL,1,N
BOM_502-2488,502-2488,320-0109,9,NULL,1,N
BOM_502-2488,502-2488,320-0284,10,NULL,2,N
BOM_502-2488,502-2488,VirtualProduct_502-2488_A1,12,NULL,1,N
BOM_502-2502,502-2502,302-0004,1,NULL,2,N
BOM_502-2502,502-2502,310-0166,2,NULL,1,N
BOM_502-2502,502-2502,310-0376,3,NULL,2,N
BOM_502-2502,502-2502,310-0440,4,NULL,1,N
BOM_502-2502,502-2502,311-0207,5,NULL,1,N
BOM_502-2502,502-2502,320-0109,6,NULL,1,N
BOM_502-2502,502-2502,320-0284,7,NULL,2,N
BOM_502-2502,502-2502,VirtualProduct_502-2502_A1,21,NULL,1,N
BOM_502-2502,502-2502,VirtualProduct_502-2502_C1,14,NULL,1,N
BOM_502-2502,502-2502,VirtualProduct_502-2502_D1,16,NULL,1,N
BOM_502-2502,502-2502,VirtualProduct_502-2502_E1,18,NULL,1,N
BOM_502-2515,502-2515,300-0144,1,NULL,2,N
BOM_502-2515,502-2515,300-0355,2,NULL,2,N
BOM_502-2515,502-2515,302-0006,3,NULL,4,N
BOM_502-2515,502-2515,310-0166,4,NULL,2,N
BOM_502-2515,502-2515,310-0357,5,NULL,2,N
BOM_502-2515,502-2515,310-0362,6,NULL,2,N
BOM_502-2515,502-2515,311-0207,7,NULL,2,N
BOM_502-2515,502-2515,320-0284,8,NULL,4,N
BOM_502-2515,502-2515,VirtualProduct_502-2515_A1,15,NULL,2,N
BOM_502-2516,502-2516,300-0144,1,NULL,1,N
BOM_502-2516,502-2516,300-0355,2,NULL,1,N
BOM_502-2516,502-2516,302-0006,3,NULL,2,N
BOM_502-2516,502-2516,310-0166,4,NULL,1,N
BOM_502-2516,502-2516,310-0357,5,NULL,1,N
BOM_502-2516,502-2516,310-0362,6,NULL,1,N
BOM_502-2516,502-2516,311-0207,7,NULL,1,N
BOM_502-2516,502-2516,320-0284,8,NULL,2,N
BOM_502-2516,502-2516,VirtualProduct_502-2516_A1,12,NULL,1,N
BOM_502-2523,502-2523,300-0316,1,NULL,1,N
BOM_502-2523,502-2523,300-0317,2,NULL,1,N
BOM_502-2523,502-2523,302-0004,3,NULL,2,N
BOM_502-2523,502-2523,310-0166,4,NULL,1,N
BOM_502-2523,502-2523,310-0357,5,NULL,1,N
BOM_502-2523,502-2523,310-0376,6,NULL,2,N
BOM_502-2523,502-2523,310-0440,7,NULL,1,N
BOM_502-2523,502-2523,311-0207,8,NULL,1,N
BOM_502-2523,502-2523,320-0109,9,NULL,1,N
BOM_502-2523,502-2523,320-0284,10,NULL,2,N
BOM_502-2523,502-2523,504-1936,11,NULL,1,N
BOM_502-2534,502-2534,300-0150,3,NULL,1,N
BOM_502-2534,502-2534,300-0151,4,NULL,1,N
BOM_502-2534,502-2534,300-0152,5,NULL,1,N
BOM_502-2534,502-2534,302-0004,8,NULL,2,N
BOM_502-2534,502-2534,302-0007,7,NULL,2,N
BOM_502-2534,502-2534,310-0401,9,NULL,1,N
BOM_502-2534,502-2534,311-0244,15,NULL,2,N
BOM_502-2534,502-2534,311-0276,14,NULL,2,N
BOM_502-2534,502-2534,320-0284,10,NULL,2,N
BOM_502-2534,502-2534,340-0063,6,NULL,1,N
BOM_502-2534,502-2534,VirtualProduct_502-2534_A1,2,NULL,1,N
BOM_502-2545,502-2545,300-0150,3,NULL,1,N
BOM_502-2545,502-2545,300-0151,4,NULL,1,N
BOM_502-2545,502-2545,300-0152,5,NULL,1,N
BOM_502-2545,502-2545,302-0004,8,NULL,2,N
BOM_502-2545,502-2545,302-0007,7,NULL,2,N
BOM_502-2545,502-2545,310-0401,9,NULL,1,N
BOM_502-2545,502-2545,310-0591,6,NULL,1,N
BOM_502-2545,502-2545,311-0244,16,NULL,2,N
BOM_502-2545,502-2545,311-0276,15,NULL,2,N
BOM_502-2545,502-2545,320-0284,10,NULL,2,N
BOM_502-2545,502-2545,VirtualProduct_502-2545_A1,1,NULL,1,N
BOM_502-2546,502-2546,300-0150,3,NULL,1,N
BOM_502-2546,502-2546,300-0151,4,NULL,1,N
BOM_502-2546,502-2546,300-0152,5,NULL,1,N
BOM_502-2546,502-2546,302-0004,8,NULL,2,N
BOM_502-2546,502-2546,302-0007,7,NULL,2,N
BOM_502-2546,502-2546,310-0401,9,NULL,1,N
BOM_502-2546,502-2546,310-0590,6,NULL,1,N
BOM_502-2546,502-2546,311-0244,13,NULL,2,N
BOM_502-2546,502-2546,311-0276,12,NULL,2,N
BOM_502-2546,502-2546,320-0284,10,NULL,2,N
BOM_502-2546,502-2546,VirtualProduct_502-2546_A1,1,NULL,1,N
BOM_502-2547,502-2547,300-0316,1,NULL,1,N
BOM_502-2547,502-2547,300-0317,2,NULL,1,N
BOM_502-2547,502-2547,302-0004,7,NULL,2,N
BOM_502-2547,502-2547,310-0166,6,NULL,1,N
BOM_502-2547,502-2547,310-0376,10,NULL,2,N
BOM_502-2547,502-2547,310-0440,8,NULL,1,N
BOM_502-2547,502-2547,310-0494-001,3,NULL,1,N
BOM_502-2547,502-2547,311-0207,5,NULL,1,N
BOM_502-2547,502-2547,320-0109,9,NULL,1,N
BOM_502-2547,502-2547,320-0284,4,NULL,2,N
BOM_502-2547,502-2547,VirtualProduct_502-2547_C1,13,NULL,1,N
BOM_502-2588,502-2588,300-0144,2,NULL,2,N
BOM_502-2588,502-2588,300-0355,3,NULL,2,N
BOM_502-2588,502-2588,302-0006,7,NULL,4,N
BOM_502-2588,502-2588,310-0166,5,NULL,2,N
BOM_502-2588,502-2588,310-0362,8,NULL,2,N
BOM_502-2588,502-2588,311-0207,4,NULL,2,N
BOM_502-2588,502-2588,320-0284,6,NULL,4,N
BOM_502-2588,502-2588,504-1989,1,NULL,2,N
BOM_502-2590,502-2590,300-0316,2,NULL,1,N
BOM_502-2590,502-2590,300-0317,3,NULL,1,N
BOM_502-2590,502-2590,302-0004,8,NULL,2,N
BOM_502-2590,502-2590,310-0166,7,NULL,1,N
BOM_502-2590,502-2590,310-0376,11,NULL,2,N
BOM_502-2590,502-2590,310-0440,9,NULL,1,N
BOM_502-2590,502-2590,310-0494-001,4,NULL,1,N
BOM_502-2590,502-2590,311-0207,6,NULL,1,N
BOM_502-2590,502-2590,320-0109,10,NULL,1,N
BOM_502-2590,502-2590,320-0284,5,NULL,2,N
BOM_502-2602,502-2602,260-0199,1,NULL,1,N
BOM_502-2602,502-2602,300-0150,2,NULL,1,N
BOM_502-2602,502-2602,300-0151,3,NULL,1,N
BOM_502-2602,502-2602,300-0152,4,NULL,1,N
BOM_502-2602,502-2602,302-0004,7,NULL,2,N
BOM_502-2602,502-2602,302-0007,6,NULL,2,N
BOM_502-2602,502-2602,310-0401,8,NULL,1,N
BOM_502-2602,502-2602,310-0573,5,NULL,1,N
BOM_502-2602,502-2602,311-0244,12,NULL,2,N
BOM_502-2602,502-2602,311-0276,11,NULL,2,N
BOM_502-2602,502-2602,320-0284,9,NULL,2,N
BOM_502-2603,502-2603,260-0199,1,NULL,1,N
BOM_502-2603,502-2603,300-0150,2,NULL,1,N
BOM_502-2603,502-2603,300-0151,3,NULL,1,N
BOM_502-2603,502-2603,300-0152,4,NULL,1,N
BOM_502-2603,502-2603,302-0004,7,NULL,2,N
BOM_502-2603,502-2603,302-0007,6,NULL,2,N
BOM_502-2603,502-2603,310-0401,8,NULL,1,N
BOM_502-2603,502-2603,310-0574,5,NULL,1,N
BOM_502-2603,502-2603,311-0244,12,NULL,2,N
BOM_502-2603,502-2603,311-0276,11,NULL,2,N
BOM_502-2603,502-2603,320-0284,9,NULL,2,N
BOM_502-2617,502-2617,300-0150,3,NULL,1,N
BOM_502-2617,502-2617,300-0151,4,NULL,1,N
BOM_502-2617,502-2617,300-0152,5,NULL,1,N
BOM_502-2617,502-2617,302-0004,8,NULL,2,N
BOM_502-2617,502-2617,302-0007,7,NULL,2,N
BOM_502-2617,502-2617,310-0401,9,NULL,1,N
BOM_502-2617,502-2617,310-0590,6,NULL,1,N
BOM_502-2617,502-2617,311-0244,13,NULL,2,N
BOM_502-2617,502-2617,311-0276,12,NULL,2,N
BOM_502-2617,502-2617,320-0284,10,NULL,2,N
BOM_502-2617,502-2617,VirtualProduct_502-2617_A1,1,NULL,1,N
BOM_502-2619,502-2619,300-0311,5,NULL,1,N
BOM_502-2619,502-2619,300-0312,6,NULL,1,N
BOM_502-2619,502-2619,300-0313,7,NULL,1,N
BOM_502-2619,502-2619,302-0007,9,NULL,4,N
BOM_502-2619,502-2619,310-0401,10,NULL,1,N
BOM_502-2619,502-2619,310-0724,8,NULL,1,N
BOM_502-2619,502-2619,311-0252,11,NULL,1,N
BOM_502-2619,502-2619,311-0276,13,NULL,2,N
BOM_502-2619,502-2619,320-0284,12,NULL,2,N
BOM_502-2619,502-2619,VirtualProduct_502-2619_A1,1,NULL,1,N
BOM_502-2638,502-2638,300-0144,1,NULL,2,N
BOM_502-2638,502-2638,300-0355,2,NULL,2,N
BOM_502-2638,502-2638,302-0006,3,NULL,4,N
BOM_502-2638,502-2638,310-0166,4,NULL,2,N
BOM_502-2638,502-2638,310-0362,5,NULL,2,N
BOM_502-2638,502-2638,311-0207,6,NULL,2,N
BOM_502-2638,502-2638,320-0284,7,NULL,4,N
BOM_502-2638,502-2638,VirtualProduct_502-2638_C1,11,NULL,2,N
BOM_502-2647,502-2647,300-0316,3,NULL,1,N
BOM_502-2647,502-2647,300-0317,4,NULL,1,N
BOM_502-2647,502-2647,302-0004,5,NULL,2,N
BOM_502-2647,502-2647,310-0166,6,NULL,1,N
BOM_502-2647,502-2647,310-0357,7,NULL,1,N
BOM_502-2647,502-2647,310-0376,8,NULL,2,N
BOM_502-2647,502-2647,310-0440,9,NULL,1,N
BOM_502-2647,502-2647,311-0207,10,NULL,1,N
BOM_502-2647,502-2647,320-0109,11,NULL,1,N
BOM_502-2647,502-2647,320-0284,12,NULL,2,N
BOM_502-2647,502-2647,VirtualProduct_502-2647_A1,1,NULL,1,N
BOM_502-2648,502-2648,300-0144,3,NULL,2,N
BOM_502-2648,502-2648,300-0355,4,NULL,2,N
BOM_502-2648,502-2648,302-0006,5,NULL,4,N
BOM_502-2648,502-2648,310-0166,6,NULL,2,N
BOM_502-2648,502-2648,310-0357,7,NULL,2,N
BOM_502-2648,502-2648,310-0362,8,NULL,2,N
BOM_502-2648,502-2648,311-0207,9,NULL,2,N
BOM_502-2648,502-2648,320-0284,10,NULL,4,N
BOM_502-2648,502-2648,VirtualProduct_502-2648_A1,1,NULL,2,N
BOM_502-2708,502-2708,262-0031,1,NULL,1,N
BOM_502-2708,502-2708,300-0316,2,NULL,1,N
BOM_502-2708,502-2708,300-0317,3,NULL,1,N
BOM_502-2708,502-2708,302-0004,4,NULL,2,N
BOM_502-2708,502-2708,310-0166,5,NULL,1,N
BOM_502-2708,502-2708,310-0357,6,NULL,1,N
BOM_502-2708,502-2708,310-0376,7,NULL,2,N
BOM_502-2708,502-2708,310-0440,8,NULL,1,N
BOM_502-2708,502-2708,311-0207,9,NULL,1,N
BOM_502-2708,502-2708,320-0109,10,NULL,1,N
BOM_502-2708,502-2708,320-0284,11,NULL,2,N
BOM_502-2709,502-2709,260-0199,1,NULL,1,N
BOM_502-2709,502-2709,300-0150,2,NULL,1,N
BOM_502-2709,502-2709,300-0151,3,NULL,1,N
BOM_502-2709,502-2709,300-0152,4,NULL,1,N
BOM_502-2709,502-2709,302-0004,7,NULL,2,N
BOM_502-2709,502-2709,302-0007,6,NULL,2,N
BOM_502-2709,502-2709,310-0401,8,NULL,1,N
BOM_502-2709,502-2709,311-0244,11,NULL,1,N
BOM_502-2709,502-2709,311-0276,10,NULL,2,N
BOM_502-2709,502-2709,311-0363,13,NULL,1,N
BOM_502-2709,502-2709,320-0284,9,NULL,2,N
BOM_502-2709,502-2709,VirtualProduct_502-2709_A1,5,NULL,1,N
BOM_502-2723,502-2723,260-0385,1,NULL,1,N
BOM_502-2723,502-2723,300-0311,2,NULL,1,N
BOM_502-2723,502-2723,300-0312,3,NULL,1,N
BOM_502-2723,502-2723,300-0313,4,NULL,1,N
BOM_502-2723,502-2723,302-0007,5,NULL,4,N
BOM_502-2723,502-2723,310-0401,7,NULL,1,N
BOM_502-2723,502-2723,311-0276,9,NULL,2,N
BOM_502-2723,502-2723,311-0436,14,NULL,2,N
BOM_502-2723,502-2723,320-0284,11,NULL,2,N
BOM_502-2723,502-2723,340-0071,12,NULL,1,N
BOM_502-2723,502-2723,VirtualProduct_502-2723_A1,10,NULL,1,N
BOM_502-2729,502-2729,300-0316,3,NULL,1,N
BOM_502-2729,502-2729,300-0317,4,NULL,1,N
BOM_502-2729,502-2729,302-0004,5,NULL,2,N
BOM_502-2729,502-2729,310-0166,6,NULL,1,N
BOM_502-2729,502-2729,310-0376,7,NULL,2,N
BOM_502-2729,502-2729,310-0440,8,NULL,1,N
BOM_502-2729,502-2729,311-0207,9,NULL,1,N
BOM_502-2729,502-2729,320-0109,10,NULL,1,N
BOM_502-2729,502-2729,320-0284,11,NULL,2,N
BOM_502-2729,502-2729,VirtualProduct_502-2729_A1,12,NULL,1,N
BOM_502-2730,502-2730,300-0316,2,NULL,1,N
BOM_502-2730,502-2730,300-0317,3,NULL,1,N
BOM_502-2730,502-2730,302-0004,8,NULL,2,N
BOM_502-2730,502-2730,310-0166,7,NULL,1,N
BOM_502-2730,502-2730,310-0376,11,NULL,2,N
BOM_502-2730,502-2730,310-0440,9,NULL,1,N
BOM_502-2730,502-2730,311-0207,6,NULL,1,N
BOM_502-2730,502-2730,320-0109,10,NULL,1,N
BOM_502-2730,502-2730,320-0284,5,NULL,2,N
BOM_502-2730,502-2730,504-1936,1,NULL,1,N
BOM_502-2776,502-2776,260-0199,1,NULL,1,N
BOM_502-2776,502-2776,300-0150,2,NULL,1,N
BOM_502-2776,502-2776,300-0151,3,NULL,1,N
BOM_502-2776,502-2776,300-0152,4,NULL,1,N
BOM_502-2776,502-2776,302-0004,7,NULL,2,N
BOM_502-2776,502-2776,302-0007,6,NULL,2,N
BOM_502-2776,502-2776,310-0401,8,NULL,1,N
BOM_502-2776,502-2776,311-0244,12,NULL,2,N
BOM_502-2776,502-2776,311-0276,11,NULL,2,N
BOM_502-2776,502-2776,320-0284,9,NULL,2,N
BOM_502-2776,502-2776,340-0062,5,NULL,1,N
BOM_502-2783,502-2783,262-0044,1,NULL,1,N
BOM_502-2783,502-2783,300-0316,2,NULL,1,N
BOM_502-2783,502-2783,300-0317,3,NULL,1,N
BOM_502-2783,502-2783,302-0004,4,NULL,2,N
BOM_502-2783,502-2783,310-0357,6,NULL,1,N
BOM_502-2783,502-2783,310-0376,7,NULL,2,N
BOM_502-2783,502-2783,310-0440,8,NULL,1,N
BOM_502-2783,502-2783,320-0109,12,NULL,1,N
BOM_502-2783,502-2783,320-0284,13,NULL,2,N
BOM_502-2783,502-2783,VirtualProduct_502-2783_A1,5,NULL,1,N
BOM_502-2783,502-2783,VirtualProduct_502-2783_C1,9,NULL,1,N
BOM_502-2784,502-2784,262-0045,1,NULL,1,N
BOM_502-2784,502-2784,300-0316,2,NULL,1,N
BOM_502-2784,502-2784,300-0317,3,NULL,1,N
BOM_502-2784,502-2784,302-0004,4,NULL,2,N
BOM_502-2784,502-2784,310-0357,6,NULL,1,N
BOM_502-2784,502-2784,310-0376,7,NULL,2,N
BOM_502-2784,502-2784,310-0440,8,NULL,1,N
BOM_502-2784,502-2784,320-0109,12,NULL,1,N
BOM_502-2784,502-2784,320-0284,13,NULL,2,N
BOM_502-2784,502-2784,VirtualProduct_502-2784_A1,5,NULL,1,N
BOM_502-2784,502-2784,VirtualProduct_502-2784_C1,9,NULL,1,N
BOM_502-2795,502-2795,300-0316,2,NULL,1,N
BOM_502-2795,502-2795,300-0317,3,NULL,1,N
BOM_502-2795,502-2795,302-0004,8,NULL,2,N
BOM_502-2795,502-2795,310-0166,7,NULL,1,N
BOM_502-2795,502-2795,310-0357,4,NULL,1,N
BOM_502-2795,502-2795,310-0376,11,NULL,2,N
BOM_502-2795,502-2795,310-0440,9,NULL,1,N
BOM_502-2795,502-2795,311-0207,6,NULL,1,N
BOM_502-2795,502-2795,320-0109,10,NULL,1,N
BOM_502-2795,502-2795,320-0284,5,NULL,2,N
BOM_502-2795,502-2795,VirtualProduct_502-2795_A1,12,NULL,1,N
BOM_502-2806,502-2806,260-0417,1,NULL,1,N
BOM_502-2806,502-2806,300-0311,2,NULL,1,N
BOM_502-2806,502-2806,300-0312,3,NULL,1,N
BOM_502-2806,502-2806,300-0313,4,NULL,1,N
BOM_502-2806,502-2806,302-0007,5,NULL,4,N
BOM_502-2806,502-2806,310-0417,6,NULL,1,N
BOM_502-2806,502-2806,310-0724,11,NULL,1,N
BOM_502-2806,502-2806,311-0276,7,NULL,2,N
BOM_502-2806,502-2806,320-0284,8,NULL,2,N
BOM_502-2806,502-2806,321-0172,9,NULL,1,N
BOM_502-2806,502-2806,321-0173,10,NULL,1,N
BOM_502-2810,502-2810,300-0316,3,NULL,1,N
BOM_502-2810,502-2810,300-0317,4,NULL,1,N
BOM_502-2810,502-2810,302-0004,5,NULL,2,N
BOM_502-2810,502-2810,310-0166,6,NULL,1,N
BOM_502-2810,502-2810,310-0376,8,NULL,2,N
BOM_502-2810,502-2810,310-0440,9,NULL,1,N
BOM_502-2810,502-2810,311-0207,10,NULL,1,N
BOM_502-2810,502-2810,320-0109,11,NULL,1,N
BOM_502-2810,502-2810,320-0284,12,NULL,2,N
BOM_502-2810,502-2810,VirtualProduct_502-2810_A1,14,NULL,1,N
BOM_502-2842,502-2842,262-0054-CD,1,NULL,1,N
BOM_502-2842,502-2842,302-0004,6,NULL,2,N
BOM_502-2842,502-2842,310-0166,7,NULL,1,N
BOM_502-2842,502-2842,310-0376,10,NULL,2,N
BOM_502-2842,502-2842,310-0440,11,NULL,1,N
BOM_502-2842,502-2842,311-0207,12,NULL,1,N
BOM_502-2842,502-2842,320-0109,13,NULL,1,N
BOM_502-2842,502-2842,320-0284,14,NULL,2,N
BOM_502-2842,502-2842,VirtualProduct_502-2842_C1,2,NULL,1,N
BOM_502-2842,502-2842,VirtualProduct_502-2842_D1,4,NULL,1,N
BOM_502-2842,502-2842,VirtualProduct_502-2842_E1,8,NULL,1,N
BOM_502-2848,502-2848,300-0150,4,NULL,1,N
BOM_502-2848,502-2848,300-0151,5,NULL,1,N
BOM_502-2848,502-2848,300-0152,6,NULL,1,N
BOM_502-2848,502-2848,302-0004,7,NULL,2,N
BOM_502-2848,502-2848,302-0007,8,NULL,2,N
BOM_502-2848,502-2848,310-0401,9,NULL,1,N
BOM_502-2848,502-2848,310-0504,10,NULL,1,N
BOM_502-2848,502-2848,311-0244,11,NULL,2,N
BOM_502-2848,502-2848,311-0276,12,NULL,2,N
BOM_502-2848,502-2848,320-0284,13,NULL,2,N
BOM_502-2848,502-2848,VirtualProduct_502-2848_A1,1,NULL,1,N
BOM_502-2856,502-2856,262-0058-CD,1,NULL,1,N
BOM_502-2856,502-2856,300-0316,2,NULL,1,N
BOM_502-2856,502-2856,300-0317,3,NULL,1,N
BOM_502-2856,502-2856,302-0004,4,NULL,2,N
BOM_502-2856,502-2856,310-0166,5,NULL,1,N
BOM_502-2856,502-2856,310-0376,6,NULL,2,N
BOM_502-2856,502-2856,310-0440,7,NULL,1,N
BOM_502-2856,502-2856,311-0207,8,NULL,1,N
BOM_502-2856,502-2856,320-0109,9,NULL,1,N
BOM_502-2856,502-2856,320-0284,10,NULL,2,N
BOM_502-2881,502-2881,300-0150,2,NULL,1,N
BOM_502-2881,502-2881,300-0151,3,NULL,1,N
BOM_502-2881,502-2881,300-0152,4,NULL,1,N
BOM_502-2881,502-2881,302-0004,7,NULL,2,N
BOM_502-2881,502-2881,302-0007,6,NULL,2,N
BOM_502-2881,502-2881,310-0401,8,NULL,1,N
BOM_502-2881,502-2881,310-0504,5,NULL,1,N
BOM_502-2881,502-2881,311-0244,12,NULL,2,N
BOM_502-2881,502-2881,311-0276,11,NULL,2,N
BOM_502-2881,502-2881,320-0284,9,NULL,2,N
BOM_502-2881,502-2881,VirtualProduct_502-2881_A1,1,NULL,1,N
BOM_502-2894,502-2894,300-0144,4,NULL,1,N
BOM_502-2894,502-2894,300-0355,5,NULL,1,N
BOM_502-2894,502-2894,302-0006,6,NULL,2,N
BOM_502-2894,502-2894,310-0166,7,NULL,1,N
BOM_502-2894,502-2894,310-0357,8,NULL,1,N
BOM_502-2894,502-2894,310-0362,9,NULL,1,N
BOM_502-2894,502-2894,311-0207,10,NULL,1,N
BOM_502-2894,502-2894,320-0284,11,NULL,2,N
BOM_502-2894,502-2894,VirtualProduct_502-2894_A1,15,NULL,1,N
BOM_502-2895,502-2895,300-0213,1,NULL,1,N
BOM_502-2895,502-2895,300-0214,2,NULL,1,N
BOM_502-2895,502-2895,302-0008,3,NULL,2,N
BOM_502-2895,502-2895,310-0228,4,NULL,1,N
BOM_502-2895,502-2895,310-0229,5,NULL,1,N
BOM_502-2895,502-2895,310-0300,8,NULL,1,N
BOM_502-2895,502-2895,310-0474,10,NULL,3,N
BOM_502-2895,502-2895,311-0005,11,NULL,1,N
BOM_502-2895,502-2895,320-0128,13,NULL,1,N
BOM_502-2895,502-2895,320-0248,14,NULL,1,N
BOM_502-2895,502-2895,VirtualProduct_502-2895_A1,16,NULL,1,N
BOM_502-2895,502-2895,VirtualProduct_502-2895_C1,6,NULL,1,N
BOM_502-2921,502-2921,260-0459-CD,1,NULL,1,N
BOM_502-2921,502-2921,300-0311,2,NULL,1,N
BOM_502-2921,502-2921,300-0312,3,NULL,1,N
BOM_502-2921,502-2921,300-0313,4,NULL,1,N
BOM_502-2921,502-2921,302-0007,5,NULL,4,N
BOM_502-2921,502-2921,310-0401,6,NULL,1,N
BOM_502-2921,502-2921,311-0252,7,NULL,1,N
BOM_502-2921,502-2921,311-0276,8,NULL,2,N
BOM_502-2921,502-2921,320-0284,13,NULL,2,N
BOM_502-2921,502-2921,340-0056,14,NULL,1,N
BOM_502-2923,502-2923,260-0460-CD,1,NULL,1,N
BOM_502-2923,502-2923,300-0311,2,NULL,1,N
BOM_502-2923,502-2923,300-0312,3,NULL,1,N
BOM_502-2923,502-2923,300-0313,4,NULL,1,N
BOM_502-2923,502-2923,302-0007,5,NULL,4,N
BOM_502-2923,502-2923,310-0401,6,NULL,1,N
BOM_502-2923,502-2923,311-0252,7,NULL,1,N
BOM_502-2923,502-2923,311-0276,8,NULL,2,N
BOM_502-2923,502-2923,320-0284,13,NULL,2,N
BOM_502-2923,502-2923,340-0056,14,NULL,1,N
BOM_502-2935,502-2935,300-0144,2,NULL,1,N
BOM_502-2935,502-2935,300-0355,3,NULL,1,N
BOM_502-2935,502-2935,302-0006,4,NULL,2,N
BOM_502-2935,502-2935,310-0166,5,NULL,1,N
BOM_502-2935,502-2935,310-0357,6,NULL,1,N
BOM_502-2935,502-2935,310-0362,7,NULL,1,N
BOM_502-2935,502-2935,311-0207,8,NULL,1,N
BOM_502-2935,502-2935,320-0284,9,NULL,2,N
BOM_502-2935,502-2935,VirtualProduct_502-2935_A1,11,NULL,1,N
BOM_502-2936,502-2936,300-0213,1,NULL,1,N
BOM_502-2936,502-2936,300-0214,2,NULL,1,N
BOM_502-2936,502-2936,302-0008,3,NULL,2,N
BOM_502-2936,502-2936,310-0228,4,NULL,1,N
BOM_502-2936,502-2936,310-0229,5,NULL,1,N
BOM_502-2936,502-2936,310-0241,6,NULL,1,N
BOM_502-2936,502-2936,310-0300,7,NULL,1,N
BOM_502-2936,502-2936,310-0474,8,NULL,3,N
BOM_502-2936,502-2936,311-0005,9,NULL,1,N
BOM_502-2936,502-2936,320-0128,12,NULL,1,N
BOM_502-2936,502-2936,320-0248,13,NULL,1,N
BOM_502-2936,502-2936,504-1704,15,NULL,1,N
BOM_502-2937,502-2937,300-0144,2,NULL,2,N
BOM_502-2937,502-2937,300-0355,3,NULL,2,N
BOM_502-2937,502-2937,302-0006,4,NULL,4,N
BOM_502-2937,502-2937,310-0166,5,NULL,2,N
BOM_502-2937,502-2937,310-0357,6,NULL,2,N
BOM_502-2937,502-2937,310-0362,7,NULL,2,N
BOM_502-2937,502-2937,311-0207,8,NULL,2,N
BOM_502-2937,502-2937,320-0284,9,NULL,4,N
BOM_502-2937,502-2937,VirtualProduct_502-2937_A1,11,NULL,1,N
BOM_502-2938,502-2938,262-0077-CD,1,NULL,1,N
BOM_502-2938,502-2938,302-0004,6,NULL,2,N
BOM_502-2938,502-2938,310-0166,7,NULL,1,N
BOM_502-2938,502-2938,310-0376,10,NULL,2,N
BOM_502-2938,502-2938,310-0440,11,NULL,1,N
BOM_502-2938,502-2938,311-0207,12,NULL,1,N
BOM_502-2938,502-2938,320-0109,13,NULL,1,N
BOM_502-2938,502-2938,320-0284,14,NULL,2,N
BOM_502-2938,502-2938,VirtualProduct_502-2938_C1,2,NULL,1,N
BOM_502-2938,502-2938,VirtualProduct_502-2938_D1,4,NULL,1,N
BOM_502-2938,502-2938,VirtualProduct_502-2938_E1,8,NULL,1,N
BOM_502-2945,502-2945,260-0464-CD,1,NULL,1,N
BOM_502-2945,502-2945,300-0311,2,NULL,1,N
BOM_502-2945,502-2945,300-0312,3,NULL,1,N
BOM_502-2945,502-2945,302-0007,5,NULL,4,N
BOM_502-2945,502-2945,310-0417,6,NULL,1,N
BOM_502-2945,502-2945,311-0252,7,NULL,1,N
BOM_502-2945,502-2945,311-0276,8,NULL,2,N
BOM_502-2945,502-2945,320-0284,13,NULL,2,N
BOM_502-2945,502-2945,340-0056,14,NULL,1,N
BOM_502-2956,502-2956,260-0470-CD,1,NULL,1,N
BOM_502-2956,502-2956,300-0311,2,NULL,1,N
BOM_502-2956,502-2956,300-0312,3,NULL,1,N
BOM_502-2956,502-2956,300-0313,4,NULL,1,N
BOM_502-2956,502-2956,302-0007,5,NULL,4,N
BOM_502-2956,502-2956,310-0401,6,NULL,1,N
BOM_502-2956,502-2956,311-0252,7,NULL,1,N
BOM_502-2956,502-2956,311-0276,8,NULL,2,N
BOM_502-2956,502-2956,320-0284,13,NULL,2,N
BOM_502-2956,502-2956,340-0056,14,NULL,1,N
BOM_502-2957,502-2957,260-0471-CD,1,NULL,1,N
BOM_502-2957,502-2957,300-0311,2,NULL,1,N
BOM_502-2957,502-2957,300-0312,3,NULL,1,N
BOM_502-2957,502-2957,300-0313,4,NULL,1,N
BOM_502-2957,502-2957,302-0007,5,NULL,4,N
BOM_502-2957,502-2957,310-0401,6,NULL,1,N
BOM_502-2957,502-2957,311-0252,7,NULL,1,N
BOM_502-2957,502-2957,311-0276,8,NULL,2,N
BOM_502-2957,502-2957,320-0284,13,NULL,2,N
BOM_502-2957,502-2957,340-0056,14,NULL,1,N
BOM_502-2991,502-2991,260-0385,1,NULL,1,N
BOM_502-2991,502-2991,300-0311,2,NULL,1,N
BOM_502-2991,502-2991,300-0312,3,NULL,1,N
BOM_502-2991,502-2991,300-0313,4,NULL,1,N
BOM_502-2991,502-2991,302-0007,5,NULL,4,N
BOM_502-2991,502-2991,310-0401,18,NULL,1,N
BOM_502-2991,502-2991,311-0276,8,NULL,2,N
BOM_502-2991,502-2991,311-0436,12,NULL,2,N
BOM_502-2991,502-2991,311-0437,13,NULL,1,N
BOM_502-2991,502-2991,320-0284,10,NULL,2,N
BOM_502-2991,502-2991,340-0071,17,NULL,1,N
BOM_502-3023,502-3023,300-0311,4,NULL,1,N
BOM_502-3023,502-3023,300-0312,5,NULL,1,N
BOM_502-3023,502-3023,300-0313,6,NULL,1,N
BOM_502-3023,502-3023,302-0007,7,NULL,4,N
BOM_502-3023,502-3023,310-0401,9,NULL,1,N
BOM_502-3023,502-3023,311-0252,11,NULL,1,N
BOM_502-3023,502-3023,311-0276,16,NULL,2,N
BOM_502-3023,502-3023,311-0437,17,NULL,1,N
BOM_502-3023,502-3023,320-0284,12,NULL,2,N
BOM_502-3023,502-3023,340-0056,13,NULL,1,N
BOM_502-3023,502-3023,VirtualProduct_502-3023_A1,3,NULL,1,N
BOM_502-3058,502-3058,262-0127-CD,1,NULL,1,N
BOM_502-3058,502-3058,300-0316,2,NULL,1,N
BOM_502-3058,502-3058,300-0317,3,NULL,1,N
BOM_502-3058,502-3058,302-0004,4,NULL,2,N
BOM_502-3058,502-3058,310-0166,5,NULL,1,N
BOM_502-3058,502-3058,310-0357,6,NULL,1,N
BOM_502-3058,502-3058,310-0376,7,NULL,2,N
BOM_502-3058,502-3058,310-0440,8,NULL,1,N
BOM_502-3058,502-3058,311-0207,9,NULL,1,N
BOM_502-3058,502-3058,320-0109,10,NULL,1,N
BOM_502-3058,502-3058,320-0284,11,NULL,2,N
BOM_502-3059,502-3059,262-0128-CD,1,NULL,1,N
BOM_502-3059,502-3059,300-0316,2,NULL,1,N
BOM_502-3059,502-3059,300-0317,3,NULL,1,N
BOM_502-3059,502-3059,302-0004,4,NULL,2,N
BOM_502-3059,502-3059,310-0166,5,NULL,1,N
BOM_502-3059,502-3059,310-0357,6,NULL,1,N
BOM_502-3059,502-3059,310-0376,7,NULL,2,N
BOM_502-3059,502-3059,310-0440,8,NULL,1,N
BOM_502-3059,502-3059,311-0207,9,NULL,1,N
BOM_502-3059,502-3059,320-0109,10,NULL,1,N
BOM_502-3059,502-3059,320-0284,11,NULL,2,N
BOM_502-3060,502-3060,262-0127-CD,1,NULL,1,N
BOM_502-3060,502-3060,300-0316,2,NULL,1,N
BOM_502-3060,502-3060,300-0317,3,NULL,1,N
BOM_502-3060,502-3060,302-0004,4,NULL,2,N
BOM_502-3060,502-3060,310-0166,5,NULL,1,N
BOM_502-3060,502-3060,310-0357,6,NULL,1,N
BOM_502-3060,502-3060,310-0376,7,NULL,2,N
BOM_502-3060,502-3060,310-0440,8,NULL,1,N
BOM_502-3060,502-3060,311-0207,9,NULL,1,N
BOM_502-3060,502-3060,320-0109,10,NULL,1,N
BOM_502-3060,502-3060,320-0284,11,NULL,2,N
BOM_502-3061,502-3061,262-0128-CD,1,NULL,1,N
BOM_502-3061,502-3061,300-0316,2,NULL,1,N
BOM_502-3061,502-3061,300-0317,3,NULL,1,N
BOM_502-3061,502-3061,302-0004,4,NULL,2,N
BOM_502-3061,502-3061,310-0166,5,NULL,1,N
BOM_502-3061,502-3061,310-0357,6,NULL,1,N
BOM_502-3061,502-3061,310-0376,7,NULL,2,N
BOM_502-3061,502-3061,310-0440,8,NULL,1,N
BOM_502-3061,502-3061,311-0207,9,NULL,1,N
BOM_502-3061,502-3061,320-0109,10,NULL,1,N
BOM_502-3061,502-3061,320-0284,11,NULL,2,N
BOM_502-3062,502-3062,262-0127-CD,1,NULL,1,N
BOM_502-3062,502-3062,300-0316,2,NULL,1,N
BOM_502-3062,502-3062,300-0317,3,NULL,1,N
BOM_502-3062,502-3062,302-0004,4,NULL,2,N
BOM_502-3062,502-3062,310-0166,5,NULL,1,N
BOM_502-3062,502-3062,310-0357,6,NULL,1,N
BOM_502-3062,502-3062,310-0376,7,NULL,2,N
BOM_502-3062,502-3062,310-0440,8,NULL,1,N
BOM_502-3062,502-3062,311-0207,9,NULL,1,N
BOM_502-3062,502-3062,320-0109,10,NULL,1,N
BOM_502-3062,502-3062,320-0284,11,NULL,2,N
BOM_502-3063,502-3063,262-0128-CD,1,NULL,1,N
BOM_502-3063,502-3063,300-0316,2,NULL,1,N
BOM_502-3063,502-3063,300-0317,3,NULL,1,N
BOM_502-3063,502-3063,302-0004,4,NULL,2,N
BOM_502-3063,502-3063,310-0166,5,NULL,1,N
BOM_502-3063,502-3063,310-0357,6,NULL,1,N
BOM_502-3063,502-3063,310-0376,7,NULL,2,N
BOM_502-3063,502-3063,310-0440,8,NULL,1,N
BOM_502-3063,502-3063,311-0207,9,NULL,1,N
BOM_502-3063,502-3063,320-0109,10,NULL,1,N
BOM_502-3063,502-3063,320-0284,11,NULL,2,N
BOM_502-3093,502-3093,262-0137-CD,1,NULL,1,N
BOM_502-3093,502-3093,300-0316,2,NULL,1,N
BOM_502-3093,502-3093,300-0317,3,NULL,1,N
BOM_502-3093,502-3093,302-0004,4,NULL,2,N
BOM_502-3093,502-3093,310-0166,5,NULL,1,N
BOM_502-3093,502-3093,310-0357,6,NULL,1,N
BOM_502-3093,502-3093,310-0376,7,NULL,2,N
BOM_502-3093,502-3093,310-0440,8,NULL,1,N
BOM_502-3093,502-3093,311-0207,9,NULL,1,N
BOM_502-3093,502-3093,320-0109,10,NULL,1,N
BOM_502-3093,502-3093,320-0284,11,NULL,2,N
BOM_502-3124,502-3124,260-0198,1,NULL,1,N
BOM_502-3124,502-3124,300-0150,2,NULL,1,N
BOM_502-3124,502-3124,300-0151,3,NULL,1,N
BOM_502-3124,502-3124,300-0152,4,NULL,1,N
BOM_502-3124,502-3124,302-0004,7,NULL,2,N
BOM_502-3124,502-3124,302-0007,6,NULL,2,N
BOM_502-3124,502-3124,310-0401,8,NULL,1,N
BOM_502-3124,502-3124,310-0591,5,NULL,1,N
BOM_502-3124,502-3124,311-0244,14,NULL,2,N
BOM_502-3124,502-3124,311-0276,13,NULL,2,N
BOM_502-3124,502-3124,320-0284,9,NULL,2,N
BOM_502-3184,502-3184,300-0316,1,NULL,1,N
BOM_502-3184,502-3184,300-0317,2,NULL,1,N
BOM_502-3184,502-3184,302-0004,3,NULL,2,N
BOM_502-3184,502-3184,310-0166,4,NULL,1,N
BOM_502-3184,502-3184,310-0357,5,NULL,1,N
BOM_502-3184,502-3184,310-0376,6,NULL,2,N
BOM_502-3184,502-3184,310-0440,7,NULL,1,N
BOM_502-3184,502-3184,311-0207,8,NULL,1,N
BOM_502-3184,502-3184,320-0109,9,NULL,1,N
BOM_502-3184,502-3184,320-0284,10,NULL,2,N
BOM_502-3184,502-3184,VirtualProduct_502-3184_A1,12,NULL,1,N
BOM_502-3188,502-3188,260-0199,1,NULL,1,N
BOM_502-3188,502-3188,300-0150,2,NULL,1,N
BOM_502-3188,502-3188,300-0151,3,NULL,1,N
BOM_502-3188,502-3188,300-0152,17,NULL,1,N
BOM_502-3188,502-3188,302-0004,6,NULL,2,N
BOM_502-3188,502-3188,302-0007,5,NULL,2,N
BOM_502-3188,502-3188,310-0401,7,NULL,1,N
BOM_502-3188,502-3188,310-0591,4,NULL,1,N
BOM_502-3188,502-3188,311-0244,14,NULL,2,N
BOM_502-3188,502-3188,311-0276,13,NULL,2,N
BOM_502-3188,502-3188,311-0437,16,NULL,1,N
BOM_502-3188,502-3188,320-0284,8,NULL,2,N
BOM_502-3189,502-3189,300-0150,3,NULL,1,N
BOM_502-3189,502-3189,300-0151,4,NULL,1,N
BOM_502-3189,502-3189,300-0152,5,NULL,1,N
BOM_502-3189,502-3189,302-0004,8,NULL,2,N
BOM_502-3189,502-3189,302-0007,7,NULL,2,N
BOM_502-3189,502-3189,310-0401,9,NULL,1,N
BOM_502-3189,502-3189,310-0591,6,NULL,1,N
BOM_502-3189,502-3189,311-0244,16,NULL,2,N
BOM_502-3189,502-3189,311-0276,15,NULL,2,N
BOM_502-3189,502-3189,311-0437,18,NULL,1,N
BOM_502-3189,502-3189,320-0284,10,NULL,2,N
BOM_502-3189,502-3189,VirtualProduct_502-3189_A1,1,NULL,1,N
BOM_502-3207,502-3207,300-0311,4,NULL,1,N
BOM_502-3207,502-3207,300-0312,5,NULL,1,N
BOM_502-3207,502-3207,300-0313,6,NULL,1,N
BOM_502-3207,502-3207,302-0007,7,NULL,4,N
BOM_502-3207,502-3207,310-0401,8,NULL,1,N
BOM_502-3207,502-3207,311-0252,9,NULL,1,N
BOM_502-3207,502-3207,311-0276,10,NULL,2,N
BOM_502-3207,502-3207,320-0284,15,NULL,2,N
BOM_502-3207,502-3207,340-0056,16,NULL,1,N
BOM_502-3207,502-3207,VirtualProduct_502-3207_A1,2,NULL,1,N
BOM_502-3423,502-3423,300-0150,3,NULL,1,N
BOM_502-3423,502-3423,300-0152,6,NULL,1,N
BOM_502-3423,502-3423,302-0004,10,NULL,2,N
BOM_502-3423,502-3423,302-0007,9,NULL,2,N
BOM_502-3423,502-3423,310-0401,11,NULL,1,N
BOM_502-3423,502-3423,311-0244,18,NULL,2,N
BOM_502-3423,502-3423,311-0276,17,NULL,2,N
BOM_502-3423,502-3423,311-0363,21,NULL,1,N
BOM_502-3423,502-3423,320-0284,12,NULL,2,N
BOM_502-3423,502-3423,VirtualProduct_502-3423_A1,1,NULL,1,N
BOM_502-3423,502-3423,VirtualProduct_502-3423_A2,4,NULL,1,N
BOM_502-3423,502-3423,VirtualProduct_502-3423_A3,7,NULL,1,N
BOM_502-3424,502-3424,300-0150,3,NULL,1,N
BOM_502-3424,502-3424,300-0152,6,NULL,1,N
BOM_502-3424,502-3424,302-0004,10,NULL,2,N
BOM_502-3424,502-3424,302-0007,9,NULL,2,N
BOM_502-3424,502-3424,310-0401,11,NULL,1,N
BOM_502-3424,502-3424,311-0244,18,NULL,2,N
BOM_502-3424,502-3424,311-0276,17,NULL,2,N
BOM_502-3424,502-3424,311-0363,21,NULL,1,N
BOM_502-3424,502-3424,320-0284,12,NULL,2,N
BOM_502-3424,502-3424,VirtualProduct_502-3424_A1,1,NULL,1,N
BOM_502-3424,502-3424,VirtualProduct_502-3424_A2,4,NULL,1,N
BOM_502-3424,502-3424,VirtualProduct_502-3424_A3,7,NULL,1,N
BOM_502-3450,502-3450,302-0004,5,NULL,2,N
BOM_502-3450,502-3450,310-0166,6,NULL,1,N
BOM_502-3450,502-3450,310-0376,9,NULL,2,N
BOM_502-3450,502-3450,310-0440,10,NULL,1,N
BOM_502-3450,502-3450,311-0207,11,NULL,1,N
BOM_502-3450,502-3450,320-0109,12,NULL,1,N
BOM_502-3450,502-3450,320-0284,13,NULL,2,N
BOM_502-3450,502-3450,504-1936,14,NULL,1,N
BOM_502-3450,502-3450,VirtualProduct_502-3450_C1,1,NULL,1,N
BOM_502-3450,502-3450,VirtualProduct_502-3450_D1,3,NULL,1,N
BOM_502-3450,502-3450,VirtualProduct_502-3450_E1,7,NULL,1,N
BOM_502-3502,502-3502,300-0144,2,NULL,1,N
BOM_502-3502,502-3502,300-0355,3,NULL,1,N
BOM_502-3502,502-3502,302-0006,4,NULL,2,N
BOM_502-3502,502-3502,310-0166,5,NULL,1,N
BOM_502-3502,502-3502,310-0357,6,NULL,1,N
BOM_502-3502,502-3502,310-0362,7,NULL,1,N
BOM_502-3502,502-3502,311-0207,8,NULL,1,N
BOM_502-3502,502-3502,320-0284,9,NULL,2,N
BOM_502-3502,502-3502,VirtualProduct_502-3502_A1,11,NULL,1,N
BOM_502-3519,502-3519,262-0229-CD,1,NULL,2,N
BOM_502-3519,502-3519,300-0144,2,NULL,2,N
BOM_502-3519,502-3519,300-0355,3,NULL,2,N
BOM_502-3519,502-3519,302-0006,4,NULL,4,N
BOM_502-3519,502-3519,310-0166,5,NULL,2,N
BOM_502-3519,502-3519,310-0357,6,NULL,2,N
BOM_502-3519,502-3519,310-0362,7,NULL,2,N
BOM_502-3519,502-3519,311-0207,8,NULL,2,N
BOM_502-3519,502-3519,320-0284,9,NULL,4,N
BOM_502-3520,502-3520,300-0144,2,NULL,2,N
BOM_502-3520,502-3520,300-0355,3,NULL,2,N
BOM_502-3520,502-3520,302-0006,4,NULL,4,N
BOM_502-3520,502-3520,310-0166,5,NULL,2,N
BOM_502-3520,502-3520,310-0357,6,NULL,2,N
BOM_502-3520,502-3520,310-0362,7,NULL,2,N
BOM_502-3520,502-3520,311-0207,8,NULL,2,N
BOM_502-3520,502-3520,320-0284,9,NULL,4,N
BOM_502-3520,502-3520,VirtualProduct_502-3520_A1,11,NULL,2,N
BOM_503-0084-ID,503-0084-ID,502-2602,NULL,NULL,1,N
BOM_504-1319_SUB_PCBA,504-1319,100-0021,14,NULL,1,N
BOM_504-1319_SUB_PCBA,504-1319,100-0024,3,NULL,16,N
BOM_504-1319_SUB_PCBA,504-1319,100-0025,9,NULL,15,N
BOM_504-1319_SUB_PCBA,504-1319,100-0033,2,NULL,4,N
BOM_504-1319_SUB_PCBA,504-1319,100-0038,11,NULL,2,N
BOM_504-1319_SUB_PCBA,504-1319,100-0061,7,NULL,2,N
BOM_504-1319_SUB_PCBA,504-1319,100-0062,8,NULL,2,N
BOM_504-1319_SUB_PCBA,504-1319,100-0073,12,NULL,1,N
BOM_504-1319_SUB_PCBA,504-1319,100-0074,10,NULL,8,N
BOM_504-1319_SUB_PCBA,504-1319,100-0086,5,NULL,16,N
BOM_504-1319_SUB_PCBA,504-1319,100-0088,13,NULL,3,N
BOM_504-1319_SUB_PCBA,504-1319,100-0115,4,NULL,4,N
BOM_504-1319_SUB_PCBA,504-1319,100-0122,6,NULL,1,N
BOM_504-1319_SUB_PCBA,504-1319,110-0001,38,NULL,2,N
BOM_504-1319_SUB_PCBA,504-1319,110-0064,25,NULL,10,N
BOM_504-1319_SUB_PCBA,504-1319,110-0161,45,NULL,1,N
BOM_504-1319_SUB_PCBA,504-1319,120-0051,46,NULL,7,N
BOM_504-1319_SUB_PCBA,504-1319,120-0099,47,NULL,1,N
BOM_504-1319_SUB_PCBA,504-1319,120-0100,48,NULL,1,N
BOM_504-1319_SUB_PCBA,504-1319,120-0129,50,NULL,8,N
BOM_504-1319_SUB_PCBA,504-1319,120-0143,49,NULL,1,N
BOM_504-1319_SUB_PCBA,504-1319,140-0179,54,NULL,1,N
BOM_504-1319_SUB_PCBA,504-1319,140-0221,52,NULL,1,N
BOM_504-1319_SUB_PCBA,504-1319,140-0246,55,NULL,1,N
BOM_504-1319_SUB_PCBA,504-1319,140-0253,57,NULL,1,N
BOM_504-1319_SUB_PCBA,504-1319,140-0341,53,NULL,1,N
BOM_504-1319_SUB_PCBA,504-1319,140-0384,58,NULL,1,N
BOM_504-1319_SUB_PCBA,504-1319,140-0386,56,NULL,1,N
BOM_504-1319_SUB_PCBA,504-1319,140-0392,51,NULL,3,N
BOM_504-1319_SUB_PCBA,504-1319,160-1153,59,NULL,1,N
BOM_504-1319_SUB_PCBA,504-1319,VirtualProduct_504-1319_A1,15,NULL,2,N
BOM_504-1319_SUB_PCBA,504-1319,VirtualProduct_504-1319_A2,18,NULL,2,N
BOM_504-1319_SUB_PCBA,504-1319,VirtualProduct_504-1319_A3,20,NULL,2,N
BOM_504-1319_SUB_PCBA,504-1319,VirtualProduct_504-1319_A4,21,NULL,4,N
BOM_504-1319_SUB_PCBA,504-1319,VirtualProduct_504-1319_A5,24,NULL,1,N
BOM_504-1319_SUB_PCBA,504-1319,VirtualProduct_504-1319_A6,27,NULL,1,N
BOM_504-1319_SUB_PCBA,504-1319,VirtualProduct_504-1319_A7,29,NULL,4,N
BOM_504-1319_SUB_PCBA,504-1319,VirtualProduct_504-1319_B1,31,NULL,1,N
BOM_504-1319_SUB_PCBA,504-1319,VirtualProduct_504-1319_B2,32,NULL,1,N
BOM_504-1319_SUB_PCBA,504-1319,VirtualProduct_504-1319_B3,34,NULL,2,N
BOM_504-1319_SUB_PCBA,504-1319,VirtualProduct_504-1319_B4,36,NULL,1,N
BOM_504-1319_SUB_PCBA,504-1319,VirtualProduct_504-1319_B5,39,NULL,1,N
BOM_504-1319_SUB_PCBA,504-1319,VirtualProduct_504-1319_B6,41,NULL,1,N
BOM_504-1319_SUB_PCBA,504-1319,VirtualProduct_504-1319_B7,44,NULL,1,N
BOM_504-1366_SUB_PCBA,504-1366,100-0021,2,NULL,4,N
BOM_504-1366_SUB_PCBA,504-1366,100-0024,3,NULL,19,N
BOM_504-1366_SUB_PCBA,504-1366,100-0025,4,NULL,29,N
BOM_504-1366_SUB_PCBA,504-1366,100-0033,5,NULL,4,N
BOM_504-1366_SUB_PCBA,504-1366,100-0038,6,NULL,1,N
BOM_504-1366_SUB_PCBA,504-1366,100-0061,7,NULL,2,N
BOM_504-1366_SUB_PCBA,504-1366,100-0062,8,NULL,2,N
BOM_504-1366_SUB_PCBA,504-1366,100-0073,9,NULL,1,N
BOM_504-1366_SUB_PCBA,504-1366,100-0074,10,NULL,10,N
BOM_504-1366_SUB_PCBA,504-1366,100-0086,11,NULL,26,N
BOM_504-1366_SUB_PCBA,504-1366,100-0088,12,NULL,3,N
BOM_504-1366_SUB_PCBA,504-1366,100-0115,13,NULL,5,N
BOM_504-1366_SUB_PCBA,504-1366,100-0116,14,NULL,2,N
BOM_504-1366_SUB_PCBA,504-1366,110-0001,15,NULL,2,N
BOM_504-1366_SUB_PCBA,504-1366,110-0002,16,NULL,2,N
BOM_504-1366_SUB_PCBA,504-1366,110-0011,17,NULL,4,N
BOM_504-1366_SUB_PCBA,504-1366,110-0064,18,NULL,17,N
BOM_504-1366_SUB_PCBA,504-1366,110-0161,19,NULL,1,N
BOM_504-1366_SUB_PCBA,504-1366,110-0177,20,NULL,1,N
BOM_504-1366_SUB_PCBA,504-1366,110-0213,22,NULL,1,N
BOM_504-1366_SUB_PCBA,504-1366,110-0216,21,NULL,4,N
BOM_504-1366_SUB_PCBA,504-1366,110-0220,23,NULL,2,N
BOM_504-1366_SUB_PCBA,504-1366,110-0237,24,NULL,2,N
BOM_504-1366_SUB_PCBA,504-1366,110-0239,25,NULL,2,N
BOM_504-1366_SUB_PCBA,504-1366,110-0241,26,NULL,8,N
BOM_504-1366_SUB_PCBA,504-1366,110-0243,27,NULL,1,N
BOM_504-1366_SUB_PCBA,504-1366,110-0267,28,NULL,1,N
BOM_504-1366_SUB_PCBA,504-1366,110-0272,29,NULL,1,N
BOM_504-1366_SUB_PCBA,504-1366,110-0273,30,NULL,1,N
BOM_504-1366_SUB_PCBA,504-1366,110-0298,31,NULL,2,N
BOM_504-1366_SUB_PCBA,504-1366,110-0308,32,NULL,1,N
BOM_504-1366_SUB_PCBA,504-1366,120-0051,33,NULL,10,N
BOM_504-1366_SUB_PCBA,504-1366,120-0099,34,NULL,1,N
BOM_504-1366_SUB_PCBA,504-1366,120-0100,35,NULL,1,N
BOM_504-1366_SUB_PCBA,504-1366,120-0120,36,NULL,2,N
BOM_504-1366_SUB_PCBA,504-1366,120-0129,37,NULL,8,N
BOM_504-1366_SUB_PCBA,504-1366,120-0143,38,NULL,4,N
BOM_504-1366_SUB_PCBA,504-1366,140-0179,39,NULL,1,N
BOM_504-1366_SUB_PCBA,504-1366,140-0221,40,NULL,1,N
BOM_504-1366_SUB_PCBA,504-1366,140-0246,41,NULL,1,N
BOM_504-1366_SUB_PCBA,504-1366,140-0253,42,NULL,1,N
BOM_504-1366_SUB_PCBA,504-1366,140-0310,43,NULL,2,N
BOM_504-1366_SUB_PCBA,504-1366,140-0341,44,NULL,1,N
BOM_504-1366_SUB_PCBA,504-1366,140-0355,45,NULL,1,N
BOM_504-1366_SUB_PCBA,504-1366,140-0384,46,NULL,1,N
BOM_504-1366_SUB_PCBA,504-1366,140-0386,47,NULL,1,N
BOM_504-1366_SUB_PCBA,504-1366,140-0392,48,NULL,3,N
BOM_504-1369_SUB_PCBA,504-1369,100-0021,12,NULL,1,N
BOM_504-1369_SUB_PCBA,504-1369,100-0024,2,NULL,18,N
BOM_504-1369_SUB_PCBA,504-1369,100-0025,7,NULL,20,N
BOM_504-1369_SUB_PCBA,504-1369,100-0033,1,NULL,3,N
BOM_504-1369_SUB_PCBA,504-1369,100-0038,9,NULL,2,N
BOM_504-1369_SUB_PCBA,504-1369,100-0061,5,NULL,3,N
BOM_504-1369_SUB_PCBA,504-1369,100-0062,6,NULL,2,N
BOM_504-1369_SUB_PCBA,504-1369,100-0073,10,NULL,1,N
BOM_504-1369_SUB_PCBA,504-1369,100-0074,8,NULL,9,N
BOM_504-1369_SUB_PCBA,504-1369,100-0086,4,NULL,16,N
BOM_504-1369_SUB_PCBA,504-1369,100-0088,11,NULL,3,N
BOM_504-1369_SUB_PCBA,504-1369,100-0115,3,NULL,4,N
BOM_504-1369_SUB_PCBA,504-1369,110-0001,24,NULL,1,N
BOM_504-1369_SUB_PCBA,504-1369,110-0002,15,NULL,3,N
BOM_504-1369_SUB_PCBA,504-1369,110-0011,16,NULL,4,N
BOM_504-1369_SUB_PCBA,504-1369,110-0064,18,NULL,13,N
BOM_504-1369_SUB_PCBA,504-1369,110-0121,14,NULL,2,N
BOM_504-1369_SUB_PCBA,504-1369,110-0161,28,NULL,1,N
BOM_504-1369_SUB_PCBA,504-1369,110-0207,20,NULL,4,N
BOM_504-1369_SUB_PCBA,504-1369,110-0213,25,NULL,1,N
BOM_504-1369_SUB_PCBA,504-1369,110-0237,26,NULL,1,N
BOM_504-1369_SUB_PCBA,504-1369,110-0241,23,NULL,1,N
BOM_504-1369_SUB_PCBA,504-1369,110-0243,17,NULL,1,N
BOM_504-1369_SUB_PCBA,504-1369,110-0267,19,NULL,1,N
BOM_504-1369_SUB_PCBA,504-1369,110-0272,21,NULL,1,N
BOM_504-1369_SUB_PCBA,504-1369,110-0273,22,NULL,1,N
BOM_504-1369_SUB_PCBA,504-1369,110-0298,13,NULL,1,N
BOM_504-1369_SUB_PCBA,504-1369,110-0308,27,NULL,1,N
BOM_504-1369_SUB_PCBA,504-1369,120-0051,29,NULL,8,N
BOM_504-1369_SUB_PCBA,504-1369,120-0099,30,NULL,1,N
BOM_504-1369_SUB_PCBA,504-1369,120-0100,31,NULL,1,N
BOM_504-1369_SUB_PCBA,504-1369,120-0129,33,NULL,9,N
BOM_504-1369_SUB_PCBA,504-1369,120-0143,32,NULL,1,N
BOM_504-1369_SUB_PCBA,504-1369,140-0179,37,NULL,1,N
BOM_504-1369_SUB_PCBA,504-1369,140-0221,35,NULL,1,N
BOM_504-1369_SUB_PCBA,504-1369,140-0246,38,NULL,1,N
BOM_504-1369_SUB_PCBA,504-1369,140-0253,40,NULL,1,N
BOM_504-1369_SUB_PCBA,504-1369,140-0341,36,NULL,1,N
BOM_504-1369_SUB_PCBA,504-1369,140-0384,41,NULL,1,N
BOM_504-1369_SUB_PCBA,504-1369,140-0386,39,NULL,1,N
BOM_504-1369_SUB_PCBA,504-1369,140-0392,34,NULL,3,N
BOM_504-1369_SUB_PCBA,504-1369,160-1172,42,NULL,1,N
BOM_504-1385-00_SUB_PCBA,504-1385-00,100-0024,2,NULL,30,N
BOM_504-1385-00_SUB_PCBA,504-1385-00,100-0025,3,NULL,16,N
BOM_504-1385-00_SUB_PCBA,504-1385-00,100-0033,4,NULL,5,N
BOM_504-1385-00_SUB_PCBA,504-1385-00,100-0038,5,NULL,1,N
BOM_504-1385-00_SUB_PCBA,504-1385-00,100-0061,6,NULL,2,N
BOM_504-1385-00_SUB_PCBA,504-1385-00,100-0062,7,NULL,6,N
BOM_504-1385-00_SUB_PCBA,504-1385-00,100-0074,8,NULL,11,N
BOM_504-1385-00_SUB_PCBA,504-1385-00,100-0116,9,NULL,2,N
BOM_504-1385-00_SUB_PCBA,504-1385-00,100-0119,10,NULL,2,N
BOM_504-1385-00_SUB_PCBA,504-1385-00,100-0122,11,NULL,2,N
BOM_504-1385-00_SUB_PCBA,504-1385-00,110-0001,12,NULL,5,N
BOM_504-1385-00_SUB_PCBA,504-1385-00,110-0002,13,NULL,5,N
BOM_504-1385-00_SUB_PCBA,504-1385-00,110-0011,14,NULL,4,N
BOM_504-1385-00_SUB_PCBA,504-1385-00,110-0040,23,NULL,1,N
BOM_504-1385-00_SUB_PCBA,504-1385-00,110-0064,15,NULL,13,N
BOM_504-1385-00_SUB_PCBA,504-1385-00,110-0161,16,NULL,1,N
BOM_504-1385-00_SUB_PCBA,504-1385-00,110-0177,17,NULL,1,N
BOM_504-1385-00_SUB_PCBA,504-1385-00,110-0237,18,NULL,2,N
BOM_504-1385-00_SUB_PCBA,504-1385-00,110-0241,19,NULL,3,N
BOM_504-1385-00_SUB_PCBA,504-1385-00,110-0243,20,NULL,1,N
BOM_504-1385-00_SUB_PCBA,504-1385-00,110-0298,21,NULL,1,N
BOM_504-1385-00_SUB_PCBA,504-1385-00,110-0308,22,NULL,1,N
BOM_504-1385-00_SUB_PCBA,504-1385-00,120-0029,24,NULL,2,N
BOM_504-1385-00_SUB_PCBA,504-1385-00,120-0046,25,NULL,1,N
BOM_504-1385-00_SUB_PCBA,504-1385-00,120-0099,27,NULL,1,N
BOM_504-1385-00_SUB_PCBA,504-1385-00,120-0143,28,NULL,1,N
BOM_504-1385-00_SUB_PCBA,504-1385-00,120-0157,30,NULL,3,N
BOM_504-1385-00_SUB_PCBA,504-1385-00,120-0232,29,NULL,8,N
BOM_504-1385-00_SUB_PCBA,504-1385-00,140-0113,31,NULL,1,N
BOM_504-1385-00_SUB_PCBA,504-1385-00,140-0179,32,NULL,1,N
BOM_504-1385-00_SUB_PCBA,504-1385-00,140-0253,33,NULL,1,N
BOM_504-1385-00_SUB_PCBA,504-1385-00,140-0384,34,NULL,1,N
BOM_504-1385-00_SUB_PCBA,504-1385-00,140-0386,35,NULL,1,N
BOM_504-1385-00_SUB_PCBA,504-1385-00,140-0392,36,NULL,2,N
BOM_504-1385-00_SUB_PCBA,504-1385-00,140-0434,37,NULL,1,N
BOM_504-1385-00_SUB_PCBA,504-1385-00,VirtualProduct_504-1385-00_A1,26,NULL,3,N
BOM_504-1399_SUB_PCBA,504-1399,100-0021,1,NULL,1,N
BOM_504-1399_SUB_PCBA,504-1399,100-0024,2,NULL,16,N
BOM_504-1399_SUB_PCBA,504-1399,100-0025,3,NULL,15,N
BOM_504-1399_SUB_PCBA,504-1399,100-0033,4,NULL,4,N
BOM_504-1399_SUB_PCBA,504-1399,100-0038,5,NULL,2,N
BOM_504-1399_SUB_PCBA,504-1399,100-0061,6,NULL,2,N
BOM_504-1399_SUB_PCBA,504-1399,100-0062,7,NULL,2,N
BOM_504-1399_SUB_PCBA,504-1399,100-0073,8,NULL,1,N
BOM_504-1399_SUB_PCBA,504-1399,100-0074,9,NULL,8,N
BOM_504-1399_SUB_PCBA,504-1399,100-0086,10,NULL,16,N
BOM_504-1399_SUB_PCBA,504-1399,100-0088,11,NULL,3,N
BOM_504-1399_SUB_PCBA,504-1399,100-0115,12,NULL,4,N
BOM_504-1399_SUB_PCBA,504-1399,100-0122,13,NULL,1,N
BOM_504-1399_SUB_PCBA,504-1399,110-0001,14,NULL,2,N
BOM_504-1399_SUB_PCBA,504-1399,110-0002,15,NULL,2,N
BOM_504-1399_SUB_PCBA,504-1399,110-0011,16,NULL,4,N
BOM_504-1399_SUB_PCBA,504-1399,110-0064,17,NULL,10,N
BOM_504-1399_SUB_PCBA,504-1399,110-0161,18,NULL,1,N
BOM_504-1399_SUB_PCBA,504-1399,110-0177,19,NULL,1,N
BOM_504-1399_SUB_PCBA,504-1399,110-0207,20,NULL,4,N
BOM_504-1399_SUB_PCBA,504-1399,110-0213,21,NULL,1,N
BOM_504-1399_SUB_PCBA,504-1399,110-0237,22,NULL,2,N
BOM_504-1399_SUB_PCBA,504-1399,110-0241,23,NULL,2,N
BOM_504-1399_SUB_PCBA,504-1399,110-0243,24,NULL,1,N
BOM_504-1399_SUB_PCBA,504-1399,110-0252,25,NULL,2,N
BOM_504-1399_SUB_PCBA,504-1399,110-0267,26,NULL,1,N
BOM_504-1399_SUB_PCBA,504-1399,110-0272,27,NULL,1,N
BOM_504-1399_SUB_PCBA,504-1399,110-0273,28,NULL,1,N
BOM_504-1399_SUB_PCBA,504-1399,110-0298,29,NULL,1,N
BOM_504-1399_SUB_PCBA,504-1399,110-0308,30,NULL,1,N
BOM_504-1399_SUB_PCBA,504-1399,120-0099,33,NULL,1,N
BOM_504-1399_SUB_PCBA,504-1399,120-0100,34,NULL,1,N
BOM_504-1399_SUB_PCBA,504-1399,120-0143,37,NULL,1,N
BOM_504-1399_SUB_PCBA,504-1399,140-0179,40,NULL,1,N
BOM_504-1399_SUB_PCBA,504-1399,140-0221,41,NULL,1,N
BOM_504-1399_SUB_PCBA,504-1399,140-0246,42,NULL,1,N
BOM_504-1399_SUB_PCBA,504-1399,140-0341,45,NULL,1,N
BOM_504-1399_SUB_PCBA,504-1399,140-0386,46,NULL,1,N
BOM_504-1399_SUB_PCBA,504-1399,160-1153,50,NULL,1,N
BOM_504-1399_SUB_PCBA,504-1399,VirtualProduct_504-1399_A1,31,NULL,7,N
BOM_504-1399_SUB_PCBA,504-1399,VirtualProduct_504-1399_A2,35,NULL,8,N
BOM_504-1399_SUB_PCBA,504-1399,VirtualProduct_504-1399_A3,49,NULL,3,N
BOM_504-1399_SUB_PCBA,504-1399,VirtualProduct_504-1399_A4,43,NULL,1,N
BOM_504-1399_SUB_PCBA,504-1399,VirtualProduct_504-1399_A5,39,NULL,1,N
BOM_504-1406,504-1406,100-0018,10,NULL,1,N
BOM_504-1406,504-1406,100-0024,6,NULL,1,N
BOM_504-1406,504-1406,100-0025,7,NULL,1,N
BOM_504-1406,504-1406,100-0031,9,NULL,1,N
BOM_504-1406,504-1406,100-0033,5,NULL,1,N
BOM_504-1406,504-1406,100-0038,2,NULL,1,N
BOM_504-1406,504-1406,100-0054,8,NULL,1,N
BOM_504-1406,504-1406,100-0061,4,NULL,1,N
BOM_504-1406,504-1406,100-0074,3,NULL,1,N
BOM_504-1406,504-1406,100-0088,1,NULL,1,N
BOM_504-1406,504-1406,110-0001,24,NULL,1,N
BOM_504-1406,504-1406,110-0011,22,NULL,1,N
BOM_504-1406,504-1406,110-0064,19,NULL,1,N
BOM_504-1406,504-1406,110-0158,23,NULL,1,N
BOM_504-1406,504-1406,110-0174,26,NULL,1,N
BOM_504-1406,504-1406,110-0239,29,NULL,1,N
BOM_504-1406,504-1406,110-0253,20,NULL,1,N
BOM_504-1406,504-1406,110-0260,21,NULL,1,N
BOM_504-1406,504-1406,110-0268,25,NULL,1,N
BOM_504-1406,504-1406,110-0273,27,NULL,1,N
BOM_504-1406,504-1406,110-0296,28,NULL,1,N
BOM_504-1406,504-1406,110-0311,30,NULL,1,N
BOM_504-1406,504-1406,120-0046,11,NULL,1,N
BOM_504-1406,504-1406,120-0128,15,NULL,1,N
BOM_504-1406,504-1406,120-0138,12,NULL,1,N
BOM_504-1406,504-1406,120-0143,16,NULL,1,N
BOM_504-1406,504-1406,120-0152,13,NULL,1,N
BOM_504-1406,504-1406,140-0022,17,NULL,1,N
BOM_504-1406,504-1406,140-0253,18,NULL,1,N
BOM_504-1406,504-1406,140-0338,33,NULL,1,N
BOM_504-1406,504-1406,140-0384,34,NULL,1,N
BOM_504-1406_SUB_PCBA,504-1406,100-0018,10,NULL,1,N
BOM_504-1406_SUB_PCBA,504-1406,100-0024,6,NULL,1,N
BOM_504-1406_SUB_PCBA,504-1406,100-0025,7,NULL,1,N
BOM_504-1406_SUB_PCBA,504-1406,100-0031,9,NULL,1,N
BOM_504-1406_SUB_PCBA,504-1406,100-0033,5,NULL,1,N
BOM_504-1406_SUB_PCBA,504-1406,100-0038,2,NULL,1,N
BOM_504-1406_SUB_PCBA,504-1406,100-0054,8,NULL,1,N
BOM_504-1406_SUB_PCBA,504-1406,100-0061,4,NULL,1,N
BOM_504-1406_SUB_PCBA,504-1406,100-0074,3,NULL,1,N
BOM_504-1406_SUB_PCBA,504-1406,100-0088,1,NULL,1,N
BOM_504-1406_SUB_PCBA,504-1406,110-0001,24,NULL,1,N
BOM_504-1406_SUB_PCBA,504-1406,110-0011,22,NULL,1,N
BOM_504-1406_SUB_PCBA,504-1406,110-0064,19,NULL,1,N
BOM_504-1406_SUB_PCBA,504-1406,110-0158,23,NULL,1,N
BOM_504-1406_SUB_PCBA,504-1406,110-0174,26,NULL,1,N
BOM_504-1406_SUB_PCBA,504-1406,110-0239,29,NULL,1,N
BOM_504-1406_SUB_PCBA,504-1406,110-0253,20,NULL,1,N
BOM_504-1406_SUB_PCBA,504-1406,110-0260,21,NULL,1,N
BOM_504-1406_SUB_PCBA,504-1406,110-0268,25,NULL,1,N
BOM_504-1406_SUB_PCBA,504-1406,110-0273,27,NULL,1,N
BOM_504-1406_SUB_PCBA,504-1406,110-0296,28,NULL,1,N
BOM_504-1406_SUB_PCBA,504-1406,110-0311,30,NULL,1,N
BOM_504-1406_SUB_PCBA,504-1406,120-0046,11,NULL,1,N
BOM_504-1406_SUB_PCBA,504-1406,120-0128,15,NULL,1,N
BOM_504-1406_SUB_PCBA,504-1406,120-0138,12,NULL,1,N
BOM_504-1406_SUB_PCBA,504-1406,120-0143,16,NULL,1,N
BOM_504-1406_SUB_PCBA,504-1406,120-0152,13,NULL,1,N
BOM_504-1406_SUB_PCBA,504-1406,140-0022,17,NULL,1,N
BOM_504-1406_SUB_PCBA,504-1406,140-0253,18,NULL,1,N
BOM_504-1406_SUB_PCBA,504-1406,140-0338,33,NULL,1,N
BOM_504-1406_SUB_PCBA,504-1406,140-0384,34,NULL,1,N
BOM_504-1482_SUB_PCBA,504-1482,100-0021,2,NULL,4,N
BOM_504-1482_SUB_PCBA,504-1482,100-0024,3,NULL,46,N
BOM_504-1482_SUB_PCBA,504-1482,100-0025,4,NULL,21,N
BOM_504-1482_SUB_PCBA,504-1482,100-0031,10,NULL,1,N
BOM_504-1482_SUB_PCBA,504-1482,100-0033,5,NULL,3,N
BOM_504-1482_SUB_PCBA,504-1482,100-0038,6,NULL,1,N
BOM_504-1482_SUB_PCBA,504-1482,100-0061,7,NULL,2,N
BOM_504-1482_SUB_PCBA,504-1482,100-0062,8,NULL,2,N
BOM_504-1482_SUB_PCBA,504-1482,100-0073,9,NULL,1,N
BOM_504-1482_SUB_PCBA,504-1482,100-0074,12,NULL,10,N
BOM_504-1482_SUB_PCBA,504-1482,100-0088,13,NULL,2,N
BOM_504-1482_SUB_PCBA,504-1482,100-0116,14,NULL,5,N
BOM_504-1482_SUB_PCBA,504-1482,100-0144,11,NULL,4,N
BOM_504-1482_SUB_PCBA,504-1482,110-0001,15,NULL,2,N
BOM_504-1482_SUB_PCBA,504-1482,110-0002,16,NULL,2,N
BOM_504-1482_SUB_PCBA,504-1482,110-0011,17,NULL,4,N
BOM_504-1482_SUB_PCBA,504-1482,110-0064,18,NULL,17,N
BOM_504-1482_SUB_PCBA,504-1482,110-0161,19,NULL,1,N
BOM_504-1482_SUB_PCBA,504-1482,110-0177,20,NULL,1,N
BOM_504-1482_SUB_PCBA,504-1482,110-0213,22,NULL,1,N
BOM_504-1482_SUB_PCBA,504-1482,110-0216,21,NULL,4,N
BOM_504-1482_SUB_PCBA,504-1482,110-0220,23,NULL,2,N
BOM_504-1482_SUB_PCBA,504-1482,110-0237,24,NULL,2,N
BOM_504-1482_SUB_PCBA,504-1482,110-0239,25,NULL,2,N
BOM_504-1482_SUB_PCBA,504-1482,110-0241,26,NULL,9,N
BOM_504-1482_SUB_PCBA,504-1482,110-0243,27,NULL,1,N
BOM_504-1482_SUB_PCBA,504-1482,110-0267,28,NULL,1,N
BOM_504-1482_SUB_PCBA,504-1482,110-0272,29,NULL,1,N
BOM_504-1482_SUB_PCBA,504-1482,110-0273,30,NULL,1,N
BOM_504-1482_SUB_PCBA,504-1482,110-0298,31,NULL,2,N
BOM_504-1482_SUB_PCBA,504-1482,110-0308,32,NULL,1,N
BOM_504-1482_SUB_PCBA,504-1482,120-0051,34,NULL,13,N
BOM_504-1482_SUB_PCBA,504-1482,120-0099,35,NULL,1,N
BOM_504-1482_SUB_PCBA,504-1482,120-0100,36,NULL,1,N
BOM_504-1482_SUB_PCBA,504-1482,120-0120,37,NULL,2,N
BOM_504-1482_SUB_PCBA,504-1482,120-0129,38,NULL,8,N
BOM_504-1482_SUB_PCBA,504-1482,120-0143,39,NULL,2,N
BOM_504-1482_SUB_PCBA,504-1482,120-0152,33,NULL,1,N
BOM_504-1482_SUB_PCBA,504-1482,140-0179,40,NULL,1,N
BOM_504-1482_SUB_PCBA,504-1482,140-0221,41,NULL,1,N
BOM_504-1482_SUB_PCBA,504-1482,140-0246,42,NULL,1,N
BOM_504-1482_SUB_PCBA,504-1482,140-0253,43,NULL,1,N
BOM_504-1482_SUB_PCBA,504-1482,140-0310,44,NULL,2,N
BOM_504-1482_SUB_PCBA,504-1482,140-0341,45,NULL,1,N
BOM_504-1482_SUB_PCBA,504-1482,140-0355,46,NULL,1,N
BOM_504-1482_SUB_PCBA,504-1482,140-0384,47,NULL,1,N
BOM_504-1482_SUB_PCBA,504-1482,140-0386,49,NULL,1,N
BOM_504-1482_SUB_PCBA,504-1482,140-0392,50,NULL,3,N
BOM_504-1482_SUB_PCBA,504-1482,140-0481,48,NULL,1,N
BOM_504-1482_SUB_PCBA,504-1482,160-1218,51,NULL,1,N
BOM_504-1532_SUB_PCBA,504-1532,100-0021,1,NULL,1,N
BOM_504-1532_SUB_PCBA,504-1532,100-0024,2,NULL,16,N
BOM_504-1532_SUB_PCBA,504-1532,100-0025,3,NULL,15,N
BOM_504-1532_SUB_PCBA,504-1532,100-0033,4,NULL,4,N
BOM_504-1532_SUB_PCBA,504-1532,100-0038,5,NULL,2,N
BOM_504-1532_SUB_PCBA,504-1532,100-0061,6,NULL,2,N
BOM_504-1532_SUB_PCBA,504-1532,100-0062,7,NULL,2,N
BOM_504-1532_SUB_PCBA,504-1532,100-0073,8,NULL,1,N
BOM_504-1532_SUB_PCBA,504-1532,100-0074,9,NULL,8,N
BOM_504-1532_SUB_PCBA,504-1532,100-0086,10,NULL,16,N
BOM_504-1532_SUB_PCBA,504-1532,100-0088,11,NULL,3,N
BOM_504-1532_SUB_PCBA,504-1532,100-0115,12,NULL,4,N
BOM_504-1532_SUB_PCBA,504-1532,100-0122,13,NULL,1,N
BOM_504-1532_SUB_PCBA,504-1532,110-0001,14,NULL,2,N
BOM_504-1532_SUB_PCBA,504-1532,110-0002,15,NULL,2,N
BOM_504-1532_SUB_PCBA,504-1532,110-0011,16,NULL,4,N
BOM_504-1532_SUB_PCBA,504-1532,110-0064,17,NULL,10,N
BOM_504-1532_SUB_PCBA,504-1532,110-0161,18,NULL,1,N
BOM_504-1532_SUB_PCBA,504-1532,110-0177,19,NULL,1,N
BOM_504-1532_SUB_PCBA,504-1532,110-0207,20,NULL,4,N
BOM_504-1532_SUB_PCBA,504-1532,110-0213,21,NULL,1,N
BOM_504-1532_SUB_PCBA,504-1532,110-0237,22,NULL,1,N
BOM_504-1532_SUB_PCBA,504-1532,110-0241,23,NULL,2,N
BOM_504-1532_SUB_PCBA,504-1532,110-0243,24,NULL,1,N
BOM_504-1532_SUB_PCBA,504-1532,110-0252,25,NULL,2,N
BOM_504-1532_SUB_PCBA,504-1532,110-0267,26,NULL,1,N
BOM_504-1532_SUB_PCBA,504-1532,110-0272,27,NULL,1,N
BOM_504-1532_SUB_PCBA,504-1532,110-0273,28,NULL,1,N
BOM_504-1532_SUB_PCBA,504-1532,110-0298,29,NULL,2,N
BOM_504-1532_SUB_PCBA,504-1532,110-0308,30,NULL,1,N
BOM_504-1532_SUB_PCBA,504-1532,120-0143,39,NULL,1,N
BOM_504-1532_SUB_PCBA,504-1532,130-0077,40,NULL,1,N
BOM_504-1532_SUB_PCBA,504-1532,140-0179,41,NULL,1,N
BOM_504-1532_SUB_PCBA,504-1532,140-0221,42,NULL,1,N
BOM_504-1532_SUB_PCBA,504-1532,140-0246,43,NULL,1,N
BOM_504-1532_SUB_PCBA,504-1532,140-0341,44,NULL,1,N
BOM_504-1532_SUB_PCBA,504-1532,160-1153,47,NULL,1,N
BOM_504-1532_SUB_PCBA,504-1532,VirtualProduct_504-1532_A1,32,NULL,7,N
BOM_504-1532_SUB_PCBA,504-1532,VirtualProduct_504-1532_A2,38,NULL,8,N
BOM_504-1532_SUB_PCBA,504-1532,VirtualProduct_504-1532_A3,46,NULL,3,N
BOM_504-1532_SUB_PCBA,504-1532,VirtualProduct_504-1532_A4,51,NULL,1,N
BOM_504-1532_SUB_PCBA,504-1532,VirtualProduct_504-1532_B1,34,NULL,1,N
BOM_504-1532_SUB_PCBA,504-1532,VirtualProduct_504-1532_B2,35,NULL,1,N
BOM_504-1532_SUB_PCBA,504-1532,VirtualProduct_504-1532_C1,50,NULL,1,N
BOM_504-1532-R_SUB_PCBA,504-1532-R,100-0021,1,NULL,1,N
BOM_504-1532-R_SUB_PCBA,504-1532-R,100-0024,2,NULL,16,N
BOM_504-1532-R_SUB_PCBA,504-1532-R,100-0025,3,NULL,15,N
BOM_504-1532-R_SUB_PCBA,504-1532-R,100-0033,4,NULL,4,N
BOM_504-1532-R_SUB_PCBA,504-1532-R,100-0038,5,NULL,2,N
BOM_504-1532-R_SUB_PCBA,504-1532-R,100-0061,6,NULL,2,N
BOM_504-1532-R_SUB_PCBA,504-1532-R,100-0062,7,NULL,2,N
BOM_504-1532-R_SUB_PCBA,504-1532-R,100-0073,8,NULL,1,N
BOM_504-1532-R_SUB_PCBA,504-1532-R,100-0074,9,NULL,8,N
BOM_504-1532-R_SUB_PCBA,504-1532-R,100-0086,10,NULL,16,N
BOM_504-1532-R_SUB_PCBA,504-1532-R,100-0088,11,NULL,3,N
BOM_504-1532-R_SUB_PCBA,504-1532-R,100-0115,12,NULL,4,N
BOM_504-1532-R_SUB_PCBA,504-1532-R,100-0122,13,NULL,1,N
BOM_504-1532-R_SUB_PCBA,504-1532-R,110-0001,14,NULL,2,N
BOM_504-1532-R_SUB_PCBA,504-1532-R,110-0002,15,NULL,2,N
BOM_504-1532-R_SUB_PCBA,504-1532-R,110-0011,16,NULL,4,N
BOM_504-1532-R_SUB_PCBA,504-1532-R,110-0064,17,NULL,10,N
BOM_504-1532-R_SUB_PCBA,504-1532-R,110-0161,18,NULL,1,N
BOM_504-1532-R_SUB_PCBA,504-1532-R,110-0177,19,NULL,1,N
BOM_504-1532-R_SUB_PCBA,504-1532-R,110-0207,20,NULL,4,N
BOM_504-1532-R_SUB_PCBA,504-1532-R,110-0213,21,NULL,1,N
BOM_504-1532-R_SUB_PCBA,504-1532-R,110-0237,22,NULL,1,N
BOM_504-1532-R_SUB_PCBA,504-1532-R,110-0241,23,NULL,2,N
BOM_504-1532-R_SUB_PCBA,504-1532-R,110-0243,24,NULL,1,N
BOM_504-1532-R_SUB_PCBA,504-1532-R,110-0252,25,NULL,2,N
BOM_504-1532-R_SUB_PCBA,504-1532-R,110-0267,26,NULL,1,N
BOM_504-1532-R_SUB_PCBA,504-1532-R,110-0272,27,NULL,1,N
BOM_504-1532-R_SUB_PCBA,504-1532-R,110-0273,28,NULL,1,N
BOM_504-1532-R_SUB_PCBA,504-1532-R,110-0298,29,NULL,2,N
BOM_504-1532-R_SUB_PCBA,504-1532-R,110-0308,30,NULL,1,N
BOM_504-1532-R_SUB_PCBA,504-1532-R,120-0099,33,NULL,1,N
BOM_504-1532-R_SUB_PCBA,504-1532-R,120-0100,34,NULL,1,N
BOM_504-1532-R_SUB_PCBA,504-1532-R,120-0143,37,NULL,1,N
BOM_504-1532-R_SUB_PCBA,504-1532-R,130-0077,38,NULL,1,N
BOM_504-1532-R_SUB_PCBA,504-1532-R,140-0179,39,NULL,1,N
BOM_504-1532-R_SUB_PCBA,504-1532-R,140-0221,40,NULL,1,N
BOM_504-1532-R_SUB_PCBA,504-1532-R,140-0246,41,NULL,1,N
BOM_504-1532-R_SUB_PCBA,504-1532-R,140-0386,46,NULL,1,N
BOM_504-1532-R_SUB_PCBA,504-1532-R,160-1153,49,NULL,1,N
BOM_504-1532-R_SUB_PCBA,504-1532-R,VirtualProduct_504-1532-R_A1,31,NULL,7,N
BOM_504-1532-R_SUB_PCBA,504-1532-R,VirtualProduct_504-1532-R_A2,35,NULL,8,N
BOM_504-1532-R_SUB_PCBA,504-1532-R,VirtualProduct_504-1532-R_A3,48,NULL,3,N
BOM_504-1532-R_SUB_PCBA,504-1532-R,VirtualProduct_504-1532-R_A4,42,NULL,1,N
BOM_504-1532-R_SUB_PCBA,504-1532-R,VirtualProduct_504-1532-R_A5,44,NULL,1,N
BOM_504-1548_SUB_PCBA,504-1548,100-0021,14,NULL,1,N
BOM_504-1548_SUB_PCBA,504-1548,100-0024,3,NULL,16,N
BOM_504-1548_SUB_PCBA,504-1548,100-0025,9,NULL,15,N
BOM_504-1548_SUB_PCBA,504-1548,100-0033,2,NULL,4,N
BOM_504-1548_SUB_PCBA,504-1548,100-0038,11,NULL,2,N
BOM_504-1548_SUB_PCBA,504-1548,100-0061,7,NULL,2,N
BOM_504-1548_SUB_PCBA,504-1548,100-0062,8,NULL,2,N
BOM_504-1548_SUB_PCBA,504-1548,100-0073,12,NULL,1,N
BOM_504-1548_SUB_PCBA,504-1548,100-0074,10,NULL,8,N
BOM_504-1548_SUB_PCBA,504-1548,100-0086,5,NULL,16,N
BOM_504-1548_SUB_PCBA,504-1548,100-0088,13,NULL,3,N
BOM_504-1548_SUB_PCBA,504-1548,100-0115,4,NULL,4,N
BOM_504-1548_SUB_PCBA,504-1548,100-0122,6,NULL,1,N
BOM_504-1548_SUB_PCBA,504-1548,110-0001,27,NULL,2,N
BOM_504-1548_SUB_PCBA,504-1548,110-0002,16,NULL,2,N
BOM_504-1548_SUB_PCBA,504-1548,110-0011,18,NULL,4,N
BOM_504-1548_SUB_PCBA,504-1548,110-0064,20,NULL,10,N
BOM_504-1548_SUB_PCBA,504-1548,110-0161,31,NULL,1,N
BOM_504-1548_SUB_PCBA,504-1548,110-0177,26,NULL,1,N
BOM_504-1548_SUB_PCBA,504-1548,110-0207,22,NULL,4,N
BOM_504-1548_SUB_PCBA,504-1548,110-0213,28,NULL,1,N
BOM_504-1548_SUB_PCBA,504-1548,110-0237,29,NULL,1,N
BOM_504-1548_SUB_PCBA,504-1548,110-0241,25,NULL,2,N
BOM_504-1548_SUB_PCBA,504-1548,110-0243,19,NULL,1,N
BOM_504-1548_SUB_PCBA,504-1548,110-0252,17,NULL,2,N
BOM_504-1548_SUB_PCBA,504-1548,110-0267,21,NULL,1,N
BOM_504-1548_SUB_PCBA,504-1548,110-0272,23,NULL,1,N
BOM_504-1548_SUB_PCBA,504-1548,110-0273,24,NULL,1,N
BOM_504-1548_SUB_PCBA,504-1548,110-0298,15,NULL,2,N
BOM_504-1548_SUB_PCBA,504-1548,110-0308,30,NULL,1,N
BOM_504-1548_SUB_PCBA,504-1548,120-0099,34,NULL,1,N
BOM_504-1548_SUB_PCBA,504-1548,120-0100,35,NULL,1,N
BOM_504-1548_SUB_PCBA,504-1548,120-0143,36,NULL,1,N
BOM_504-1548_SUB_PCBA,504-1548,140-0179,42,NULL,1,N
BOM_504-1548_SUB_PCBA,504-1548,140-0221,40,NULL,1,N
BOM_504-1548_SUB_PCBA,504-1548,140-0246,43,NULL,1,N
BOM_504-1548_SUB_PCBA,504-1548,140-0253,45,NULL,1,N
BOM_504-1548_SUB_PCBA,504-1548,140-0341,41,NULL,1,N
BOM_504-1548_SUB_PCBA,504-1548,140-0384,46,NULL,1,N
BOM_504-1548_SUB_PCBA,504-1548,140-0386,44,NULL,1,N
BOM_504-1548_SUB_PCBA,504-1548,140-0628,39,NULL,3,N
BOM_504-1548_SUB_PCBA,504-1548,160-1153,47,NULL,1,N
BOM_504-1548_SUB_PCBA,504-1548,VirtualProduct_504-1548_A1,33,NULL,7,N
BOM_504-1548_SUB_PCBA,504-1548,VirtualProduct_504-1548_A2,38,NULL,8,N
BOM_504-1550_SUB_PCBA,504-1550,100-0018,8,NULL,1,N
BOM_504-1550_SUB_PCBA,504-1550,100-0024,6,NULL,21,N
BOM_504-1550_SUB_PCBA,504-1550,100-0025,7,NULL,12,N
BOM_504-1550_SUB_PCBA,504-1550,100-0033,5,NULL,2,N
BOM_504-1550_SUB_PCBA,504-1550,100-0038,2,NULL,3,N
BOM_504-1550_SUB_PCBA,504-1550,100-0061,4,NULL,2,N
BOM_504-1550_SUB_PCBA,504-1550,100-0074,3,NULL,13,N
BOM_504-1550_SUB_PCBA,504-1550,100-0088,1,NULL,2,N
BOM_504-1550_SUB_PCBA,504-1550,110-0001,22,NULL,2,N
BOM_504-1550_SUB_PCBA,504-1550,110-0011,20,NULL,2,N
BOM_504-1550_SUB_PCBA,504-1550,110-0064,17,NULL,10,N
BOM_504-1550_SUB_PCBA,504-1550,110-0158,21,NULL,1,N
BOM_504-1550_SUB_PCBA,504-1550,110-0174,24,NULL,1,N
BOM_504-1550_SUB_PCBA,504-1550,110-0239,29,NULL,1,N
BOM_504-1550_SUB_PCBA,504-1550,110-0253,18,NULL,2,N
BOM_504-1550_SUB_PCBA,504-1550,110-0260,19,NULL,1,N
BOM_504-1550_SUB_PCBA,504-1550,110-0261,28,NULL,1,N
BOM_504-1550_SUB_PCBA,504-1550,110-0268,23,NULL,1,N
BOM_504-1550_SUB_PCBA,504-1550,110-0273,25,NULL,1,N
BOM_504-1550_SUB_PCBA,504-1550,110-0296,26,NULL,1,N
BOM_504-1550_SUB_PCBA,504-1550,110-0311,30,NULL,1,N
BOM_504-1550_SUB_PCBA,504-1550,110-0460,27,NULL,1,N
BOM_504-1550_SUB_PCBA,504-1550,120-0046,9,NULL,1,N
BOM_504-1550_SUB_PCBA,504-1550,120-0143,14,NULL,1,N
BOM_504-1550_SUB_PCBA,504-1550,120-0152,12,NULL,1,N
BOM_504-1550_SUB_PCBA,504-1550,120-0215,13,NULL,2,N
BOM_504-1550_SUB_PCBA,504-1550,130-0077,35,NULL,1,N
BOM_504-1550_SUB_PCBA,504-1550,140-0022,15,NULL,1,N
BOM_504-1550_SUB_PCBA,504-1550,140-0477,33,NULL,1,N
BOM_504-1550_SUB_PCBA,504-1550,140-0639,34,NULL,1,N
BOM_504-1550_SUB_PCBA,504-1550,140-0645,16,NULL,1,N
BOM_504-1550_SUB_PCBA,504-1550,160-1237,37,NULL,1,N
BOM_504-1550_SUB_PCBA,504-1550,VirtualProduct_504-1550_A1,10,NULL,5,N
BOM_504-1550_SUB_PCBA,504-1550,VirtualProduct_504-1550_B1,32,NULL,1,N
BOM_504-1553,504-1553,100-0018,10,NULL,1,N
BOM_504-1553,504-1553,100-0024,6,NULL,1,N
BOM_504-1553,504-1553,100-0025,7,NULL,1,N
BOM_504-1553,504-1553,100-0031,9,NULL,1,N
BOM_504-1553,504-1553,100-0033,5,NULL,1,N
BOM_504-1553,504-1553,100-0038,2,NULL,1,N
BOM_504-1553,504-1553,100-0054,8,NULL,1,N
BOM_504-1553,504-1553,100-0061,4,NULL,1,N
BOM_504-1553,504-1553,100-0074,3,NULL,1,N
BOM_504-1553,504-1553,100-0088,1,NULL,1,N
BOM_504-1553,504-1553,110-0001,24,NULL,1,N
BOM_504-1553,504-1553,110-0011,22,NULL,1,N
BOM_504-1553,504-1553,110-0064,19,NULL,1,N
BOM_504-1553,504-1553,110-0158,23,NULL,1,N
BOM_504-1553,504-1553,110-0174,26,NULL,1,N
BOM_504-1553,504-1553,110-0239,29,NULL,1,N
BOM_504-1553,504-1553,110-0253,20,NULL,1,N
BOM_504-1553,504-1553,110-0260,21,NULL,1,N
BOM_504-1553,504-1553,110-0268,25,NULL,1,N
BOM_504-1553,504-1553,110-0273,27,NULL,1,N
BOM_504-1553,504-1553,110-0296,28,NULL,1,N
BOM_504-1553,504-1553,110-0311,30,NULL,1,N
BOM_504-1553,504-1553,120-0046,11,NULL,1,N
BOM_504-1553,504-1553,120-0128,15,NULL,1,N
BOM_504-1553,504-1553,120-0138,12,NULL,1,N
BOM_504-1553,504-1553,120-0143,16,NULL,1,N
BOM_504-1553,504-1553,120-0152,13,NULL,1,N
BOM_504-1553,504-1553,140-0022,17,NULL,1,N
BOM_504-1553,504-1553,140-0338,33,NULL,1,N
BOM_504-1553,504-1553,140-0384,34,NULL,1,N
BOM_504-1553,504-1553,140-0645,18,NULL,1,N
BOM_504-1553_SUB_PCBA,504-1553,100-0018,10,NULL,1,N
BOM_504-1553_SUB_PCBA,504-1553,100-0024,6,NULL,1,N
BOM_504-1553_SUB_PCBA,504-1553,100-0025,7,NULL,1,N
BOM_504-1553_SUB_PCBA,504-1553,100-0031,9,NULL,1,N
BOM_504-1553_SUB_PCBA,504-1553,100-0033,5,NULL,1,N
BOM_504-1553_SUB_PCBA,504-1553,100-0038,2,NULL,1,N
BOM_504-1553_SUB_PCBA,504-1553,100-0054,8,NULL,1,N
BOM_504-1553_SUB_PCBA,504-1553,100-0061,4,NULL,1,N
BOM_504-1553_SUB_PCBA,504-1553,100-0074,3,NULL,1,N
BOM_504-1553_SUB_PCBA,504-1553,100-0088,1,NULL,1,N
BOM_504-1553_SUB_PCBA,504-1553,110-0001,24,NULL,1,N
BOM_504-1553_SUB_PCBA,504-1553,110-0011,22,NULL,1,N
BOM_504-1553_SUB_PCBA,504-1553,110-0064,19,NULL,1,N
BOM_504-1553_SUB_PCBA,504-1553,110-0158,23,NULL,1,N
BOM_504-1553_SUB_PCBA,504-1553,110-0174,26,NULL,1,N
BOM_504-1553_SUB_PCBA,504-1553,110-0239,29,NULL,1,N
BOM_504-1553_SUB_PCBA,504-1553,110-0253,20,NULL,1,N
BOM_504-1553_SUB_PCBA,504-1553,110-0260,21,NULL,1,N
BOM_504-1553_SUB_PCBA,504-1553,110-0268,25,NULL,1,N
BOM_504-1553_SUB_PCBA,504-1553,110-0273,27,NULL,1,N
BOM_504-1553_SUB_PCBA,504-1553,110-0296,28,NULL,1,N
BOM_504-1553_SUB_PCBA,504-1553,110-0311,30,NULL,1,N
BOM_504-1553_SUB_PCBA,504-1553,120-0046,11,NULL,1,N
BOM_504-1553_SUB_PCBA,504-1553,120-0128,15,NULL,1,N
BOM_504-1553_SUB_PCBA,504-1553,120-0138,12,NULL,1,N
BOM_504-1553_SUB_PCBA,504-1553,120-0143,16,NULL,1,N
BOM_504-1553_SUB_PCBA,504-1553,120-0152,13,NULL,1,N
BOM_504-1553_SUB_PCBA,504-1553,140-0022,17,NULL,1,N
BOM_504-1553_SUB_PCBA,504-1553,140-0338,33,NULL,1,N
BOM_504-1553_SUB_PCBA,504-1553,140-0384,34,NULL,1,N
BOM_504-1553_SUB_PCBA,504-1553,140-0645,18,NULL,1,N
BOM_504-1584,504-1584,VirtualProduct_504-1584_A1,10,NULL,1,N
BOM_504-1585,504-1585,VirtualProduct_504-1585_A1,1,NULL,1,N
BOM_504-1612,504-1612,100-0018,10,NULL,1,N
BOM_504-1612,504-1612,100-0024,6,NULL,1,N
BOM_504-1612,504-1612,100-0025,7,NULL,1,N
BOM_504-1612,504-1612,100-0031,9,NULL,1,N
BOM_504-1612,504-1612,100-0033,5,NULL,1,N
BOM_504-1612,504-1612,100-0038,2,NULL,1,N
BOM_504-1612,504-1612,100-0054,8,NULL,1,N
BOM_504-1612,504-1612,100-0061,4,NULL,1,N
BOM_504-1612,504-1612,100-0074,3,NULL,1,N
BOM_504-1612,504-1612,100-0088,1,NULL,1,N
BOM_504-1612,504-1612,110-0001,24,NULL,1,N
BOM_504-1612,504-1612,110-0011,22,NULL,1,N
BOM_504-1612,504-1612,110-0064,19,NULL,1,N
BOM_504-1612,504-1612,110-0158,23,NULL,1,N
BOM_504-1612,504-1612,110-0174,26,NULL,1,N
BOM_504-1612,504-1612,110-0239,29,NULL,1,N
BOM_504-1612,504-1612,110-0253,20,NULL,1,N
BOM_504-1612,504-1612,110-0260,21,NULL,1,N
BOM_504-1612,504-1612,110-0268,25,NULL,1,N
BOM_504-1612,504-1612,110-0273,27,NULL,1,N
BOM_504-1612,504-1612,110-0296,28,NULL,1,N
BOM_504-1612,504-1612,110-0311,30,NULL,1,N
BOM_504-1612,504-1612,120-0046,11,NULL,1,N
BOM_504-1612,504-1612,120-0128,15,NULL,1,N
BOM_504-1612,504-1612,120-0138,12,NULL,1,N
BOM_504-1612,504-1612,120-0143,16,NULL,1,N
BOM_504-1612,504-1612,120-0152,13,NULL,1,N
BOM_504-1612,504-1612,130-0077,34,NULL,1,N
BOM_504-1612,504-1612,140-0022,17,NULL,1,N
BOM_504-1612,504-1612,140-0253,18,NULL,1,N
BOM_504-1612,504-1612,140-0338,33,NULL,1,N
BOM_504-1612_SUB_PCBA,504-1612,100-0018,10,NULL,1,N
BOM_504-1612_SUB_PCBA,504-1612,100-0024,6,NULL,1,N
BOM_504-1612_SUB_PCBA,504-1612,100-0025,7,NULL,1,N
BOM_504-1612_SUB_PCBA,504-1612,100-0031,9,NULL,1,N
BOM_504-1612_SUB_PCBA,504-1612,100-0033,5,NULL,1,N
BOM_504-1612_SUB_PCBA,504-1612,100-0038,2,NULL,1,N
BOM_504-1612_SUB_PCBA,504-1612,100-0054,8,NULL,1,N
BOM_504-1612_SUB_PCBA,504-1612,100-0061,4,NULL,1,N
BOM_504-1612_SUB_PCBA,504-1612,100-0074,3,NULL,1,N
BOM_504-1612_SUB_PCBA,504-1612,100-0088,1,NULL,1,N
BOM_504-1612_SUB_PCBA,504-1612,110-0001,24,NULL,1,N
BOM_504-1612_SUB_PCBA,504-1612,110-0011,22,NULL,1,N
BOM_504-1612_SUB_PCBA,504-1612,110-0064,19,NULL,1,N
BOM_504-1612_SUB_PCBA,504-1612,110-0158,23,NULL,1,N
BOM_504-1612_SUB_PCBA,504-1612,110-0174,26,NULL,1,N
BOM_504-1612_SUB_PCBA,504-1612,110-0239,29,NULL,1,N
BOM_504-1612_SUB_PCBA,504-1612,110-0253,20,NULL,1,N
BOM_504-1612_SUB_PCBA,504-1612,110-0260,21,NULL,1,N
BOM_504-1612_SUB_PCBA,504-1612,110-0268,25,NULL,1,N
BOM_504-1612_SUB_PCBA,504-1612,110-0273,27,NULL,1,N
BOM_504-1612_SUB_PCBA,504-1612,110-0296,28,NULL,1,N
BOM_504-1612_SUB_PCBA,504-1612,110-0311,30,NULL,1,N
BOM_504-1612_SUB_PCBA,504-1612,120-0046,11,NULL,1,N
BOM_504-1612_SUB_PCBA,504-1612,120-0128,15,NULL,1,N
BOM_504-1612_SUB_PCBA,504-1612,120-0138,12,NULL,1,N
BOM_504-1612_SUB_PCBA,504-1612,120-0143,16,NULL,1,N
BOM_504-1612_SUB_PCBA,504-1612,120-0152,13,NULL,1,N
BOM_504-1612_SUB_PCBA,504-1612,130-0077,34,NULL,1,N
BOM_504-1612_SUB_PCBA,504-1612,140-0022,17,NULL,1,N
BOM_504-1612_SUB_PCBA,504-1612,140-0253,18,NULL,1,N
BOM_504-1612_SUB_PCBA,504-1612,140-0338,33,NULL,1,N
BOM_504-1616_SUB_PCBA,504-1616,100-0018,8,NULL,1,N
BOM_504-1616_SUB_PCBA,504-1616,100-0024,6,NULL,21,N
BOM_504-1616_SUB_PCBA,504-1616,100-0025,7,NULL,12,N
BOM_504-1616_SUB_PCBA,504-1616,100-0033,5,NULL,2,N
BOM_504-1616_SUB_PCBA,504-1616,100-0038,2,NULL,3,N
BOM_504-1616_SUB_PCBA,504-1616,100-0061,4,NULL,2,N
BOM_504-1616_SUB_PCBA,504-1616,100-0074,3,NULL,13,N
BOM_504-1616_SUB_PCBA,504-1616,100-0088,1,NULL,2,N
BOM_504-1616_SUB_PCBA,504-1616,110-0001,23,NULL,2,N
BOM_504-1616_SUB_PCBA,504-1616,110-0011,21,NULL,2,N
BOM_504-1616_SUB_PCBA,504-1616,110-0064,18,NULL,10,N
BOM_504-1616_SUB_PCBA,504-1616,110-0158,22,NULL,1,N
BOM_504-1616_SUB_PCBA,504-1616,110-0174,25,NULL,1,N
BOM_504-1616_SUB_PCBA,504-1616,110-0239,30,NULL,1,N
BOM_504-1616_SUB_PCBA,504-1616,110-0253,19,NULL,2,N
BOM_504-1616_SUB_PCBA,504-1616,110-0260,20,NULL,1,N
BOM_504-1616_SUB_PCBA,504-1616,110-0261,29,NULL,1,N
BOM_504-1616_SUB_PCBA,504-1616,110-0268,24,NULL,1,N
BOM_504-1616_SUB_PCBA,504-1616,110-0273,26,NULL,1,N
BOM_504-1616_SUB_PCBA,504-1616,110-0296,27,NULL,1,N
BOM_504-1616_SUB_PCBA,504-1616,110-0311,31,NULL,1,N
BOM_504-1616_SUB_PCBA,504-1616,110-0460,28,NULL,1,N
BOM_504-1616_SUB_PCBA,504-1616,120-0046,9,NULL,1,N
BOM_504-1616_SUB_PCBA,504-1616,120-0143,15,NULL,1,N
BOM_504-1616_SUB_PCBA,504-1616,120-0152,12,NULL,1,N
BOM_504-1616_SUB_PCBA,504-1616,130-0077,36,NULL,1,N
BOM_504-1616_SUB_PCBA,504-1616,140-0022,16,NULL,1,N
BOM_504-1616_SUB_PCBA,504-1616,140-0253,17,NULL,1,N
BOM_504-1616_SUB_PCBA,504-1616,140-0477,34,NULL,1,N
BOM_504-1616_SUB_PCBA,504-1616,140-0639,35,NULL,1,N
BOM_504-1616_SUB_PCBA,504-1616,160-1237,38,NULL,1,N
BOM_504-1616_SUB_PCBA,504-1616,VirtualProduct_504-1616_A1,10,NULL,5,N
BOM_504-1616_SUB_PCBA,504-1616,VirtualProduct_504-1616_B1,14,NULL,2,N
BOM_504-1616_SUB_PCBA,504-1616,VirtualProduct_504-1616_C1,33,NULL,1,N
BOM_504-1693_SUB_PCBA,504-1693,100-0021,1,NULL,1,N
BOM_504-1693_SUB_PCBA,504-1693,100-0024,2,NULL,16,N
BOM_504-1693_SUB_PCBA,504-1693,100-0025,3,NULL,15,N
BOM_504-1693_SUB_PCBA,504-1693,100-0033,4,NULL,4,N
BOM_504-1693_SUB_PCBA,504-1693,100-0038,5,NULL,2,N
BOM_504-1693_SUB_PCBA,504-1693,100-0061,6,NULL,2,N
BOM_504-1693_SUB_PCBA,504-1693,100-0062,7,NULL,2,N
BOM_504-1693_SUB_PCBA,504-1693,100-0073,8,NULL,1,N
BOM_504-1693_SUB_PCBA,504-1693,100-0074,9,NULL,8,N
BOM_504-1693_SUB_PCBA,504-1693,100-0086,10,NULL,16,N
BOM_504-1693_SUB_PCBA,504-1693,100-0088,11,NULL,3,N
BOM_504-1693_SUB_PCBA,504-1693,100-0115,12,NULL,4,N
BOM_504-1693_SUB_PCBA,504-1693,100-0122,13,NULL,1,N
BOM_504-1693_SUB_PCBA,504-1693,110-0001,14,NULL,2,N
BOM_504-1693_SUB_PCBA,504-1693,110-0002,15,NULL,2,N
BOM_504-1693_SUB_PCBA,504-1693,110-0011,16,NULL,4,N
BOM_504-1693_SUB_PCBA,504-1693,110-0064,17,NULL,10,N
BOM_504-1693_SUB_PCBA,504-1693,110-0161,18,NULL,1,N
BOM_504-1693_SUB_PCBA,504-1693,110-0177,19,NULL,1,N
BOM_504-1693_SUB_PCBA,504-1693,110-0207,20,NULL,4,N
BOM_504-1693_SUB_PCBA,504-1693,110-0213,21,NULL,1,N
BOM_504-1693_SUB_PCBA,504-1693,110-0237,22,NULL,1,N
BOM_504-1693_SUB_PCBA,504-1693,110-0241,23,NULL,2,N
BOM_504-1693_SUB_PCBA,504-1693,110-0243,24,NULL,1,N
BOM_504-1693_SUB_PCBA,504-1693,110-0252,25,NULL,2,N
BOM_504-1693_SUB_PCBA,504-1693,110-0267,26,NULL,1,N
BOM_504-1693_SUB_PCBA,504-1693,110-0272,27,NULL,1,N
BOM_504-1693_SUB_PCBA,504-1693,110-0273,28,NULL,1,N
BOM_504-1693_SUB_PCBA,504-1693,110-0298,29,NULL,2,N
BOM_504-1693_SUB_PCBA,504-1693,110-0308,30,NULL,1,N
BOM_504-1693_SUB_PCBA,504-1693,120-0143,35,NULL,1,N
BOM_504-1693_SUB_PCBA,504-1693,120-0248,36,NULL,7,N
BOM_504-1693_SUB_PCBA,504-1693,120-0249,37,NULL,8,N
BOM_504-1693_SUB_PCBA,504-1693,140-0179,40,NULL,1,N
BOM_504-1693_SUB_PCBA,504-1693,140-0221,41,NULL,1,N
BOM_504-1693_SUB_PCBA,504-1693,140-0246,42,NULL,1,N
BOM_504-1693_SUB_PCBA,504-1693,140-0341,45,NULL,1,N
BOM_504-1693_SUB_PCBA,504-1693,160-1153,51,NULL,1,N
BOM_504-1693_SUB_PCBA,504-1693,VirtualProduct_504-1693_A1,50,NULL,3,N
BOM_504-1693_SUB_PCBA,504-1693,VirtualProduct_504-1693_A2,44,NULL,1,N
BOM_504-1693_SUB_PCBA,504-1693,VirtualProduct_504-1693_A3,38,NULL,1,N
BOM_504-1693_SUB_PCBA,504-1693,VirtualProduct_504-1693_B1,31,NULL,1,N
BOM_504-1693_SUB_PCBA,504-1693,VirtualProduct_504-1693_B2,33,NULL,1,N
BOM_504-1693_SUB_PCBA,504-1693,VirtualProduct_504-1693_C1,46,NULL,1,N
BOM_504-1704,504-1704,504-1712,1,NULL,1,N
BOM_504-1712,504-1712,100-0025,7,NULL,12,N
BOM_504-1712,504-1712,100-0033,5,NULL,2,N
BOM_504-1712,504-1712,100-0038,2,NULL,3,N
BOM_504-1712,504-1712,100-0061,4,NULL,2,N
BOM_504-1712,504-1712,100-0214,3,NULL,13,N
BOM_504-1712,504-1712,100-0225,6,NULL,21,N
BOM_504-1712,504-1712,100-0268,1,NULL,2,N
BOM_504-1712,504-1712,100-0285,8,NULL,1,N
BOM_504-1712,504-1712,110-0001,22,NULL,2,N
BOM_504-1712,504-1712,110-0011,20,NULL,2,N
BOM_504-1712,504-1712,110-0064,17,NULL,10,N
BOM_504-1712,504-1712,110-0158,21,NULL,1,N
BOM_504-1712,504-1712,110-0174,24,NULL,1,N
BOM_504-1712,504-1712,110-0239,29,NULL,1,N
BOM_504-1712,504-1712,110-0253,18,NULL,2,N
BOM_504-1712,504-1712,110-0260,19,NULL,1,N
BOM_504-1712,504-1712,110-0261,28,NULL,1,N
BOM_504-1712,504-1712,110-0268,23,NULL,1,N
BOM_504-1712,504-1712,110-0273,25,NULL,1,N
BOM_504-1712,504-1712,110-0296,26,NULL,1,N
BOM_504-1712,504-1712,110-0311,30,NULL,1,N
BOM_504-1712,504-1712,110-0460,27,NULL,1,N
BOM_504-1712,504-1712,120-0046,9,NULL,1,N
BOM_504-1712,504-1712,120-0143,14,NULL,1,N
BOM_504-1712,504-1712,120-0152,12,NULL,1,N
BOM_504-1712,504-1712,120-0215,13,NULL,2,N
BOM_504-1712,504-1712,130-0077,35,NULL,1,N
BOM_504-1712,504-1712,140-0022,15,NULL,1,N
BOM_504-1712,504-1712,140-0477,33,NULL,1,N
BOM_504-1712,504-1712,140-0639,34,NULL,1,N
BOM_504-1712,504-1712,140-0645,16,NULL,1,N
BOM_504-1712,504-1712,160-1237,37,NULL,1,N
BOM_504-1712,504-1712,VirtualProduct_504-1712_A1,10,NULL,5,N
BOM_504-1712,504-1712,VirtualProduct_504-1712_B1,31,NULL,1,N
BOM_504-1712_SUB_PCBA,504-1712,100-0025,7,NULL,12,N
BOM_504-1712_SUB_PCBA,504-1712,100-0033,5,NULL,2,N
BOM_504-1712_SUB_PCBA,504-1712,100-0038,2,NULL,3,N
BOM_504-1712_SUB_PCBA,504-1712,100-0061,4,NULL,2,N
BOM_504-1712_SUB_PCBA,504-1712,100-0214,3,NULL,13,N
BOM_504-1712_SUB_PCBA,504-1712,100-0225,6,NULL,21,N
BOM_504-1712_SUB_PCBA,504-1712,100-0268,1,NULL,2,N
BOM_504-1712_SUB_PCBA,504-1712,100-0285,8,NULL,1,N
BOM_504-1712_SUB_PCBA,504-1712,110-0001,22,NULL,2,N
BOM_504-1712_SUB_PCBA,504-1712,110-0011,20,NULL,2,N
BOM_504-1712_SUB_PCBA,504-1712,110-0064,17,NULL,10,N
BOM_504-1712_SUB_PCBA,504-1712,110-0158,21,NULL,1,N
BOM_504-1712_SUB_PCBA,504-1712,110-0174,24,NULL,1,N
BOM_504-1712_SUB_PCBA,504-1712,110-0239,29,NULL,1,N
BOM_504-1712_SUB_PCBA,504-1712,110-0253,18,NULL,2,N
BOM_504-1712_SUB_PCBA,504-1712,110-0260,19,NULL,1,N
BOM_504-1712_SUB_PCBA,504-1712,110-0261,28,NULL,1,N
BOM_504-1712_SUB_PCBA,504-1712,110-0268,23,NULL,1,N
BOM_504-1712_SUB_PCBA,504-1712,110-0273,25,NULL,1,N
BOM_504-1712_SUB_PCBA,504-1712,110-0296,26,NULL,1,N
BOM_504-1712_SUB_PCBA,504-1712,110-0311,30,NULL,1,N
BOM_504-1712_SUB_PCBA,504-1712,110-0460,27,NULL,1,N
BOM_504-1712_SUB_PCBA,504-1712,120-0046,9,NULL,1,N
BOM_504-1712_SUB_PCBA,504-1712,120-0143,14,NULL,1,N
BOM_504-1712_SUB_PCBA,504-1712,120-0152,12,NULL,1,N
BOM_504-1712_SUB_PCBA,504-1712,120-0215,13,NULL,2,N
BOM_504-1712_SUB_PCBA,504-1712,130-0077,35,NULL,1,N
BOM_504-1712_SUB_PCBA,504-1712,140-0022,15,NULL,1,N
BOM_504-1712_SUB_PCBA,504-1712,140-0477,33,NULL,1,N
BOM_504-1712_SUB_PCBA,504-1712,140-0639,34,NULL,1,N
BOM_504-1712_SUB_PCBA,504-1712,140-0645,16,NULL,1,N
BOM_504-1712_SUB_PCBA,504-1712,160-1237,37,NULL,1,N
BOM_504-1712_SUB_PCBA,504-1712,VirtualProduct_504-1712_A1,10,NULL,5,N
BOM_504-1712_SUB_PCBA,504-1712,VirtualProduct_504-1712_B1,31,NULL,1,N
BOM_504-1718,504-1718,100-0024,1,NULL,46,N
BOM_504-1718,504-1718,100-0025,2,NULL,1,N
BOM_504-1718,504-1718,100-0035,3,NULL,10,N
BOM_504-1718,504-1718,100-0038,4,NULL,7,N
BOM_504-1718,504-1718,100-0061,5,NULL,4,N
BOM_504-1718,504-1718,100-0073,6,NULL,4,N
BOM_504-1718,504-1718,100-0074,7,NULL,15,N
BOM_504-1718,504-1718,110-0002,8,NULL,1,N
BOM_504-1718,504-1718,110-0011,9,NULL,2,N
BOM_504-1718,504-1718,110-0064,10,NULL,12,N
BOM_504-1718,504-1718,110-0099,11,NULL,1,N
BOM_504-1718,504-1718,110-0156,12,NULL,2,N
BOM_504-1718,504-1718,110-0174,13,NULL,1,N
BOM_504-1718,504-1718,110-0214,14,NULL,3,N
BOM_504-1718,504-1718,110-0241,15,NULL,2,N
BOM_504-1718,504-1718,110-0249,16,NULL,1,N
BOM_504-1718,504-1718,110-0261,17,NULL,2,N
BOM_504-1718,504-1718,110-0268,18,NULL,2,N
BOM_504-1718,504-1718,110-0311,19,NULL,3,N
BOM_504-1718,504-1718,110-0460,20,NULL,1,N
BOM_504-1718,504-1718,120-0046,21,NULL,1,N
BOM_504-1718,504-1718,120-0138,23,NULL,1,N
BOM_504-1718,504-1718,120-0248,25,NULL,10,N
BOM_504-1718,504-1718,140-0113,29,NULL,1,N
BOM_504-1718,504-1718,140-0240,30,NULL,1,N
BOM_504-1718,504-1718,140-0599,33,NULL,1,N
BOM_504-1718,504-1718,140-0847,35,NULL,1,N
BOM_504-1718,504-1718,140-0853,36,NULL,1,N
BOM_504-1718,504-1718,160-1287,37,NULL,1,N
BOM_504-1718,504-1718,VirtualProduct_504-1718_A,29,NULL,1,N
BOM_504-1718,504-1718,VirtualProduct_504-1718_A1,28,NULL,1,N
BOM_504-1718,504-1718,VirtualProduct_504-1718_B,27,NULL,1,N
BOM_504-1718,504-1718,VirtualProduct_504-1718_B1,22,NULL,1,N
BOM_504-1718,504-1718,VirtualProduct_504-1718_C,24,NULL,1,N
BOM_504-1718,504-1718,VirtualProduct_504-1718_C1,26,NULL,1,N
BOM_504-1718,504-1718,VirtualProduct_504-1718_D,32,NULL,1,N
BOM_504-1718,504-1718,VirtualProduct_504-1718_D1,34,NULL,1,N
BOM_504-1718,504-1718,VirtualProduct_504-1718_E1,23,NULL,1,N
BOM_504-1718,504-1718,VirtualProduct_504-1718_F1,31,NULL,1,N
BOM_504-1718_SUB_PCBA,504-1718,100-0024,1,NULL,46,N
BOM_504-1718_SUB_PCBA,504-1718,100-0025,2,NULL,1,N
BOM_504-1718_SUB_PCBA,504-1718,100-0035,3,NULL,10,N
BOM_504-1718_SUB_PCBA,504-1718,100-0038,4,NULL,7,N
BOM_504-1718_SUB_PCBA,504-1718,100-0061,5,NULL,4,N
BOM_504-1718_SUB_PCBA,504-1718,100-0073,6,NULL,4,N
BOM_504-1718_SUB_PCBA,504-1718,100-0074,7,NULL,15,N
BOM_504-1718_SUB_PCBA,504-1718,110-0002,8,NULL,1,N
BOM_504-1718_SUB_PCBA,504-1718,110-0011,9,NULL,2,N
BOM_504-1718_SUB_PCBA,504-1718,110-0064,10,NULL,12,N
BOM_504-1718_SUB_PCBA,504-1718,110-0099,11,NULL,1,N
BOM_504-1718_SUB_PCBA,504-1718,110-0156,12,NULL,2,N
BOM_504-1718_SUB_PCBA,504-1718,110-0174,13,NULL,1,N
BOM_504-1718_SUB_PCBA,504-1718,110-0214,14,NULL,3,N
BOM_504-1718_SUB_PCBA,504-1718,110-0241,15,NULL,2,N
BOM_504-1718_SUB_PCBA,504-1718,110-0249,16,NULL,1,N
BOM_504-1718_SUB_PCBA,504-1718,110-0261,17,NULL,2,N
BOM_504-1718_SUB_PCBA,504-1718,110-0268,18,NULL,2,N
BOM_504-1718_SUB_PCBA,504-1718,110-0311,19,NULL,3,N
BOM_504-1718_SUB_PCBA,504-1718,110-0460,20,NULL,1,N
BOM_504-1718_SUB_PCBA,504-1718,120-0046,21,NULL,1,N
BOM_504-1718_SUB_PCBA,504-1718,120-0138,23,NULL,1,N
BOM_504-1718_SUB_PCBA,504-1718,120-0248,25,NULL,10,N
BOM_504-1718_SUB_PCBA,504-1718,140-0113,29,NULL,1,N
BOM_504-1718_SUB_PCBA,504-1718,140-0240,30,NULL,1,N
BOM_504-1718_SUB_PCBA,504-1718,140-0599,33,NULL,1,N
BOM_504-1718_SUB_PCBA,504-1718,140-0847,35,NULL,1,N
BOM_504-1718_SUB_PCBA,504-1718,140-0853,36,NULL,1,N
BOM_504-1718_SUB_PCBA,504-1718,160-1287,37,NULL,1,N
BOM_504-1718_SUB_PCBA,504-1718,VirtualProduct_504-1718_A,33,NULL,1,N
BOM_504-1718_SUB_PCBA,504-1718,VirtualProduct_504-1718_A1,28,NULL,1,N
BOM_504-1718_SUB_PCBA,504-1718,VirtualProduct_504-1718_B,22,NULL,1,N
BOM_504-1718_SUB_PCBA,504-1718,VirtualProduct_504-1718_B1,27,NULL,1,N
BOM_504-1718_SUB_PCBA,504-1718,VirtualProduct_504-1718_C,24,NULL,1,N
BOM_504-1718_SUB_PCBA,504-1718,VirtualProduct_504-1718_C1,26,NULL,1,N
BOM_504-1718_SUB_PCBA,504-1718,VirtualProduct_504-1718_D,32,NULL,1,N
BOM_504-1718_SUB_PCBA,504-1718,VirtualProduct_504-1718_D1,31,NULL,1,N
BOM_504-1718_SUB_PCBA,504-1718,VirtualProduct_504-1718_E1,28,NULL,1,N
BOM_504-1718_SUB_PCBA,504-1718,VirtualProduct_504-1718_F1,47,NULL,1,N
BOM_504-1728_SUB_PCBA,504-1728,100-0024,1,NULL,14,N
BOM_504-1728_SUB_PCBA,504-1728,100-0025,2,NULL,16,N
BOM_504-1728_SUB_PCBA,504-1728,100-0033,3,NULL,5,N
BOM_504-1728_SUB_PCBA,504-1728,100-0038,4,NULL,1,N
BOM_504-1728_SUB_PCBA,504-1728,100-0061,5,NULL,4,N
BOM_504-1728_SUB_PCBA,504-1728,100-0062,6,NULL,6,N
BOM_504-1728_SUB_PCBA,504-1728,100-0074,7,NULL,11,N
BOM_504-1728_SUB_PCBA,504-1728,100-0086,8,NULL,16,N
BOM_504-1728_SUB_PCBA,504-1728,100-0116,9,NULL,2,N
BOM_504-1728_SUB_PCBA,504-1728,100-0222,10,NULL,2,N
BOM_504-1728_SUB_PCBA,504-1728,110-0001,11,NULL,3,N
BOM_504-1728_SUB_PCBA,504-1728,110-0002,12,NULL,4,N
BOM_504-1728_SUB_PCBA,504-1728,110-0011,13,NULL,4,N
BOM_504-1728_SUB_PCBA,504-1728,110-0064,14,NULL,12,N
BOM_504-1728_SUB_PCBA,504-1728,110-0161,15,NULL,1,N
BOM_504-1728_SUB_PCBA,504-1728,110-0237,16,NULL,2,N
BOM_504-1728_SUB_PCBA,504-1728,110-0241,17,NULL,3,N
BOM_504-1728_SUB_PCBA,504-1728,110-0261,18,NULL,1,N
BOM_504-1728_SUB_PCBA,504-1728,110-0298,19,NULL,1,N
BOM_504-1728_SUB_PCBA,504-1728,110-0308,20,NULL,1,N
BOM_504-1728_SUB_PCBA,504-1728,110-0460,21,NULL,1,N
BOM_504-1728_SUB_PCBA,504-1728,120-0046,22,NULL,1,N
BOM_504-1728_SUB_PCBA,504-1728,120-0143,23,NULL,1,N
BOM_504-1728_SUB_PCBA,504-1728,120-0157,24,NULL,3,N
BOM_504-1728_SUB_PCBA,504-1728,120-0232,28,NULL,8,N
BOM_504-1728_SUB_PCBA,504-1728,120-0248,29,NULL,5,N
BOM_504-1728_SUB_PCBA,504-1728,140-0221,32,NULL,1,N
BOM_504-1728_SUB_PCBA,504-1728,140-0386,35,NULL,1,N
BOM_504-1728_SUB_PCBA,504-1728,140-0434,38,NULL,1,N
BOM_504-1728_SUB_PCBA,504-1728,140-0477,39,NULL,1,N
BOM_504-1728_SUB_PCBA,504-1728,160-1291,40,NULL,1,N
BOM_504-1728_SUB_PCBA,504-1728,VirtualProduct_504-1728_A1,37,NULL,2,N
BOM_504-1728_SUB_PCBA,504-1728,VirtualProduct_504-1728_B1,33,NULL,1,N
BOM_504-1728_SUB_PCBA,504-1728,VirtualProduct_504-1728_C1,27,NULL,1,N
BOM_504-1728_SUB_PCBA,504-1728,VirtualProduct_504-1728_D1,31,NULL,1,N
BOM_504-1747_SUB_PCBA,504-1747,100-0021,2,NULL,4,N
BOM_504-1747_SUB_PCBA,504-1747,100-0024,3,NULL,46,N
BOM_504-1747_SUB_PCBA,504-1747,100-0025,4,NULL,21,N
BOM_504-1747_SUB_PCBA,504-1747,100-0031,10,NULL,1,N
BOM_504-1747_SUB_PCBA,504-1747,100-0033,5,NULL,3,N
BOM_504-1747_SUB_PCBA,504-1747,100-0038,6,NULL,1,N
BOM_504-1747_SUB_PCBA,504-1747,100-0061,7,NULL,2,N
BOM_504-1747_SUB_PCBA,504-1747,100-0062,8,NULL,2,N
BOM_504-1747_SUB_PCBA,504-1747,100-0073,9,NULL,1,N
BOM_504-1747_SUB_PCBA,504-1747,100-0074,12,NULL,10,N
BOM_504-1747_SUB_PCBA,504-1747,100-0088,13,NULL,2,N
BOM_504-1747_SUB_PCBA,504-1747,100-0116,14,NULL,5,N
BOM_504-1747_SUB_PCBA,504-1747,100-0144,11,NULL,4,N
BOM_504-1747_SUB_PCBA,504-1747,110-0001,15,NULL,2,N
BOM_504-1747_SUB_PCBA,504-1747,110-0002,16,NULL,2,N
BOM_504-1747_SUB_PCBA,504-1747,110-0011,17,NULL,4,N
BOM_504-1747_SUB_PCBA,504-1747,110-0064,18,NULL,17,N
BOM_504-1747_SUB_PCBA,504-1747,110-0161,19,NULL,1,N
BOM_504-1747_SUB_PCBA,504-1747,110-0177,20,NULL,1,N
BOM_504-1747_SUB_PCBA,504-1747,110-0213,22,NULL,1,N
BOM_504-1747_SUB_PCBA,504-1747,110-0216,21,NULL,4,N
BOM_504-1747_SUB_PCBA,504-1747,110-0220,23,NULL,2,N
BOM_504-1747_SUB_PCBA,504-1747,110-0237,24,NULL,2,N
BOM_504-1747_SUB_PCBA,504-1747,110-0239,25,NULL,2,N
BOM_504-1747_SUB_PCBA,504-1747,110-0241,26,NULL,9,N
BOM_504-1747_SUB_PCBA,504-1747,110-0243,27,NULL,1,N
BOM_504-1747_SUB_PCBA,504-1747,110-0267,28,NULL,1,N
BOM_504-1747_SUB_PCBA,504-1747,110-0272,29,NULL,1,N
BOM_504-1747_SUB_PCBA,504-1747,110-0273,30,NULL,1,N
BOM_504-1747_SUB_PCBA,504-1747,110-0298,31,NULL,2,N
BOM_504-1747_SUB_PCBA,504-1747,110-0308,32,NULL,1,N
BOM_504-1747_SUB_PCBA,504-1747,120-0099,35,NULL,1,N
BOM_504-1747_SUB_PCBA,504-1747,120-0100,36,NULL,1,N
BOM_504-1747_SUB_PCBA,504-1747,120-0120,37,NULL,2,N
BOM_504-1747_SUB_PCBA,504-1747,120-0143,39,NULL,2,N
BOM_504-1747_SUB_PCBA,504-1747,120-0152,33,NULL,1,N
BOM_504-1747_SUB_PCBA,504-1747,120-0248,34,NULL,13,N
BOM_504-1747_SUB_PCBA,504-1747,120-0249,38,NULL,8,N
BOM_504-1747_SUB_PCBA,504-1747,140-0179,40,NULL,1,N
BOM_504-1747_SUB_PCBA,504-1747,140-0221,41,NULL,1,N
BOM_504-1747_SUB_PCBA,504-1747,140-0246,42,NULL,1,N
BOM_504-1747_SUB_PCBA,504-1747,140-0253,43,NULL,1,N
BOM_504-1747_SUB_PCBA,504-1747,140-0310,44,NULL,2,N
BOM_504-1747_SUB_PCBA,504-1747,140-0341,45,NULL,1,N
BOM_504-1747_SUB_PCBA,504-1747,140-0355,46,NULL,1,N
BOM_504-1747_SUB_PCBA,504-1747,140-0384,47,NULL,1,N
BOM_504-1747_SUB_PCBA,504-1747,140-0386,49,NULL,1,N
BOM_504-1747_SUB_PCBA,504-1747,140-0392,50,NULL,3,N
BOM_504-1747_SUB_PCBA,504-1747,140-0481,48,NULL,1,N
BOM_504-1747_SUB_PCBA,504-1747,160-1218,51,NULL,1,N
BOM_504-1753_SUB_PCBA,504-1753,100-0021,2,NULL,1,N
BOM_504-1753_SUB_PCBA,504-1753,100-0024,3,NULL,18,N
BOM_504-1753_SUB_PCBA,504-1753,100-0025,4,NULL,20,N
BOM_504-1753_SUB_PCBA,504-1753,100-0033,5,NULL,3,N
BOM_504-1753_SUB_PCBA,504-1753,100-0038,6,NULL,2,N
BOM_504-1753_SUB_PCBA,504-1753,100-0061,7,NULL,3,N
BOM_504-1753_SUB_PCBA,504-1753,100-0062,8,NULL,2,N
BOM_504-1753_SUB_PCBA,504-1753,100-0073,9,NULL,1,N
BOM_504-1753_SUB_PCBA,504-1753,100-0074,10,NULL,9,N
BOM_504-1753_SUB_PCBA,504-1753,100-0086,11,NULL,16,N
BOM_504-1753_SUB_PCBA,504-1753,100-0088,12,NULL,3,N
BOM_504-1753_SUB_PCBA,504-1753,100-0115,13,NULL,4,N
BOM_504-1753_SUB_PCBA,504-1753,110-0001,14,NULL,1,N
BOM_504-1753_SUB_PCBA,504-1753,110-0002,15,NULL,3,N
BOM_504-1753_SUB_PCBA,504-1753,110-0011,16,NULL,4,N
BOM_504-1753_SUB_PCBA,504-1753,110-0064,17,NULL,13,N
BOM_504-1753_SUB_PCBA,504-1753,110-0121,18,NULL,2,N
BOM_504-1753_SUB_PCBA,504-1753,110-0161,19,NULL,1,N
BOM_504-1753_SUB_PCBA,504-1753,110-0207,20,NULL,4,N
BOM_504-1753_SUB_PCBA,504-1753,110-0213,21,NULL,1,N
BOM_504-1753_SUB_PCBA,504-1753,110-0237,22,NULL,1,N
BOM_504-1753_SUB_PCBA,504-1753,110-0241,23,NULL,1,N
BOM_504-1753_SUB_PCBA,504-1753,110-0243,24,NULL,1,N
BOM_504-1753_SUB_PCBA,504-1753,110-0267,25,NULL,1,N
BOM_504-1753_SUB_PCBA,504-1753,110-0272,26,NULL,1,N
BOM_504-1753_SUB_PCBA,504-1753,110-0273,27,NULL,1,N
BOM_504-1753_SUB_PCBA,504-1753,110-0298,28,NULL,1,N
BOM_504-1753_SUB_PCBA,504-1753,110-0308,29,NULL,1,N
BOM_504-1753_SUB_PCBA,504-1753,120-0099,31,NULL,1,N
BOM_504-1753_SUB_PCBA,504-1753,120-0100,32,NULL,1,N
BOM_504-1753_SUB_PCBA,504-1753,120-0143,34,NULL,1,N
BOM_504-1753_SUB_PCBA,504-1753,120-0248,30,NULL,8,N
BOM_504-1753_SUB_PCBA,504-1753,120-0249,33,NULL,9,N
BOM_504-1753_SUB_PCBA,504-1753,140-0179,35,NULL,1,N
BOM_504-1753_SUB_PCBA,504-1753,140-0221,36,NULL,1,N
BOM_504-1753_SUB_PCBA,504-1753,140-0246,37,NULL,1,N
BOM_504-1753_SUB_PCBA,504-1753,140-0341,40,NULL,1,N
BOM_504-1753_SUB_PCBA,504-1753,140-0386,43,NULL,1,N
BOM_504-1753_SUB_PCBA,504-1753,160-1172,47,NULL,1,N
BOM_504-1753_SUB_PCBA,504-1753,VirtualProduct_504-1753_A1,39,NULL,1,N
BOM_504-1753_SUB_PCBA,504-1753,VirtualProduct_504-1753_A2,42,NULL,1,N
BOM_504-1753_SUB_PCBA,504-1753,VirtualProduct_504-1753_A3,46,NULL,3,N
BOM_504-1815_SUB_PCBA,504-1815,100-0021,14,NULL,1,N
BOM_504-1815_SUB_PCBA,504-1815,100-0024,3,NULL,16,N
BOM_504-1815_SUB_PCBA,504-1815,100-0025,9,NULL,15,N
BOM_504-1815_SUB_PCBA,504-1815,100-0033,2,NULL,4,N
BOM_504-1815_SUB_PCBA,504-1815,100-0038,11,NULL,2,N
BOM_504-1815_SUB_PCBA,504-1815,100-0061,7,NULL,2,N
BOM_504-1815_SUB_PCBA,504-1815,100-0062,8,NULL,2,N
BOM_504-1815_SUB_PCBA,504-1815,100-0073,12,NULL,1,N
BOM_504-1815_SUB_PCBA,504-1815,100-0074,10,NULL,8,N
BOM_504-1815_SUB_PCBA,504-1815,100-0086,5,NULL,16,N
BOM_504-1815_SUB_PCBA,504-1815,100-0088,13,NULL,3,N
BOM_504-1815_SUB_PCBA,504-1815,100-0115,4,NULL,4,N
BOM_504-1815_SUB_PCBA,504-1815,100-0122,6,NULL,1,N
BOM_504-1815_SUB_PCBA,504-1815,110-0001,27,NULL,2,N
BOM_504-1815_SUB_PCBA,504-1815,110-0002,16,NULL,2,N
BOM_504-1815_SUB_PCBA,504-1815,110-0011,18,NULL,4,N
BOM_504-1815_SUB_PCBA,504-1815,110-0064,20,NULL,10,N
BOM_504-1815_SUB_PCBA,504-1815,110-0161,31,NULL,1,N
BOM_504-1815_SUB_PCBA,504-1815,110-0177,26,NULL,1,N
BOM_504-1815_SUB_PCBA,504-1815,110-0207,22,NULL,4,N
BOM_504-1815_SUB_PCBA,504-1815,110-0213,28,NULL,1,N
BOM_504-1815_SUB_PCBA,504-1815,110-0237,29,NULL,1,N
BOM_504-1815_SUB_PCBA,504-1815,110-0241,25,NULL,2,N
BOM_504-1815_SUB_PCBA,504-1815,110-0243,19,NULL,1,N
BOM_504-1815_SUB_PCBA,504-1815,110-0252,17,NULL,2,N
BOM_504-1815_SUB_PCBA,504-1815,110-0267,21,NULL,1,N
BOM_504-1815_SUB_PCBA,504-1815,110-0272,23,NULL,1,N
BOM_504-1815_SUB_PCBA,504-1815,110-0273,24,NULL,1,N
BOM_504-1815_SUB_PCBA,504-1815,110-0298,15,NULL,2,N
BOM_504-1815_SUB_PCBA,504-1815,110-0308,30,NULL,1,N
BOM_504-1815_SUB_PCBA,504-1815,120-0051,32,NULL,7,N
BOM_504-1815_SUB_PCBA,504-1815,120-0099,33,NULL,1,N
BOM_504-1815_SUB_PCBA,504-1815,120-0100,34,NULL,1,N
BOM_504-1815_SUB_PCBA,504-1815,120-0129,36,NULL,8,N
BOM_504-1815_SUB_PCBA,504-1815,120-0143,35,NULL,1,N
BOM_504-1815_SUB_PCBA,504-1815,140-0179,40,NULL,1,N
BOM_504-1815_SUB_PCBA,504-1815,140-0221,38,NULL,1,N
BOM_504-1815_SUB_PCBA,504-1815,140-0246,41,NULL,1,N
BOM_504-1815_SUB_PCBA,504-1815,140-0341,39,NULL,1,N
BOM_504-1815_SUB_PCBA,504-1815,140-0384,44,NULL,1,N
BOM_504-1815_SUB_PCBA,504-1815,140-0386,42,NULL,1,N
BOM_504-1815_SUB_PCBA,504-1815,140-0645,43,NULL,1,N
BOM_504-1815_SUB_PCBA,504-1815,140-0834,37,NULL,3,N
BOM_504-1815_SUB_PCBA,504-1815,160-1153,45,NULL,1,N
BOM_504-1817_SUB_PCBA,504-1817,100-0021,14,NULL,1,N
BOM_504-1817_SUB_PCBA,504-1817,100-0024,3,NULL,16,N
BOM_504-1817_SUB_PCBA,504-1817,100-0025,9,NULL,15,N
BOM_504-1817_SUB_PCBA,504-1817,100-0033,2,NULL,4,N
BOM_504-1817_SUB_PCBA,504-1817,100-0038,11,NULL,2,N
BOM_504-1817_SUB_PCBA,504-1817,100-0061,7,NULL,2,N
BOM_504-1817_SUB_PCBA,504-1817,100-0062,8,NULL,2,N
BOM_504-1817_SUB_PCBA,504-1817,100-0073,12,NULL,1,N
BOM_504-1817_SUB_PCBA,504-1817,100-0074,10,NULL,8,N
BOM_504-1817_SUB_PCBA,504-1817,100-0086,5,NULL,16,N
BOM_504-1817_SUB_PCBA,504-1817,100-0088,13,NULL,3,N
BOM_504-1817_SUB_PCBA,504-1817,100-0115,4,NULL,4,N
BOM_504-1817_SUB_PCBA,504-1817,100-0122,6,NULL,1,N
BOM_504-1817_SUB_PCBA,504-1817,110-0001,27,NULL,2,N
BOM_504-1817_SUB_PCBA,504-1817,110-0002,16,NULL,2,N
BOM_504-1817_SUB_PCBA,504-1817,110-0011,18,NULL,4,N
BOM_504-1817_SUB_PCBA,504-1817,110-0064,20,NULL,10,N
BOM_504-1817_SUB_PCBA,504-1817,110-0161,31,NULL,1,N
BOM_504-1817_SUB_PCBA,504-1817,110-0177,26,NULL,1,N
BOM_504-1817_SUB_PCBA,504-1817,110-0207,22,NULL,4,N
BOM_504-1817_SUB_PCBA,504-1817,110-0213,28,NULL,1,N
BOM_504-1817_SUB_PCBA,504-1817,110-0237,29,NULL,1,N
BOM_504-1817_SUB_PCBA,504-1817,110-0241,25,NULL,2,N
BOM_504-1817_SUB_PCBA,504-1817,110-0243,19,NULL,1,N
BOM_504-1817_SUB_PCBA,504-1817,110-0252,17,NULL,2,N
BOM_504-1817_SUB_PCBA,504-1817,110-0267,21,NULL,1,N
BOM_504-1817_SUB_PCBA,504-1817,110-0272,23,NULL,1,N
BOM_504-1817_SUB_PCBA,504-1817,110-0273,24,NULL,1,N
BOM_504-1817_SUB_PCBA,504-1817,110-0298,15,NULL,2,N
BOM_504-1817_SUB_PCBA,504-1817,110-0308,30,NULL,1,N
BOM_504-1817_SUB_PCBA,504-1817,120-0051,32,NULL,7,N
BOM_504-1817_SUB_PCBA,504-1817,120-0099,33,NULL,1,N
BOM_504-1817_SUB_PCBA,504-1817,120-0100,34,NULL,1,N
BOM_504-1817_SUB_PCBA,504-1817,120-0129,36,NULL,8,N
BOM_504-1817_SUB_PCBA,504-1817,120-0143,35,NULL,1,N
BOM_504-1817_SUB_PCBA,504-1817,140-0179,40,NULL,1,N
BOM_504-1817_SUB_PCBA,504-1817,140-0221,38,NULL,1,N
BOM_504-1817_SUB_PCBA,504-1817,140-0246,41,NULL,1,N
BOM_504-1817_SUB_PCBA,504-1817,140-0341,39,NULL,1,N
BOM_504-1817_SUB_PCBA,504-1817,140-0384,44,NULL,1,N
BOM_504-1817_SUB_PCBA,504-1817,140-0386,42,NULL,1,N
BOM_504-1817_SUB_PCBA,504-1817,140-0392,37,NULL,3,N
BOM_504-1817_SUB_PCBA,504-1817,140-0645,43,NULL,1,N
BOM_504-1817_SUB_PCBA,504-1817,160-1153,45,NULL,1,N
BOM_504-1818_SUB_PCBA,504-1818,100-0018,8,NULL,1,N
BOM_504-1818_SUB_PCBA,504-1818,100-0024,6,NULL,21,N
BOM_504-1818_SUB_PCBA,504-1818,100-0025,7,NULL,12,N
BOM_504-1818_SUB_PCBA,504-1818,100-0033,5,NULL,2,N
BOM_504-1818_SUB_PCBA,504-1818,100-0038,2,NULL,3,N
BOM_504-1818_SUB_PCBA,504-1818,100-0061,4,NULL,2,N
BOM_504-1818_SUB_PCBA,504-1818,100-0074,3,NULL,13,N
BOM_504-1818_SUB_PCBA,504-1818,100-0088,1,NULL,2,N
BOM_504-1818_SUB_PCBA,504-1818,110-0001,22,NULL,2,N
BOM_504-1818_SUB_PCBA,504-1818,110-0011,20,NULL,2,N
BOM_504-1818_SUB_PCBA,504-1818,110-0064,17,NULL,10,N
BOM_504-1818_SUB_PCBA,504-1818,110-0158,21,NULL,1,N
BOM_504-1818_SUB_PCBA,504-1818,110-0174,24,NULL,1,N
BOM_504-1818_SUB_PCBA,504-1818,110-0239,29,NULL,1,N
BOM_504-1818_SUB_PCBA,504-1818,110-0253,18,NULL,2,N
BOM_504-1818_SUB_PCBA,504-1818,110-0260,19,NULL,1,N
BOM_504-1818_SUB_PCBA,504-1818,110-0261,28,NULL,1,N
BOM_504-1818_SUB_PCBA,504-1818,110-0268,23,NULL,1,N
BOM_504-1818_SUB_PCBA,504-1818,110-0273,25,NULL,1,N
BOM_504-1818_SUB_PCBA,504-1818,110-0296,26,NULL,1,N
BOM_504-1818_SUB_PCBA,504-1818,110-0311,30,NULL,1,N
BOM_504-1818_SUB_PCBA,504-1818,110-0460,27,NULL,1,N
BOM_504-1818_SUB_PCBA,504-1818,120-0046,9,NULL,1,N
BOM_504-1818_SUB_PCBA,504-1818,120-0143,14,NULL,1,N
BOM_504-1818_SUB_PCBA,504-1818,120-0152,12,NULL,1,N
BOM_504-1818_SUB_PCBA,504-1818,120-0224,13,NULL,2,N
BOM_504-1818_SUB_PCBA,504-1818,130-0077,35,NULL,1,N
BOM_504-1818_SUB_PCBA,504-1818,140-0022,15,NULL,1,N
BOM_504-1818_SUB_PCBA,504-1818,140-0477,33,NULL,1,N
BOM_504-1818_SUB_PCBA,504-1818,140-0639,34,NULL,1,N
BOM_504-1818_SUB_PCBA,504-1818,140-0645,16,NULL,1,N
BOM_504-1818_SUB_PCBA,504-1818,160-1237,37,NULL,1,N
BOM_504-1818_SUB_PCBA,504-1818,VirtualProduct_504-1818_A1,10,NULL,5,N
BOM_504-1818_SUB_PCBA,504-1818,VirtualProduct_504-1818_B1,32,NULL,1,N
BOM_504-1828,504-1828,100-0018,10,NULL,1,N
BOM_504-1828,504-1828,100-0024,6,NULL,1,N
BOM_504-1828,504-1828,100-0025,7,NULL,1,N
BOM_504-1828,504-1828,100-0031,9,NULL,1,N
BOM_504-1828,504-1828,100-0033,5,NULL,1,N
BOM_504-1828,504-1828,100-0038,2,NULL,1,N
BOM_504-1828,504-1828,100-0054,8,NULL,1,N
BOM_504-1828,504-1828,100-0061,4,NULL,1,N
BOM_504-1828,504-1828,100-0074,3,NULL,1,N
BOM_504-1828,504-1828,100-0088,1,NULL,1,N
BOM_504-1828,504-1828,110-0001,24,NULL,1,N
BOM_504-1828,504-1828,110-0011,22,NULL,1,N
BOM_504-1828,504-1828,110-0064,19,NULL,1,N
BOM_504-1828,504-1828,110-0158,23,NULL,1,N
BOM_504-1828,504-1828,110-0174,26,NULL,1,N
BOM_504-1828,504-1828,110-0239,29,NULL,1,N
BOM_504-1828,504-1828,110-0253,20,NULL,1,N
BOM_504-1828,504-1828,110-0260,21,NULL,1,N
BOM_504-1828,504-1828,110-0268,25,NULL,1,N
BOM_504-1828,504-1828,110-0273,27,NULL,1,N
BOM_504-1828,504-1828,110-0296,28,NULL,1,N
BOM_504-1828,504-1828,110-0311,30,NULL,1,N
BOM_504-1828,504-1828,120-0046,11,NULL,1,N
BOM_504-1828,504-1828,120-0128,15,NULL,1,N
BOM_504-1828,504-1828,120-0138,12,NULL,1,N
BOM_504-1828,504-1828,120-0143,16,NULL,1,N
BOM_504-1828,504-1828,120-0152,13,NULL,1,N
BOM_504-1828,504-1828,140-0022,17,NULL,1,N
BOM_504-1828,504-1828,140-0338,33,NULL,1,N
BOM_504-1828,504-1828,140-0645,18,NULL,1,N
BOM_504-1828,504-1828,VirtualProduct_504-1828_A1,44,NULL,1,N
BOM_504-1828_SUB_PCBA,504-1828,100-0018,10,NULL,1,N
BOM_504-1828_SUB_PCBA,504-1828,100-0024,6,NULL,1,N
BOM_504-1828_SUB_PCBA,504-1828,100-0025,7,NULL,1,N
BOM_504-1828_SUB_PCBA,504-1828,100-0031,9,NULL,1,N
BOM_504-1828_SUB_PCBA,504-1828,100-0033,5,NULL,1,N
BOM_504-1828_SUB_PCBA,504-1828,100-0038,2,NULL,1,N
BOM_504-1828_SUB_PCBA,504-1828,100-0054,8,NULL,1,N
BOM_504-1828_SUB_PCBA,504-1828,100-0061,4,NULL,1,N
BOM_504-1828_SUB_PCBA,504-1828,100-0074,3,NULL,1,N
BOM_504-1828_SUB_PCBA,504-1828,100-0088,1,NULL,1,N
BOM_504-1828_SUB_PCBA,504-1828,110-0001,24,NULL,1,N
BOM_504-1828_SUB_PCBA,504-1828,110-0011,22,NULL,1,N
BOM_504-1828_SUB_PCBA,504-1828,110-0064,19,NULL,1,N
BOM_504-1828_SUB_PCBA,504-1828,110-0158,23,NULL,1,N
BOM_504-1828_SUB_PCBA,504-1828,110-0174,26,NULL,1,N
BOM_504-1828_SUB_PCBA,504-1828,110-0239,29,NULL,1,N
BOM_504-1828_SUB_PCBA,504-1828,110-0253,20,NULL,1,N
BOM_504-1828_SUB_PCBA,504-1828,110-0260,21,NULL,1,N
BOM_504-1828_SUB_PCBA,504-1828,110-0268,25,NULL,1,N
BOM_504-1828_SUB_PCBA,504-1828,110-0273,27,NULL,1,N
BOM_504-1828_SUB_PCBA,504-1828,110-0296,28,NULL,1,N
BOM_504-1828_SUB_PCBA,504-1828,110-0311,30,NULL,1,N
BOM_504-1828_SUB_PCBA,504-1828,120-0046,11,NULL,1,N
BOM_504-1828_SUB_PCBA,504-1828,120-0128,15,NULL,1,N
BOM_504-1828_SUB_PCBA,504-1828,120-0138,12,NULL,1,N
BOM_504-1828_SUB_PCBA,504-1828,120-0143,16,NULL,1,N
BOM_504-1828_SUB_PCBA,504-1828,120-0152,13,NULL,1,N
BOM_504-1828_SUB_PCBA,504-1828,140-0022,17,NULL,1,N
BOM_504-1828_SUB_PCBA,504-1828,140-0338,33,NULL,1,N
BOM_504-1828_SUB_PCBA,504-1828,140-0645,18,NULL,1,N
BOM_504-1828_SUB_PCBA,504-1828,VirtualProduct_504-1828_A1,44,NULL,1,N
BOM_504-1829,504-1829,100-0018,10,NULL,1,N
BOM_504-1829,504-1829,100-0024,6,NULL,1,N
BOM_504-1829,504-1829,100-0025,7,NULL,1,N
BOM_504-1829,504-1829,100-0031,9,NULL,1,N
BOM_504-1829,504-1829,100-0033,5,NULL,1,N
BOM_504-1829,504-1829,100-0038,2,NULL,1,N
BOM_504-1829,504-1829,100-0054,8,NULL,1,N
BOM_504-1829,504-1829,100-0061,4,NULL,1,N
BOM_504-1829,504-1829,100-0074,3,NULL,1,N
BOM_504-1829,504-1829,100-0088,1,NULL,1,N
BOM_504-1829,504-1829,110-0001,24,NULL,1,N
BOM_504-1829,504-1829,110-0011,22,NULL,1,N
BOM_504-1829,504-1829,110-0064,19,NULL,1,N
BOM_504-1829,504-1829,110-0158,23,NULL,1,N
BOM_504-1829,504-1829,110-0174,26,NULL,1,N
BOM_504-1829,504-1829,110-0239,29,NULL,1,N
BOM_504-1829,504-1829,110-0253,20,NULL,1,N
BOM_504-1829,504-1829,110-0260,21,NULL,1,N
BOM_504-1829,504-1829,110-0268,25,NULL,1,N
BOM_504-1829,504-1829,110-0273,27,NULL,1,N
BOM_504-1829,504-1829,110-0296,28,NULL,1,N
BOM_504-1829,504-1829,110-0311,30,NULL,1,N
BOM_504-1829,504-1829,120-0046,11,NULL,1,N
BOM_504-1829,504-1829,120-0128,15,NULL,1,N
BOM_504-1829,504-1829,120-0138,12,NULL,1,N
BOM_504-1829,504-1829,120-0143,16,NULL,1,N
BOM_504-1829,504-1829,120-0152,13,NULL,1,N
BOM_504-1829,504-1829,140-0022,17,NULL,1,N
BOM_504-1829,504-1829,140-0338,33,NULL,1,N
BOM_504-1829,504-1829,140-0645,18,NULL,1,N
BOM_504-1829,504-1829,VirtualProduct_504-1829_A1,34,NULL,1,N
BOM_504-1829_SUB_PCBA,504-1829,100-0018,10,NULL,1,N
BOM_504-1829_SUB_PCBA,504-1829,100-0024,6,NULL,1,N
BOM_504-1829_SUB_PCBA,504-1829,100-0025,7,NULL,1,N
BOM_504-1829_SUB_PCBA,504-1829,100-0031,9,NULL,1,N
BOM_504-1829_SUB_PCBA,504-1829,100-0033,5,NULL,1,N
BOM_504-1829_SUB_PCBA,504-1829,100-0038,2,NULL,1,N
BOM_504-1829_SUB_PCBA,504-1829,100-0054,8,NULL,1,N
BOM_504-1829_SUB_PCBA,504-1829,100-0061,4,NULL,1,N
BOM_504-1829_SUB_PCBA,504-1829,100-0074,3,NULL,1,N
BOM_504-1829_SUB_PCBA,504-1829,100-0088,1,NULL,1,N
BOM_504-1829_SUB_PCBA,504-1829,110-0001,24,NULL,1,N
BOM_504-1829_SUB_PCBA,504-1829,110-0011,22,NULL,1,N
BOM_504-1829_SUB_PCBA,504-1829,110-0064,19,NULL,1,N
BOM_504-1829_SUB_PCBA,504-1829,110-0158,23,NULL,1,N
BOM_504-1829_SUB_PCBA,504-1829,110-0174,26,NULL,1,N
BOM_504-1829_SUB_PCBA,504-1829,110-0239,29,NULL,1,N
BOM_504-1829_SUB_PCBA,504-1829,110-0253,20,NULL,1,N
BOM_504-1829_SUB_PCBA,504-1829,110-0260,21,NULL,1,N
BOM_504-1829_SUB_PCBA,504-1829,110-0268,25,NULL,1,N
BOM_504-1829_SUB_PCBA,504-1829,110-0273,27,NULL,1,N
BOM_504-1829_SUB_PCBA,504-1829,110-0296,28,NULL,1,N
BOM_504-1829_SUB_PCBA,504-1829,110-0311,30,NULL,1,N
BOM_504-1829_SUB_PCBA,504-1829,120-0046,11,NULL,1,N
BOM_504-1829_SUB_PCBA,504-1829,120-0128,15,NULL,1,N
BOM_504-1829_SUB_PCBA,504-1829,120-0138,12,NULL,1,N
BOM_504-1829_SUB_PCBA,504-1829,120-0143,16,NULL,1,N
BOM_504-1829_SUB_PCBA,504-1829,120-0152,13,NULL,1,N
BOM_504-1829_SUB_PCBA,504-1829,140-0022,17,NULL,1,N
BOM_504-1829_SUB_PCBA,504-1829,140-0338,33,NULL,1,N
BOM_504-1829_SUB_PCBA,504-1829,140-0645,18,NULL,1,N
BOM_504-1829_SUB_PCBA,504-1829,VirtualProduct_504-1829_A1,44,NULL,1,N
BOM_504-1877_SUB_PCBA,504-1877,100-0024,1,NULL,14,N
BOM_504-1877_SUB_PCBA,504-1877,100-0025,2,NULL,16,N
BOM_504-1877_SUB_PCBA,504-1877,100-0033,3,NULL,5,N
BOM_504-1877_SUB_PCBA,504-1877,100-0038,4,NULL,1,N
BOM_504-1877_SUB_PCBA,504-1877,100-0061,5,NULL,4,N
BOM_504-1877_SUB_PCBA,504-1877,100-0062,6,NULL,6,N
BOM_504-1877_SUB_PCBA,504-1877,100-0074,7,NULL,11,N
BOM_504-1877_SUB_PCBA,504-1877,100-0086,8,NULL,16,N
BOM_504-1877_SUB_PCBA,504-1877,100-0116,9,NULL,2,N
BOM_504-1877_SUB_PCBA,504-1877,100-0222,10,NULL,2,N
BOM_504-1877_SUB_PCBA,504-1877,110-0368,11,NULL,1,N
BOM_504-1877_SUB_PCBA,504-1877,110-0369,12,NULL,4,N
BOM_504-1877_SUB_PCBA,504-1877,110-0371,13,NULL,4,N
BOM_504-1877_SUB_PCBA,504-1877,110-0377,14,NULL,3,N
BOM_504-1877_SUB_PCBA,504-1877,110-0380,15,NULL,2,N
BOM_504-1877_SUB_PCBA,504-1877,110-0381,16,NULL,1,N
BOM_504-1877_SUB_PCBA,504-1877,110-0561,17,NULL,1,N
BOM_504-1877_SUB_PCBA,504-1877,110-0566,18,NULL,3,N
BOM_504-1877_SUB_PCBA,504-1877,110-0570,19,NULL,12,N
BOM_504-1877_SUB_PCBA,504-1877,110-0602,20,NULL,1,N
BOM_504-1877_SUB_PCBA,504-1877,110-0627,21,NULL,1,N
BOM_504-1877_SUB_PCBA,504-1877,120-0046,22,NULL,1,N
BOM_504-1877_SUB_PCBA,504-1877,120-0143,26,NULL,1,N
BOM_504-1877_SUB_PCBA,504-1877,120-0157,27,NULL,3,N
BOM_504-1877_SUB_PCBA,504-1877,120-0232,28,NULL,8,N
BOM_504-1877_SUB_PCBA,504-1877,120-0248,29,NULL,5,N
BOM_504-1877_SUB_PCBA,504-1877,140-0221,32,NULL,1,N
BOM_504-1877_SUB_PCBA,504-1877,140-0386,33,NULL,1,N
BOM_504-1877_SUB_PCBA,504-1877,140-0434,36,NULL,1,N
BOM_504-1877_SUB_PCBA,504-1877,140-0477,37,NULL,1,N
BOM_504-1877_SUB_PCBA,504-1877,160-1291,38,NULL,1,N
BOM_504-1877_SUB_PCBA,504-1877,VirtualProduct_504-1877_A1,34,NULL,2,N
BOM_504-1877_SUB_PCBA,504-1877,VirtualProduct_504-1877_B1,48,NULL,1,N
BOM_504-1877_SUB_PCBA,504-1877,VirtualProduct_504-1877_C1,25,NULL,1,N
BOM_504-1877_SUB_PCBA,504-1877,VirtualProduct_504-1877_D1,31,NULL,1,N
BOM_504-1878,504-1878,100-0025,1,NULL,1,N
BOM_504-1878,504-1878,100-0035,2,NULL,10,N
BOM_504-1878,504-1878,100-0038,3,NULL,7,N
BOM_504-1878,504-1878,100-0061,4,NULL,4,N
BOM_504-1878,504-1878,100-0214,5,NULL,15,N
BOM_504-1878,504-1878,100-0225,6,NULL,46,N
BOM_504-1878,504-1878,100-0227,7,NULL,4,N
BOM_504-1878,504-1878,110-0369,8,NULL,1,N
BOM_504-1878,504-1878,110-0371,9,NULL,2,N
BOM_504-1878,504-1878,110-0377,10,NULL,2,N
BOM_504-1878,504-1878,110-0380,11,NULL,2,N
BOM_504-1878,504-1878,110-0566,12,NULL,3,N
BOM_504-1878,504-1878,110-0570,13,NULL,12,N
BOM_504-1878,504-1878,110-0571,14,NULL,2,N
BOM_504-1878,504-1878,110-0602,15,NULL,2,N
BOM_504-1878,504-1878,110-0603,16,NULL,1,N
BOM_504-1878,504-1878,110-0624,17,NULL,3,N
BOM_504-1878,504-1878,110-0627,18,NULL,1,N
BOM_504-1878,504-1878,110-0713,19,NULL,1,N
BOM_504-1878,504-1878,110-0730,20,NULL,1,N
BOM_504-1878,504-1878,120-0029,21,NULL,1,N
BOM_504-1878,504-1878,120-0138,23,NULL,1,N
BOM_504-1878,504-1878,120-0248,25,NULL,10,N
BOM_504-1878,504-1878,140-0113,29,NULL,1,N
BOM_504-1878,504-1878,140-0240,30,NULL,1,N
BOM_504-1878,504-1878,140-0599,33,NULL,1,N
BOM_504-1878,504-1878,140-0847,35,NULL,1,N
BOM_504-1878,504-1878,140-0853,36,NULL,1,N
BOM_504-1878,504-1878,160-1287,37,NULL,1,N
BOM_504-1878,504-1878,VirtualProduct_504-1878_A1,28,NULL,1,N
BOM_504-1878,504-1878,VirtualProduct_504-1878_B1,22,NULL,1,N
BOM_504-1878,504-1878,VirtualProduct_504-1878_C1,24,NULL,1,N
BOM_504-1878,504-1878,VirtualProduct_504-1878_D1,31,NULL,1,N
BOM_504-1878,504-1878,VirtualProduct_504-1878_E1,23,NULL,1,N
BOM_504-1878,504-1878,VirtualProduct_504-1878_F1,31,NULL,1,N
BOM_504-1878_SUB_PCBA,504-1878,100-0025,1,NULL,1,N
BOM_504-1878_SUB_PCBA,504-1878,100-0035,2,NULL,10,N
BOM_504-1878_SUB_PCBA,504-1878,100-0038,3,NULL,7,N
BOM_504-1878_SUB_PCBA,504-1878,100-0061,4,NULL,4,N
BOM_504-1878_SUB_PCBA,504-1878,100-0214,5,NULL,15,N
BOM_504-1878_SUB_PCBA,504-1878,100-0225,6,NULL,46,N
BOM_504-1878_SUB_PCBA,504-1878,100-0227,7,NULL,4,N
BOM_504-1878_SUB_PCBA,504-1878,110-0369,8,NULL,1,N
BOM_504-1878_SUB_PCBA,504-1878,110-0371,9,NULL,2,N
BOM_504-1878_SUB_PCBA,504-1878,110-0377,10,NULL,2,N
BOM_504-1878_SUB_PCBA,504-1878,110-0380,11,NULL,2,N
BOM_504-1878_SUB_PCBA,504-1878,110-0566,12,NULL,3,N
BOM_504-1878_SUB_PCBA,504-1878,110-0570,13,NULL,12,N
BOM_504-1878_SUB_PCBA,504-1878,110-0571,14,NULL,2,N
BOM_504-1878_SUB_PCBA,504-1878,110-0602,15,NULL,2,N
BOM_504-1878_SUB_PCBA,504-1878,110-0603,16,NULL,1,N
BOM_504-1878_SUB_PCBA,504-1878,110-0624,17,NULL,3,N
BOM_504-1878_SUB_PCBA,504-1878,110-0627,18,NULL,1,N
BOM_504-1878_SUB_PCBA,504-1878,110-0713,19,NULL,1,N
BOM_504-1878_SUB_PCBA,504-1878,110-0730,20,NULL,1,N
BOM_504-1878_SUB_PCBA,504-1878,120-0029,21,NULL,1,N
BOM_504-1878_SUB_PCBA,504-1878,120-0138,23,NULL,1,N
BOM_504-1878_SUB_PCBA,504-1878,120-0248,25,NULL,10,N
BOM_504-1878_SUB_PCBA,504-1878,140-0113,29,NULL,1,N
BOM_504-1878_SUB_PCBA,504-1878,140-0240,30,NULL,1,N
BOM_504-1878_SUB_PCBA,504-1878,140-0599,33,NULL,1,N
BOM_504-1878_SUB_PCBA,504-1878,140-0847,35,NULL,1,N
BOM_504-1878_SUB_PCBA,504-1878,140-0853,36,NULL,1,N
BOM_504-1878_SUB_PCBA,504-1878,160-1287,37,NULL,1,N
BOM_504-1878_SUB_PCBA,504-1878,VirtualProduct_504-1878_A1,28,NULL,1,N
BOM_504-1878_SUB_PCBA,504-1878,VirtualProduct_504-1878_B1,22,NULL,1,N
BOM_504-1878_SUB_PCBA,504-1878,VirtualProduct_504-1878_C1,24,NULL,1,N
BOM_504-1878_SUB_PCBA,504-1878,VirtualProduct_504-1878_D1,34,NULL,1,N
BOM_504-1878_SUB_PCBA,504-1878,VirtualProduct_504-1878_E1,23,NULL,1,N
BOM_504-1878_SUB_PCBA,504-1878,VirtualProduct_504-1878_F1,47,NULL,1,N
BOM_504-1936,504-1936,140-0848,1,NULL,1,N
BOM_504-1936,504-1936,140-0849,2,NULL,1,N
BOM_504-1936,504-1936,280-1018,3,NULL,1,N
BOM_504-1936,504-1936,280-1428,4,NULL,1,N
BOM_504-1936,504-1936,283-0029,5,NULL,1,N
BOM_504-1936,504-1936,VirtualProduct_504-1936_A1,10,NULL,1,N
BOM_504-1973,504-1973,140-0848,1,NULL,1,N
BOM_504-1973,504-1973,140-0849,2,NULL,1,N
BOM_504-1973,504-1973,280-1018,3,NULL,1,N
BOM_504-1973,504-1973,280-1428,4,NULL,1,N
BOM_504-1973,504-1973,283-0019,5,NULL,1,N
BOM_504-1973,504-1973,VirtualProduct_504-1973_A1,10,NULL,1,N
BOM_504-1974,504-1974,140-0848,1,NULL,1,N
BOM_504-1974,504-1974,140-0849,2,NULL,1,N
BOM_504-1974,504-1974,280-1018,3,NULL,1,N
BOM_504-1974,504-1974,VirtualProduct_504-1974_A1,4,NULL,1,N
BOM_504-1974,504-1974,VirtualProduct_504-1974_B1,12,NULL,1,N
BOM_504-1976,504-1976,140-0848,1,NULL,1,N
BOM_504-1976,504-1976,140-0849,2,NULL,1,N
BOM_504-1976,504-1976,220-0227,3,NULL,0.075,N
BOM_504-1976,504-1976,280-1018,4,NULL,1,N
BOM_504-1976,504-1976,280-1600-20,5,NULL,1,N
BOM_504-1976,504-1976,283-0019,6,NULL,1,N
BOM_504-1976,504-1976,VirtualProduct_504-1976_A1,11,NULL,1,N
BOM_504-1989,504-1989,140-0848,1,NULL,1,N
BOM_504-1989,504-1989,140-0849,2,NULL,1,N
BOM_504-1989,504-1989,220-0227,3,NULL,0.075,N
BOM_504-1989,504-1989,280-1018,4,NULL,1,N
BOM_504-1989,504-1989,280-1600-20,5,NULL,1,N
BOM_504-1989,504-1989,283-0029,6,NULL,1,N
BOM_504-1989,504-1989,VirtualProduct_504-1989_A1,10,NULL,1,N
BOM_504-2020-CD_SUB_PCBA,504-2020-CD,100-0024,1,NULL,14,N
BOM_504-2020-CD_SUB_PCBA,504-2020-CD,100-0025,2,NULL,16,N
BOM_504-2020-CD_SUB_PCBA,504-2020-CD,100-0033,3,NULL,5,N
BOM_504-2020-CD_SUB_PCBA,504-2020-CD,100-0038,4,NULL,1,N
BOM_504-2020-CD_SUB_PCBA,504-2020-CD,100-0061,5,NULL,4,N
BOM_504-2020-CD_SUB_PCBA,504-2020-CD,100-0062,6,NULL,6,N
BOM_504-2020-CD_SUB_PCBA,504-2020-CD,100-0074,7,NULL,11,N
BOM_504-2020-CD_SUB_PCBA,504-2020-CD,100-0086-01,8,NULL,16,N
BOM_504-2020-CD_SUB_PCBA,504-2020-CD,100-0116,9,NULL,2,N
BOM_504-2020-CD_SUB_PCBA,504-2020-CD,100-0222,10,NULL,2,N
BOM_504-2020-CD_SUB_PCBA,504-2020-CD,110-0368,11,NULL,1,N
BOM_504-2020-CD_SUB_PCBA,504-2020-CD,110-0369,12,NULL,4,N
BOM_504-2020-CD_SUB_PCBA,504-2020-CD,110-0371,13,NULL,4,N
BOM_504-2020-CD_SUB_PCBA,504-2020-CD,110-0377,14,NULL,3,N
BOM_504-2020-CD_SUB_PCBA,504-2020-CD,110-0380,15,NULL,2,N
BOM_504-2020-CD_SUB_PCBA,504-2020-CD,110-0381,16,NULL,1,N
BOM_504-2020-CD_SUB_PCBA,504-2020-CD,110-0561,17,NULL,1,N
BOM_504-2020-CD_SUB_PCBA,504-2020-CD,110-0566,18,NULL,3,N
BOM_504-2020-CD_SUB_PCBA,504-2020-CD,110-0570,19,NULL,12,N
BOM_504-2020-CD_SUB_PCBA,504-2020-CD,110-0602,20,NULL,1,N
BOM_504-2020-CD_SUB_PCBA,504-2020-CD,110-0627,21,NULL,1,N
BOM_504-2020-CD_SUB_PCBA,504-2020-CD,120-0046,22,NULL,1,N
BOM_504-2020-CD_SUB_PCBA,504-2020-CD,120-0143,24,NULL,1,N
BOM_504-2020-CD_SUB_PCBA,504-2020-CD,120-0157,25,NULL,3,N
BOM_504-2020-CD_SUB_PCBA,504-2020-CD,120-0248,27,NULL,5,N
BOM_504-2020-CD_SUB_PCBA,504-2020-CD,121-0053,29,NULL,8,N
BOM_504-2020-CD_SUB_PCBA,504-2020-CD,140-0221,31,NULL,1,N
BOM_504-2020-CD_SUB_PCBA,504-2020-CD,140-0386,34,NULL,1,N
BOM_504-2020-CD_SUB_PCBA,504-2020-CD,140-0434,36,NULL,1,N
BOM_504-2020-CD_SUB_PCBA,504-2020-CD,140-0477,37,NULL,1,N
BOM_504-2020-CD_SUB_PCBA,504-2020-CD,160-1291,40,NULL,1,N
BOM_504-2020-CD_SUB_PCBA,504-2020-CD,VirtualProduct_504-2020-CD_A1,39,NULL,2,N
BOM_504-2020-CD_SUB_PCBA,504-2020-CD,VirtualProduct_504-2020-CD_B1,38,NULL,1,N
BOM_504-2020-CD_SUB_PCBA,504-2020-CD,VirtualProduct_504-2020-CD_C1,23,NULL,1,N
BOM_504-2020-CD_SUB_PCBA,504-2020-CD,VirtualProduct_504-2020-CD_D1,30,NULL,1,N
BOM_504-2042_SUB_PCBA,504-2042,100-0021,1,NULL,11,N
BOM_504-2042_SUB_PCBA,504-2042,100-0024,2,NULL,42,N
BOM_504-2042_SUB_PCBA,504-2042,100-0025,3,NULL,1,N
BOM_504-2042_SUB_PCBA,504-2042,100-0035,4,NULL,10,N
BOM_504-2042_SUB_PCBA,504-2042,100-0061,5,NULL,4,N
BOM_504-2042_SUB_PCBA,504-2042,100-0265,6,NULL,2,N
BOM_504-2042_SUB_PCBA,504-2042,100-0300,7,NULL,7,N
BOM_504-2042_SUB_PCBA,504-2042,110-0001,8,NULL,3,N
BOM_504-2042_SUB_PCBA,504-2042,110-0002,9,NULL,1,N
BOM_504-2042_SUB_PCBA,504-2042,110-0003,10,NULL,2,N
BOM_504-2042_SUB_PCBA,504-2042,110-0011,11,NULL,2,N
BOM_504-2042_SUB_PCBA,504-2042,110-0019,12,NULL,11,N
BOM_504-2042_SUB_PCBA,504-2042,110-0040,13,NULL,1,N
BOM_504-2042_SUB_PCBA,504-2042,110-0063,14,NULL,1,N
BOM_504-2042_SUB_PCBA,504-2042,110-0064,15,NULL,12,N
BOM_504-2042_SUB_PCBA,504-2042,110-0083,16,NULL,2,N
BOM_504-2042_SUB_PCBA,504-2042,110-0099,17,NULL,1,N
BOM_504-2042_SUB_PCBA,504-2042,110-0156,18,NULL,2,N
BOM_504-2042_SUB_PCBA,504-2042,110-0172,19,NULL,2,N
BOM_504-2042_SUB_PCBA,504-2042,110-0174,20,NULL,1,N
BOM_504-2042_SUB_PCBA,504-2042,110-0249,21,NULL,1,N
BOM_504-2042_SUB_PCBA,504-2042,110-0460,22,NULL,1,N
BOM_504-2042_SUB_PCBA,504-2042,140-0113,28,NULL,1,N
BOM_504-2042_SUB_PCBA,504-2042,140-0240,29,NULL,1,N
BOM_504-2042_SUB_PCBA,504-2042,140-0599,32,NULL,1,N
BOM_504-2042_SUB_PCBA,504-2042,140-0847,34,NULL,1,N
BOM_504-2042_SUB_PCBA,504-2042,160-1287,35,NULL,1,N
BOM_504-2042_SUB_PCBA,504-2042,VirtualProduct_504-2042_A1,31,NULL,1,N
BOM_504-2042_SUB_PCBA,504-2042,VirtualProduct_504-2042_B1,25,NULL,1,N
BOM_504-2042_SUB_PCBA,504-2042,VirtualProduct_504-2042_C1,26,NULL,1,N
BOM_504-2042_SUB_PCBA,504-2042,VirtualProduct_504-2042_D1,33,NULL,1,N
BOM_504-2053_SUB_PCBA,504-2053,100-0021,1,NULL,15,N
BOM_504-2053_SUB_PCBA,504-2053,100-0024,2,NULL,45,N
BOM_504-2053_SUB_PCBA,504-2053,100-0025,3,NULL,1,N
BOM_504-2053_SUB_PCBA,504-2053,100-0035,4,NULL,10,N
BOM_504-2053_SUB_PCBA,504-2053,100-0038,5,NULL,7,N
BOM_504-2053_SUB_PCBA,504-2053,100-0061,6,NULL,4,N
BOM_504-2053_SUB_PCBA,504-2053,100-0073,7,NULL,4,N
BOM_504-2053_SUB_PCBA,504-2053,110-0002,8,NULL,1,N
BOM_504-2053_SUB_PCBA,504-2053,110-0011,9,NULL,2,N
BOM_504-2053_SUB_PCBA,504-2053,110-0019,10,NULL,11,N
BOM_504-2053_SUB_PCBA,504-2053,110-0064,11,NULL,12,N
BOM_504-2053_SUB_PCBA,504-2053,110-0099,12,NULL,1,N
BOM_504-2053_SUB_PCBA,504-2053,110-0156,13,NULL,2,N
BOM_504-2053_SUB_PCBA,504-2053,110-0174,14,NULL,1,N
BOM_504-2053_SUB_PCBA,504-2053,110-0214,15,NULL,3,N
BOM_504-2053_SUB_PCBA,504-2053,110-0241,16,NULL,2,N
BOM_504-2053_SUB_PCBA,504-2053,110-0249,17,NULL,1,N
BOM_504-2053_SUB_PCBA,504-2053,110-0261,18,NULL,2,N
BOM_504-2053_SUB_PCBA,504-2053,110-0268,19,NULL,2,N
BOM_504-2053_SUB_PCBA,504-2053,110-0311,20,NULL,3,N
BOM_504-2053_SUB_PCBA,504-2053,110-0460,21,NULL,1,N
BOM_504-2053_SUB_PCBA,504-2053,120-0046,22,NULL,1,N
BOM_504-2053_SUB_PCBA,504-2053,140-0113,28,NULL,1,N
BOM_504-2053_SUB_PCBA,504-2053,140-0240,29,NULL,1,N
BOM_504-2053_SUB_PCBA,504-2053,140-0599,32,NULL,1,N
BOM_504-2053_SUB_PCBA,504-2053,140-0847,34,NULL,1,N
BOM_504-2053_SUB_PCBA,504-2053,140-0853,35,NULL,1,N
BOM_504-2053_SUB_PCBA,504-2053,VirtualProduct_504-2053_A1,27,NULL,1,N
BOM_504-2053_SUB_PCBA,504-2053,VirtualProduct_504-2053_B1,23,NULL,1,N
BOM_504-2053_SUB_PCBA,504-2053,VirtualProduct_504-2053_C1,26,NULL,1,N
BOM_504-2053_SUB_PCBA,504-2053,VirtualProduct_504-2053_D1,30,NULL,1,N
BOM_504-2063_SUB_PCBA,504-2063,100-0021,1,NULL,15,N
BOM_504-2063_SUB_PCBA,504-2063,100-0024,2,NULL,45,N
BOM_504-2063_SUB_PCBA,504-2063,100-0025,3,NULL,1,N
BOM_504-2063_SUB_PCBA,504-2063,100-0035,4,NULL,10,N
BOM_504-2063_SUB_PCBA,504-2063,100-0038,5,NULL,7,N
BOM_504-2063_SUB_PCBA,504-2063,100-0061,6,NULL,4,N
BOM_504-2063_SUB_PCBA,504-2063,100-0073,7,NULL,4,N
BOM_504-2063_SUB_PCBA,504-2063,110-0002,8,NULL,1,N
BOM_504-2063_SUB_PCBA,504-2063,110-0011,9,NULL,2,N
BOM_504-2063_SUB_PCBA,504-2063,110-0019,10,NULL,11,N
BOM_504-2063_SUB_PCBA,504-2063,110-0064,11,NULL,12,N
BOM_504-2063_SUB_PCBA,504-2063,110-0099,12,NULL,1,N
BOM_504-2063_SUB_PCBA,504-2063,110-0156,13,NULL,2,N
BOM_504-2063_SUB_PCBA,504-2063,110-0174,14,NULL,1,N
BOM_504-2063_SUB_PCBA,504-2063,110-0214,15,NULL,3,N
BOM_504-2063_SUB_PCBA,504-2063,110-0241,16,NULL,2,N
BOM_504-2063_SUB_PCBA,504-2063,110-0249,17,NULL,1,N
BOM_504-2063_SUB_PCBA,504-2063,110-0261,18,NULL,2,N
BOM_504-2063_SUB_PCBA,504-2063,110-0268,19,NULL,2,N
BOM_504-2063_SUB_PCBA,504-2063,110-0311,20,NULL,3,N
BOM_504-2063_SUB_PCBA,504-2063,110-0460,21,NULL,1,N
BOM_504-2063_SUB_PCBA,504-2063,120-0046,22,NULL,1,N
BOM_504-2063_SUB_PCBA,504-2063,140-0113,28,NULL,1,N
BOM_504-2063_SUB_PCBA,504-2063,140-0240,29,NULL,1,N
BOM_504-2063_SUB_PCBA,504-2063,140-0599,32,NULL,1,N
BOM_504-2063_SUB_PCBA,504-2063,140-0847,34,NULL,1,N
BOM_504-2063_SUB_PCBA,504-2063,140-0853,35,NULL,1,N
BOM_504-2063_SUB_PCBA,504-2063,VirtualProduct_504-2063_A1,27,NULL,1,N
BOM_504-2063_SUB_PCBA,504-2063,VirtualProduct_504-2063_B1,23,NULL,1,N
BOM_504-2063_SUB_PCBA,504-2063,VirtualProduct_504-2063_C1,26,NULL,1,N
BOM_504-2063_SUB_PCBA,504-2063,VirtualProduct_504-2063_D1,30,NULL,1,N
BOM_504-2120-CD_SUB_PCBA,504-2120-CD,100-0024,1,NULL,10,N
BOM_504-2120-CD_SUB_PCBA,504-2120-CD,100-0025,2,NULL,2,N
BOM_504-2120-CD_SUB_PCBA,504-2120-CD,100-0033,3,NULL,5,N
BOM_504-2120-CD_SUB_PCBA,504-2120-CD,100-0038,4,NULL,1,N
BOM_504-2120-CD_SUB_PCBA,504-2120-CD,100-0061,5,NULL,3,N
BOM_504-2120-CD_SUB_PCBA,504-2120-CD,100-0062,6,NULL,4,N
BOM_504-2120-CD_SUB_PCBA,504-2120-CD,100-0074,7,NULL,8,N
BOM_504-2120-CD_SUB_PCBA,504-2120-CD,100-0086,8,NULL,8,N
BOM_504-2120-CD_SUB_PCBA,504-2120-CD,100-0116,9,NULL,2,N
BOM_504-2120-CD_SUB_PCBA,504-2120-CD,100-0222,10,NULL,2,N
BOM_504-2120-CD_SUB_PCBA,504-2120-CD,110-0368,11,NULL,1,N
BOM_504-2120-CD_SUB_PCBA,504-2120-CD,110-0369,12,NULL,3,N
BOM_504-2120-CD_SUB_PCBA,504-2120-CD,110-0371,13,NULL,4,N
BOM_504-2120-CD_SUB_PCBA,504-2120-CD,110-0377,14,NULL,3,N
BOM_504-2120-CD_SUB_PCBA,504-2120-CD,110-0380,15,NULL,2,N
BOM_504-2120-CD_SUB_PCBA,504-2120-CD,110-0381,16,NULL,1,N
BOM_504-2120-CD_SUB_PCBA,504-2120-CD,110-0561,17,NULL,1,N
BOM_504-2120-CD_SUB_PCBA,504-2120-CD,110-0566,18,NULL,2,N
BOM_504-2120-CD_SUB_PCBA,504-2120-CD,110-0570,19,NULL,8,N
BOM_504-2120-CD_SUB_PCBA,504-2120-CD,110-0602,20,NULL,1,N
BOM_504-2120-CD_SUB_PCBA,504-2120-CD,110-0627,21,NULL,1,N
BOM_504-2120-CD_SUB_PCBA,504-2120-CD,120-0046,22,NULL,1,N
BOM_504-2120-CD_SUB_PCBA,504-2120-CD,120-0143,24,NULL,1,N
BOM_504-2120-CD_SUB_PCBA,504-2120-CD,120-0248,26,NULL,4,N
BOM_504-2120-CD_SUB_PCBA,504-2120-CD,140-0221,29,NULL,1,N
BOM_504-2120-CD_SUB_PCBA,504-2120-CD,140-0386,32,NULL,1,N
BOM_504-2120-CD_SUB_PCBA,504-2120-CD,140-0477,34,NULL,1,N
BOM_504-2120-CD_SUB_PCBA,504-2120-CD,160-1291,37,NULL,1,N
BOM_504-2120-CD_SUB_PCBA,504-2120-CD,VirtualProduct_504-2120-CD_A1,33,NULL,2,N
BOM_504-2120-CD_SUB_PCBA,504-2120-CD,VirtualProduct_504-2120-CD_B1,30,NULL,1,N
BOM_504-2120-CD_SUB_PCBA,504-2120-CD,VirtualProduct_504-2120-CD_C1,25,NULL,1,N
BOM_504-2120-CD_SUB_PCBA,504-2120-CD,VirtualProduct_504-2120-CD_D1,31,NULL,1,N
BOM_504-2129-CD_SUB_PCBA,504-2129-CD,100-0025,1,NULL,1,N
BOM_504-2129-CD_SUB_PCBA,504-2129-CD,100-0035,2,NULL,10,N
BOM_504-2129-CD_SUB_PCBA,504-2129-CD,100-0061,3,NULL,4,N
BOM_504-2129-CD_SUB_PCBA,504-2129-CD,100-0214,4,NULL,15,N
BOM_504-2129-CD_SUB_PCBA,504-2129-CD,100-0225,5,NULL,46,N
BOM_504-2129-CD_SUB_PCBA,504-2129-CD,100-0227,6,NULL,4,N
BOM_504-2129-CD_SUB_PCBA,504-2129-CD,100-0300,7,NULL,7,N
BOM_504-2129-CD_SUB_PCBA,504-2129-CD,110-0002,8,NULL,1,N
BOM_504-2129-CD_SUB_PCBA,504-2129-CD,110-0011,9,NULL,2,N
BOM_504-2129-CD_SUB_PCBA,504-2129-CD,110-0064,10,NULL,12,N
BOM_504-2129-CD_SUB_PCBA,504-2129-CD,110-0099,11,NULL,1,N
BOM_504-2129-CD_SUB_PCBA,504-2129-CD,110-0156,12,NULL,2,N
BOM_504-2129-CD_SUB_PCBA,504-2129-CD,110-0174,13,NULL,1,N
BOM_504-2129-CD_SUB_PCBA,504-2129-CD,110-0214,14,NULL,3,N
BOM_504-2129-CD_SUB_PCBA,504-2129-CD,110-0241,15,NULL,2,N
BOM_504-2129-CD_SUB_PCBA,504-2129-CD,110-0249,16,NULL,1,N
BOM_504-2129-CD_SUB_PCBA,504-2129-CD,110-0261,17,NULL,2,N
BOM_504-2129-CD_SUB_PCBA,504-2129-CD,110-0268,18,NULL,2,N
BOM_504-2129-CD_SUB_PCBA,504-2129-CD,110-0311,19,NULL,3,N
BOM_504-2129-CD_SUB_PCBA,504-2129-CD,110-0460,20,NULL,1,N
BOM_504-2129-CD_SUB_PCBA,504-2129-CD,120-0046,21,NULL,1,N
BOM_504-2129-CD_SUB_PCBA,504-2129-CD,120-0138,23,NULL,1,N
BOM_504-2129-CD_SUB_PCBA,504-2129-CD,120-0248,25,NULL,10,N
BOM_504-2129-CD_SUB_PCBA,504-2129-CD,140-0113,29,NULL,1,N
BOM_504-2129-CD_SUB_PCBA,504-2129-CD,140-0240,30,NULL,1,N
BOM_504-2129-CD_SUB_PCBA,504-2129-CD,140-0599,33,NULL,1,N
BOM_504-2129-CD_SUB_PCBA,504-2129-CD,140-0847,35,NULL,1,N
BOM_504-2129-CD_SUB_PCBA,504-2129-CD,140-0853,36,NULL,1,N
BOM_504-2129-CD_SUB_PCBA,504-2129-CD,160-1287,37,NULL,1,N
BOM_504-2129-CD_SUB_PCBA,504-2129-CD,VirtualProduct_504-2129-CD_A1,22,NULL,1,N
BOM_504-2129-CD_SUB_PCBA,504-2129-CD,VirtualProduct_504-2129-CD_B1,26,NULL,1,N
BOM_504-2129-CD_SUB_PCBA,504-2129-CD,VirtualProduct_504-2129-CD_C1,34,NULL,1,N
BOM_504-2129-CD_SUB_PCBA,504-2129-CD,VirtualProduct_504-2129-CD_D1,32,NULL,1,N
BOM_541-0001_SUB_PCBA,541-0001,100-0115,2,NULL,1,N
BOM_542-0007_SUB_PCBA,542-0007,140-0341-RW,1,NULL,1,N
BOM_562-0099,562-0099,502-2603,NULL,NULL,1,N
BOM_562-0100,562-0100,502-2602,NULL,NULL,1,N
BOM_F01__international_others,F01__international_others,500-6357,1,500-6357,1,Y
BOM_F02__818,F02__818,500-4955,1,500-4955,1,Y
BOM_F02__855,F02__855,500-5851,1,500-5851,1,Y
BOM_F02__855,F02__855,500-5988,1,500-5988,1,Y
BOM_F02__858,F02__858,500-5990,1,500-5990,1,Y
BOM_F02__858,F02__858,500-6681,1,500-6681,1,Y
BOM_F02__888,F02__888,500-5987,1,500-5987,1,Y
BOM_F02__898,F02__898,500-5594,1,500-5594,1,Y
BOM_F02__domestic_others,F02__domestic_others,500-4910,1,500-4910,1,Y
BOM_F02__domestic_others,F02__domestic_others,500-4925,1,500-4925,1,Y
BOM_F02__domestic_others,F02__domestic_others,500-5359,1,500-5359,1,Y
BOM_F02__domestic_others,F02__domestic_others,500-5634,1,500-5634,1,Y
BOM_F02__domestic_others,F02__domestic_others,500-5850,1,500-5850,1,Y
BOM_F02__domestic_others,F02__domestic_others,500-6059,1,500-6059,1,Y
BOM_F02__domestic_others,F02__domestic_others,500-6201,1,500-6201,1,Y
BOM_F02__domestic_others,F02__domestic_others,500-6207,1,500-6207,1,Y
BOM_F02__domestic_others,F02__domestic_others,500-6253,1,500-6253,1,Y
BOM_F02__domestic_others,F02__domestic_others,500-6512,1,500-6512,1,Y
BOM_F02__international_others,F02__international_others,500-5601,1,500-5601,1,Y
BOM_F02__international_others,F02__international_others,500-6650,1,500-6650,1,Y
BOM_F02__international_others,F02__international_others,500-6672,1,500-6672,1,Y
BOM_F11,F11,500-3418,1,500-3418,1,Y
BOM_F11,F11,500-3662,1,500-3662,1,Y
BOM_F11,F11,500-3695,1,500-3695,1,Y
BOM_F11,F11,500-3848,1,500-3848,1,Y
BOM_F11,F11,500-3940,1,500-3940,1,Y
BOM_F11,F11,500-3941,1,500-3941,1,Y
BOM_F11,F11,500-3984,1,500-3984,1,Y
BOM_F11,F11,500-4001,1,500-4001,1,Y
BOM_F11,F11,500-4021,1,500-4021,1,Y
BOM_F11,F11,500-4046,1,500-4046,1,Y
BOM_F11,F11,500-4102,1,500-4102,1,Y
BOM_F11,F11,500-4103,1,500-4103,1,Y
BOM_F11,F11,500-4106,1,500-4106,1,Y
BOM_F11,F11,500-4106-01,1,500-4106-01,1,Y
BOM_F11,F11,500-4114,1,500-4114,1,Y
BOM_F11,F11,500-4376,1,500-4376,1,Y
BOM_F11,F11,500-4377,1,500-4377,1,Y
BOM_F11,F11,500-4465,1,500-4465,1,Y
BOM_F11,F11,500-6035,1,500-6035,1,Y
BOM_F11__888,F11__888,500-3695,1,500-3695,1,Y
BOM_F11__888,F11__888,500-3940,1,500-3940,1,Y
BOM_F11__888,F11__888,500-3984,1,500-3984,1,Y
BOM_F11__888,F11__888,500-6035,1,500-6035,1,Y
BOM_F13,F13,500-3301,1,500-3301,1,Y
BOM_F13,F13,500-3394,1,500-3394,1,Y
BOM_F13,F13,500-3394-05,1,500-3394-05,1,Y
BOM_F13,F13,500-3490,1,500-3490,1,Y
BOM_F13,F13,500-3633,1,500-3633,1,Y
BOM_F13,F13,500-3633-01,1,500-3633-01,1,Y
BOM_F13,F13,500-3633-04,1,500-3633-04,1,Y
BOM_F13,F13,500-3644,1,500-3644,1,Y
BOM_F13,F13,500-3712,1,500-3712,1,Y
BOM_F13,F13,500-3717,1,500-3717,1,Y
BOM_F13,F13,500-3817,1,500-3817,1,Y
BOM_F13,F13,500-3817-01,1,500-3817-01,1,Y
BOM_F13,F13,500-3817-04,1,500-3817-04,1,Y
BOM_F13,F13,500-3820,1,500-3820,1,Y
BOM_F13,F13,500-3820-04,1,500-3820-04,1,Y
BOM_F13,F13,500-3913,1,500-3913,1,Y
BOM_F13,F13,500-3913-02,1,500-3913-02,1,Y
BOM_F13,F13,500-3913-03,1,500-3913-03,1,Y
BOM_F13,F13,500-3916,1,500-3916,1,Y
BOM_F13,F13,500-3917,1,500-3917,1,Y
BOM_F13,F13,500-3922,1,500-3922,1,Y
BOM_F13,F13,500-3943,1,500-3943,1,Y
BOM_F13,F13,500-3956,1,500-3956,1,Y
BOM_F13,F13,500-3986-01,1,500-3986-01,1,Y
BOM_F13,F13,500-4008,1,500-4008,1,Y
BOM_F13,F13,500-4039-02,1,500-4039-02,1,Y
BOM_F13,F13,500-4110,1,500-4110,1,Y
BOM_F13__domestic_others,F13__domestic_others,500-3776-02,1,500-3776-02,1,Y
BOM_F13__domestic_others,F13__domestic_others,500-3776-02-RW,1,500-3776-02-RW,1,Y
BOM_F13__domestic_others,F13__domestic_others,500-3853-02,1,500-3853-02,1,Y
BOM_F13__domestic_others,F13__domestic_others,500-4292,1,500-4292,1,Y
BOM_F13__domestic_others,F13__domestic_others,500-4494,1,500-4494,1,Y
BOM_F13__domestic_others,F13__domestic_others,500-4587,1,500-4587,1,Y
BOM_F13__domestic_others,F13__domestic_others,500-4889,1,500-4889,1,Y
BOM_F13__domestic_others,F13__domestic_others,500-4912,1,500-4912,1,Y
BOM_F13__domestic_others,F13__domestic_others,500-5854,1,500-5854,1,Y
BOM_F13__domestic_others,F13__domestic_others,500-6240,1,500-6240,1,Y
BOM_F13__domestic_others,F13__domestic_others,500-6413,1,500-6413,1,Y
BOM_F13__domestic_others,F13__domestic_others,500-6415,1,500-6415,1,Y
BOM_F13__domestic_others,F13__domestic_others,500-6419,1,500-6419,1,Y
BOM_F13__international_others,F13__international_others,500-3776-02,1,500-3776-02,1,Y
BOM_F13__international_others,F13__international_others,500-3776-02-RW,1,500-3776-02-RW,1,Y
BOM_F13__international_others,F13__international_others,500-3853-02,1,500-3853-02,1,Y
BOM_F13__international_others,F13__international_others,500-4292,1,500-4292,1,Y
BOM_F13__international_others,F13__international_others,500-4888,1,500-4888,1,Y
BOM_F28,F28,500-4961-001,1,500-4961-001,1,Y
BOM_F28,F28,500-4961-002,1,500-4961-002,1,Y
BOM_F28,F28,500-4961-003,1,500-4961-003,1,Y
BOM_F28,F28,500-4961-005,1,500-4961-005,1,Y
BOM_F28,F28,500-4961-007,1,500-4961-007,1,Y
BOM_F28,F28,500-4961-010,1,500-4961-010,1,Y
BOM_F28,F28,500-4961-015,1,500-4961-015,1,Y
BOM_F28,F28,500-4961-020,1,500-4961-020,1,Y
BOM_F28,F28,500-4961-030,1,500-4961-030,1,Y
BOM_F28,F28,500-4962-010,1,500-4962-010,1,Y
BOM_F28,F28,500-4962-020,1,500-4962-020,1,Y
BOM_F28,F28,500-4962-0P5,1,500-4962-0P5,1,Y
BOM_F28,F28,500-5215-010,1,500-5215-010,1,Y
BOM_F28,F28,500-5216-003,1,500-5216-003,1,Y
BOM_F28,F28,500-5216-005,1,500-5216-005,1,Y
BOM_F28,F28,500-5216-007,1,500-5216-007,1,Y
BOM_F28,F28,500-5216-010,1,500-5216-010,1,Y
BOM_F28,F28,500-5216-030,1,500-5216-030,1,Y
BOM_F28,F28,500-5391-001,1,500-5391-001,1,Y
BOM_F28,F28,500-5391-002,1,500-5391-002,1,Y
BOM_F28,F28,500-5391-003,1,500-5391-003,1,Y
BOM_F28,F28,500-5391-005,1,500-5391-005,1,Y
BOM_F28,F28,500-5391-007,1,500-5391-007,1,Y
BOM_F28,F28,500-5391-010,1,500-5391-010,1,Y
BOM_F28,F28,500-5391-015,1,500-5391-015,1,Y
BOM_F28,F28,500-5391-020,1,500-5391-020,1,Y
BOM_F28,F28,500-5391-025,1,500-5391-025,1,Y
BOM_F28,F28,500-5391-030,1,500-5391-030,1,Y
BOM_F28,F28,500-5495-001,1,500-5495-001,1,Y
BOM_F28,F28,500-5495-002,1,500-5495-002,1,Y
BOM_F28,F28,500-5495-003,1,500-5495-003,1,Y
BOM_F28,F28,500-5495-005,1,500-5495-005,1,Y
BOM_F28,F28,500-5495-007,1,500-5495-007,1,Y
BOM_F28,F28,500-5495-010,1,500-5495-010,1,Y
BOM_F28,F28,500-5495-015,1,500-5495-015,1,Y
BOM_F28,F28,500-5495-020,1,500-5495-020,1,Y
BOM_F28,F28,500-5495-025,1,500-5495-025,1,Y
BOM_F28,F28,500-5495-030,1,500-5495-030,1,Y
BOM_F28,F28,500-5614-001,1,500-5614-001,1,Y
BOM_F28,F28,500-5614-002,1,500-5614-002,1,Y
BOM_F28,F28,500-5614-003,1,500-5614-003,1,Y
BOM_F28,F28,500-5614-005,1,500-5614-005,1,Y
BOM_F28,F28,500-5614-007,1,500-5614-007,1,Y
BOM_F28,F28,500-5614-010,1,500-5614-010,1,Y
BOM_F28,F28,500-5614-015,1,500-5614-015,1,Y
BOM_F28,F28,500-5614-020,1,500-5614-020,1,Y
BOM_F28,F28,500-5614-025,1,500-5614-025,1,Y
BOM_F28,F28,500-5614-030,1,500-5614-030,1,Y
BOM_F28,F28,500-5615-001,1,500-5615-001,1,Y
BOM_F28,F28,500-5615-002,1,500-5615-002,1,Y
BOM_F28,F28,500-5615-003,1,500-5615-003,1,Y
BOM_F28,F28,500-5615-005,1,500-5615-005,1,Y
BOM_F28,F28,500-5615-007,1,500-5615-007,1,Y
BOM_F28,F28,500-5615-010,1,500-5615-010,1,Y
BOM_F28,F28,500-5615-015,1,500-5615-015,1,Y
BOM_F28,F28,500-5615-020,1,500-5615-020,1,Y
BOM_F28,F28,500-5615-025,1,500-5615-025,1,Y
BOM_F28,F28,500-5615-030,1,500-5615-030,1,Y
BOM_F28,F28,500-5633-003,1,500-5633-003,1,Y
BOM_F28,F28,500-5633-005,1,500-5633-005,1,Y
BOM_F28,F28,500-5633-007,1,500-5633-007,1,Y
BOM_F28,F28,500-5633-010,1,500-5633-010,1,Y
BOM_F28,F28,500-5633-020,1,500-5633-020,1,Y
BOM_F28,F28,500-5633-030,1,500-5633-030,1,Y
BOM_F28,F28,500-6250-003,1,500-6250-003,1,Y
BOM_F28,F28,500-6250-005,1,500-6250-005,1,Y
BOM_F28,F28,500-6250-007,1,500-6250-007,1,Y
BOM_F28,F28,500-6250-010,1,500-6250-010,1,Y
BOM_F28,F28,500-6250-020,1,500-6250-020,1,Y
BOM_F28,F28,500-6283-003,1,500-6283-003,1,Y
BOM_F28,F28,500-6283-005,1,500-6283-005,1,Y
BOM_F28,F28,500-6283-007,1,500-6283-007,1,Y
BOM_F28,F28,500-6283-010,1,500-6283-010,1,Y
BOM_F28,F28,500-6283-015,1,500-6283-015,1,Y
BOM_F28,F28,500-6283-020,1,500-6283-020,1,Y
BOM_F28,F28,500-6357-001,1,500-6357-001,1,Y
BOM_F28,F28,500-6357-002,1,500-6357-002,1,Y
BOM_F28,F28,500-6357-003,1,500-6357-003,1,Y
BOM_F28,F28,500-6357-005,1,500-6357-005,1,Y
BOM_F28,F28,500-6357-007,1,500-6357-007,1,Y
BOM_F28,F28,500-6357-010,1,500-6357-010,1,Y
BOM_F28,F28,500-6357-015,1,500-6357-015,1,Y
BOM_F28,F28,500-6357-020,1,500-6357-020,1,Y
BOM_F28,F28,500-6357-030,1,500-6357-030,1,Y
BOM_F28,F28,500-6382-001,1,500-6382-001,1,Y
BOM_F28,F28,500-6382-003,1,500-6382-003,1,Y
BOM_F28,F28,500-6382-005,1,500-6382-005,1,Y
BOM_F28,F28,500-6382-007,1,500-6382-007,1,Y
BOM_F28,F28,500-6382-010,1,500-6382-010,1,Y
BOM_F28,F28,500-6382-015,1,500-6382-015,1,Y
BOM_F28,F28,500-6382-020,1,500-6382-020,1,Y
BOM_F28,F28,500-6382-030,1,500-6382-030,1,Y
BOM_F28,F28,500-6383-001,1,500-6383-001,1,Y
BOM_F28,F28,500-6383-003,1,500-6383-003,1,Y
BOM_F28,F28,500-6383-005,1,500-6383-005,1,Y
BOM_F28,F28,500-6383-007,1,500-6383-007,1,Y
BOM_F28,F28,500-6383-010,1,500-6383-010,1,Y
BOM_F28,F28,500-6383-015,1,500-6383-015,1,Y
BOM_F28,F28,500-6383-020,1,500-6383-020,1,Y
BOM_F28,F28,500-6383-030,1,500-6383-030,1,Y
BOM_F28,F28,500-7206-003,1,500-7206-003,1,Y
BOM_F28,F28,500-7206-005,1,500-7206-005,1,Y
BOM_F28,F28,500-7206-007,1,500-7206-007,1,Y
BOM_F28,F28,500-7206-010,1,500-7206-010,1,Y
BOM_F28,F28,500-7206-015,1,500-7206-015,1,Y
BOM_F28,F28,500-7206-020,1,500-7206-020,1,Y
BOM_F28,F28,500-7207-001,1,500-7207-001,1,Y
BOM_F28,F28,500-7207-002,1,500-7207-002,1,Y
BOM_F28,F28,500-7207-003,1,500-7207-003,1,Y
BOM_F28,F28,500-7207-005,1,500-7207-005,1,Y
BOM_F28,F28,500-7207-007,1,500-7207-007,1,Y
BOM_F28,F28,500-7207-010,1,500-7207-010,1,Y
BOM_F28,F28,500-7207-015,1,500-7207-015,1,Y
BOM_F28,F28,500-7207-020,1,500-7207-020,1,Y
BOM_F28,F28,500-7207-025,1,500-7207-025,1,Y
BOM_F28,F28,500-7207-030,1,500-7207-030,1,Y
BOM_F28,F28,500-7283-010,1,500-7283-010,1,Y
BOM_F28,F28,500-7284-010,1,500-7284-010,1,Y
BOM_F28__677,F28__677,500-5391,1,500-5391,1,Y
BOM_F28__677,F28__677,500-5614,1,500-5614,1,Y
BOM_F28__818,F28__818,500-4962,1,500-4962,1,Y
BOM_F28__818,F28__818,500-4962-0P5,1,500-4962-0P5,1,Y
BOM_F28__domestic_others,F28__domestic_others,500-4961,1,500-4961,1,Y
BOM_F28__domestic_others,F28__domestic_others,500-5216,1,500-5216,1,Y
BOM_F28__international_others,F28__international_others,500-6283,1,500-6283,1,Y
BOM_F29,F29,500-4850,1,500-4850,1,Y
BOM_F29,F29,500-4910,1,500-4910,1,Y
BOM_F29,F29,500-4925,1,500-4925,1,Y
BOM_F29,F29,500-4955,1,500-4955,1,Y
BOM_F29,F29,500-5359,1,500-5359,1,Y
BOM_F29,F29,500-5384,1,500-5384,1,Y
BOM_F29,F29,500-5392,1,500-5392,1,Y
BOM_F29,F29,500-5481,1,500-5481,1,Y
BOM_F29,F29,500-5522,1,500-5522,1,Y
BOM_F29,F29,500-5586,1,500-5586,1,Y
BOM_F29,F29,500-5594,1,500-5594,1,Y
BOM_F29,F29,500-5601,1,500-5601,1,Y
BOM_F29,F29,500-5634,1,500-5634,1,Y
BOM_F29,F29,500-5703,1,500-5703,1,Y
BOM_F29,F29,500-5782,1,500-5782,1,Y
BOM_F29,F29,500-5818,1,500-5818,1,Y
BOM_F29,F29,500-5850,1,500-5850,1,Y
BOM_F29,F29,500-5851,1,500-5851,1,Y
BOM_F29,F29,500-5934,1,500-5934,1,Y
BOM_F29,F29,500-5935,1,500-5935,1,Y
BOM_F29,F29,500-5957,1,500-5957,1,Y
BOM_F29,F29,500-5958,1,500-5958,1,Y
BOM_F29,F29,500-5987,1,500-5987,1,Y
BOM_F29,F29,500-5988,1,500-5988,1,Y
BOM_F29,F29,500-5989,1,500-5989,1,Y
BOM_F29,F29,500-5990,1,500-5990,1,Y
BOM_F29,F29,500-6059,1,500-6059,1,Y
BOM_F29,F29,500-6099,1,500-6099,1,Y
BOM_F29,F29,500-6201,1,500-6201,1,Y
BOM_F29,F29,500-6207,1,500-6207,1,Y
BOM_F29,F29,500-6253,1,500-6253,1,Y
BOM_F29,F29,500-6336,1,500-6336,1,Y
BOM_F29,F29,500-6465,1,500-6465,1,Y
BOM_F29,F29,500-6496,1,500-6496,1,Y
BOM_F29,F29,500-6512,1,500-6512,1,Y
BOM_F29,F29,500-6650,1,500-6650,1,Y
BOM_F29,F29,500-6672,1,500-6672,1,Y
BOM_F29,F29,500-6681,1,500-6681,1,Y
BOM_F29,F29,500-7114,1,500-7114,1,Y
BOM_F29,F29,500-7115,1,500-7115,1,Y
BOM_F29__444,F29__444,500-6496,1,500-6496,1,Y
BOM_F29__677,F29__677,500-5392,1,500-5392,1,Y
BOM_F29__677,F29__677,500-5481,1,500-5481,1,Y
BOM_F29__818,F29__818,500-4955,1,500-4955,1,Y
BOM_F29__828,F29__828,500-5522,1,500-5522,1,Y
BOM_F29__828,F29__828,500-6336,1,500-6336,1,Y
BOM_F29__833,F29__833,500-5586,1,500-5586,1,Y
BOM_F29__855,F29__855,500-5851,1,500-5851,1,Y
BOM_F29__855,F29__855,500-5988,1,500-5988,1,Y
BOM_F29__858,F29__858,500-5989,1,500-5989,1,Y
BOM_F29__888,F29__888,500-5987,1,500-5987,1,Y
BOM_F29__898,F29__898,500-5594,1,500-5594,1,Y
BOM_F29__domestic_others,F29__domestic_others,500-4910,1,500-4910,1,Y
BOM_F29__domestic_others,F29__domestic_others,500-4925,1,500-4925,1,Y
BOM_F29__domestic_others,F29__domestic_others,500-5359,1,500-5359,1,Y
BOM_F29__domestic_others,F29__domestic_others,500-5634,1,500-5634,1,Y
BOM_F29__domestic_others,F29__domestic_others,500-5850,1,500-5850,1,Y
BOM_F29__domestic_others,F29__domestic_others,500-6059,1,500-6059,1,Y
BOM_F29__domestic_others,F29__domestic_others,500-6201,1,500-6201,1,Y
BOM_F29__domestic_others,F29__domestic_others,500-6207,1,500-6207,1,Y
BOM_F29__domestic_others,F29__domestic_others,500-6253,1,500-6253,1,Y
BOM_F29__domestic_others,F29__domestic_others,500-6512,1,500-6512,1,Y
BOM_F29__international_others,F29__international_others,500-6496,1,500-6496,1,Y
BOM_F30,F30,500-4912,1,500-4912,1,Y
BOM_F30,F30,500-4956,1,500-4956,1,Y
BOM_F30,F30,500-4957,1,500-4957,1,Y
BOM_F30,F30,500-5550,1,500-5550,1,Y
BOM_F30,F30,500-5595,1,500-5595,1,Y
BOM_F30,F30,500-5596,1,500-5596,1,Y
BOM_F30,F30,500-5773,1,500-5773,1,Y
BOM_F30,F30,500-5854,1,500-5854,1,Y
BOM_F30,F30,500-6200,1,500-6200,1,Y
BOM_F30,F30,500-6204,1,500-6204,1,Y
BOM_F30,F30,500-6240,1,500-6240,1,Y
BOM_F30,F30,500-6285,1,500-6285,1,Y
BOM_F30,F30,500-7041,1,500-7041,1,Y
BOM_F30__818,F30__818,500-3972-02,1,500-3972-02,1,Y
BOM_F30__818,F30__818,500-4023-02,1,500-4023-02,1,Y
BOM_F30__818,F30__818,500-4327,1,500-4327,1,Y
BOM_F30__818,F30__818,500-4957,1,500-4957,1,Y
BOM_F30__818,F30__818,500-6417,1,500-6417,1,Y
BOM_F30__833,F30__833,500-6200,1,500-6200,1,Y
BOM_F30__833,F30__833,500-6418,1,500-6418,1,Y
BOM_F30__855,F30__855,500-4190,1,500-4190,1,Y
BOM_F30__855,F30__855,500-6204,1,500-6204,1,Y
BOM_F30__855,F30__855,500-6420,1,500-6420,1,Y
BOM_F30__855,F30__855,500-6984,1,500-6984,1,Y
BOM_F30__858,F30__858,500-3918,1,500-3918,1,Y
BOM_F30__858,F30__858,500-5773,1,500-5773,1,Y
BOM_F30__888,F30__888,500-4212,1,500-4212,1,Y
BOM_F30__888,F30__888,500-4483,1,500-4483,1,Y
BOM_F30__888,F30__888,500-4703,1,500-4703,1,Y
BOM_F30__888,F30__888,500-4709,1,500-4709,1,Y
BOM_F30__888,F30__888,500-5101,1,500-5101,1,Y
BOM_F30__888,F30__888,500-5550,1,500-5550,1,Y
BOM_F30__888,F30__888,500-6285,1,500-6285,1,Y
BOM_F30__898,F30__898,500-4164-02,1,500-4164-02,1,Y
BOM_F30__898,F30__898,500-5054,1,500-5054,1,Y
BOM_F30__898,F30__898,500-5595,1,500-5595,1,Y
BOM_F30__domestic_others,F30__domestic_others,500-3776-02,1,500-3776-02,1,Y
BOM_F30__domestic_others,F30__domestic_others,500-3776-02-RW,1,500-3776-02-RW,1,Y
BOM_F30__domestic_others,F30__domestic_others,500-3853-02,1,500-3853-02,1,Y
BOM_F30__domestic_others,F30__domestic_others,500-4292,1,500-4292,1,Y
BOM_F30__domestic_others,F30__domestic_others,500-4494,1,500-4494,1,Y
BOM_F30__domestic_others,F30__domestic_others,500-4587,1,500-4587,1,Y
BOM_F30__domestic_others,F30__domestic_others,500-4889,1,500-4889,1,Y
BOM_F30__domestic_others,F30__domestic_others,500-4912,1,500-4912,1,Y
BOM_F30__domestic_others,F30__domestic_others,500-5854,1,500-5854,1,Y
BOM_F30__domestic_others,F30__domestic_others,500-6240,1,500-6240,1,Y
BOM_F30__domestic_others,F30__domestic_others,500-6413,1,500-6413,1,Y
BOM_F30__domestic_others,F30__domestic_others,500-6415,1,500-6415,1,Y
BOM_F30__domestic_others,F30__domestic_others,500-6419,1,500-6419,1,Y
BOM_F31,F31,500-5529,1,500-5529,1,Y
BOM_F31,F31,500-5819,1,500-5819,1,Y
BOM_F31__818,F31__818,500-5529,1,500-5529,1,Y
BOM_F31__818,F31__818,500-5819,1,500-5819,1,Y
BOM_F33,F33,500-4640,1,500-4640,1,Y
BOM_F33,F33,500-4693,1,500-4693,1,Y
BOM_F33,F33,500-4793,1,500-4793,1,Y
BOM_F33,F33,500-4794,1,500-4794,1,Y
BOM_F33,F33,500-4835,1,500-4835,1,Y
BOM_F33,F33,500-4890,1,500-4890,1,Y
BOM_F33,F33,500-5057,1,500-5057,1,Y
BOM_F33,F33,500-5059,1,500-5059,1,Y
BOM_F33,F33,500-5394,1,500-5394,1,Y
BOM_F33,F33,500-5423,1,500-5423,1,Y
BOM_F33,F33,500-5424,1,500-5424,1,Y
BOM_F33,F33,500-5603,1,500-5603,1,Y
BOM_F33,F33,500-5605,1,500-5605,1,Y
BOM_F33,F33,500-6036,1,500-6036,1,Y
BOM_F33,F33,500-6037,1,500-6037,1,Y
BOM_F33,F33,500-6087,1,500-6087,1,Y
BOM_F33,F33,500-6160,1,500-6160,1,Y
BOM_F33,F33,500-6266,1,500-6266,1,Y
BOM_F33,F33,500-7072,1,500-7072,1,Y
BOM_F33__858,F33__858,500-6160,1,500-6160,1,Y
BOM_F33__858,F33__858,500-6266,1,500-6266,1,Y
BOM_F33__888,F33__888,500-4640,1,500-4640,1,Y
BOM_F33__888,F33__888,500-7072,1,500-7072,1,Y
BOM_F33__domestic_others,F33__domestic_others,500-4835,1,500-4835,1,Y
BOM_F35,F35,500-4028-01,1,500-4028-01,1,Y
BOM_F35,F35,500-4028-02,1,500-4028-02,1,Y
BOM_F35,F35,500-4066-01,1,500-4066-01,1,Y
BOM_F35,F35,500-4066-02,1,500-4066-02,1,Y
BOM_F35,F35,500-4067-01,1,500-4067-01,1,Y
BOM_F35,F35,500-4067-02,1,500-4067-02,1,Y
BOM_F35,F35,500-4519,1,500-4519,1,Y
BOM_F35,F35,500-4561,1,500-4561,1,Y
BOM_F35,F35,500-4562,1,500-4562,1,Y
BOM_F35,F35,500-4639,1,500-4639,1,Y
BOM_F35,F35,500-4692,1,500-4692,1,Y
BOM_F35,F35,500-4752,1,500-4752,1,Y
BOM_F35,F35,500-4753,1,500-4753,1,Y
BOM_F35,F35,500-4779,1,500-4779,1,Y
BOM_F35,F35,500-4791,1,500-4791,1,Y
BOM_F35,F35,500-4792,1,500-4792,1,Y
BOM_F35,F35,500-5010,1,500-5010,1,Y
BOM_F35,F35,500-5030,1,500-5030,1,Y
BOM_F35,F35,500-5031,1,500-5031,1,Y
BOM_F35,F35,500-5056,1,500-5056,1,Y
BOM_F35,F35,500-5060,1,500-5060,1,Y
BOM_F35,F35,500-5160,1,500-5160,1,Y
BOM_F35,F35,500-5196,1,500-5196,1,Y
BOM_F35,F35,500-5197,1,500-5197,1,Y
BOM_F35,F35,500-5393,1,500-5393,1,Y
BOM_F35,F35,500-5523,1,500-5523,1,Y
BOM_F35,F35,500-5602,1,500-5602,1,Y
BOM_F35,F35,500-5604,1,500-5604,1,Y
BOM_F35,F35,500-6038,1,500-6038,1,Y
BOM_F35,F35,500-6039,1,500-6039,1,Y
BOM_F35,F35,500-6161,1,500-6161,1,Y
BOM_F35,F35,500-6267,1,500-6267,1,Y
BOM_F35,F35,500-6569,1,500-6569,1,Y
BOM_F35,F35,500-6570,1,500-6570,1,Y
BOM_F35,F35,500-7073,1,500-7073,1,Y
BOM_F35__444,F35__444,500-4639,1,500-4639,1,Y
BOM_F35__444,F35__444,500-4752,1,500-4752,1,Y
BOM_F35__444,F35__444,500-5160,1,500-5160,1,Y
BOM_F35__444,F35__444,500-7073,1,500-7073,1,Y
BOM_F35__633,F35__633,500-4067-02,1,500-4067-02,1,Y
BOM_F35__633,F35__633,500-6570,1,500-6570,1,Y
BOM_F35__688,F35__688,500-4639,1,500-4639,1,Y
BOM_F35__688,F35__688,500-4752,1,500-4752,1,Y
BOM_F35__688,F35__688,500-5160,1,500-5160,1,Y
BOM_F35__688,F35__688,500-7073,1,500-7073,1,Y
BOM_F35__822,F35__822,500-4639,1,500-4639,1,Y
BOM_F35__822,F35__822,500-4752,1,500-4752,1,Y
BOM_F35__822,F35__822,500-5160,1,500-5160,1,Y
BOM_F35__822,F35__822,500-7073,1,500-7073,1,Y
BOM_F35__858,F35__858,500-6161,1,500-6161,1,Y
BOM_F35__858,F35__858,500-6267,1,500-6267,1,Y
BOM_F35__888,F35__888,500-4639,1,500-4639,1,Y
BOM_F35__888,F35__888,500-4752,1,500-4752,1,Y
BOM_F35__888,F35__888,500-5160,1,500-5160,1,Y
BOM_F35__888,F35__888,500-7073,1,500-7073,1,Y
BOM_F35__domestic_others,F35__domestic_others,500-4028-02,1,500-4028-02,1,Y
BOM_F35__domestic_others,F35__domestic_others,500-4562,1,500-4562,1,Y
BOM_F35__domestic_others,F35__domestic_others,500-4692,1,500-4692,1,Y
BOM_F35__domestic_others,F35__domestic_others,500-4779,1,500-4779,1,Y
BOM_F35__international_others,F35__international_others,500-4028-02,1,500-4028-02,1,Y
BOM_F35__international_others,F35__international_others,500-4562,1,500-4562,1,Y
BOM_F35__international_others,F35__international_others,500-4692,1,500-4692,1,Y
BOM_F37,F37,500-5800,1,500-5800,1,Y
BOM_F37,F37,500-6028,1,500-6028,1,Y
BOM_F37,F37,500-6306,1,500-6306,1,Y
BOM_F37,F37,500-6448,1,500-6448,1,Y
BOM_F37,F37,500-6485,1,500-6485,1,Y
BOM_F37,F37,500-6803,1,500-6803,1,Y
BOM_F37__858,F37__858,500-6448,1,500-6448,1,Y
BOM_F37__858,F37__858,500-6803,1,500-6803,1,Y
BOM_F37__888,F37__888,500-5800,1,500-5800,1,Y
BOM_F37__888,F37__888,500-6028,1,500-6028,1,Y
BOM_F38,F38,500-5274,1,500-5274,1,Y
BOM_F38,F38,500-5275,1,500-5275,1,Y
BOM_F38,F38,500-5329,1,500-5329,1,Y
BOM_F38,F38,500-6095,1,500-6095,1,Y
BOM_F38,F38,500-6393,1,500-6393,1,Y
BOM_F38,F38,500-6575,1,500-6575,1,Y
BOM_F38__domestic_others,F38__domestic_others,500-5274,1,500-5274,1,Y
BOM_F38__international_others,F38__international_others,500-5329,1,500-5329,1,Y
BOM_F40,F40,500-6209,1,500-6209,1,Y
BOM_F40,F40,500-6212,1,500-6212,1,Y
BOM_F40,F40,500-6262,1,500-6262,1,Y
BOM_F40,F40,500-6277,1,500-6277,1,Y
BOM_F40,F40,500-6278,1,500-6278,1,Y
BOM_F40,F40,500-6412,1,500-6412,1,Y
BOM_F40,F40,500-6413,1,500-6413,1,Y
BOM_F40,F40,500-6414,1,500-6414,1,Y
BOM_F40,F40,500-6415,1,500-6415,1,Y
BOM_F40,F40,500-6417,1,500-6417,1,Y
BOM_F40,F40,500-6418,1,500-6418,1,Y
BOM_F40,F40,500-6419,1,500-6419,1,Y
BOM_F40,F40,500-6420,1,500-6420,1,Y
BOM_F40,F40,500-6421,1,500-6421,1,Y
BOM_F40,F40,500-6433,1,500-6433,1,Y
BOM_F40,F40,500-6513,1,500-6513,1,Y
BOM_F40,F40,500-7064,1,500-7064,1,Y
BOM_F40__818,F40__818,500-3972-02,1,500-3972-02,1,Y
BOM_F40__818,F40__818,500-4023-02,1,500-4023-02,1,Y
BOM_F40__818,F40__818,500-4327,1,500-4327,1,Y
BOM_F40__818,F40__818,500-4957,1,500-4957,1,Y
BOM_F40__818,F40__818,500-6417,1,500-6417,1,Y
BOM_F40__833,F40__833,500-6200,1,500-6200,1,Y
BOM_F40__833,F40__833,500-6418,1,500-6418,1,Y
BOM_F40__855,F40__855,500-4190,1,500-4190,1,Y
BOM_F40__855,F40__855,500-6204,1,500-6204,1,Y
BOM_F40__855,F40__855,500-6420,1,500-6420,1,Y
BOM_F40__855,F40__855,500-6984,1,500-6984,1,Y
BOM_F40__898,F40__898,500-4190,1,500-4190,1,Y
BOM_F40__898,F40__898,500-6204,1,500-6204,1,Y
BOM_F40__898,F40__898,500-6420,1,500-6420,1,Y
BOM_F40__898,F40__898,500-6984,1,500-6984,1,Y
BOM_F40__domestic_others,F40__domestic_others,500-3776-02,1,500-3776-02,1,Y
BOM_F40__domestic_others,F40__domestic_others,500-3776-02-RW,1,500-3776-02-RW,1,Y
BOM_F40__domestic_others,F40__domestic_others,500-3853-02,1,500-3853-02,1,Y
BOM_F40__domestic_others,F40__domestic_others,500-4292,1,500-4292,1,Y
BOM_F40__domestic_others,F40__domestic_others,500-4494,1,500-4494,1,Y
BOM_F40__domestic_others,F40__domestic_others,500-4587,1,500-4587,1,Y
BOM_F40__domestic_others,F40__domestic_others,500-4889,1,500-4889,1,Y
BOM_F40__domestic_others,F40__domestic_others,500-4912,1,500-4912,1,Y
BOM_F40__domestic_others,F40__domestic_others,500-5854,1,500-5854,1,Y
BOM_F40__domestic_others,F40__domestic_others,500-6240,1,500-6240,1,Y
BOM_F40__domestic_others,F40__domestic_others,500-6413,1,500-6413,1,Y
BOM_F40__domestic_others,F40__domestic_others,500-6415,1,500-6415,1,Y
BOM_F40__domestic_others,F40__domestic_others,500-6419,1,500-6419,1,Y
BOM_G10,G10,500-6159-001,1,500-6159-001,1,Y
BOM_G10,G10,500-6159-002,1,500-6159-002,1,Y
BOM_G10,G10,500-6159-003,1,500-6159-003,1,Y
BOM_G10,G10,500-6159-005,1,500-6159-005,1,Y
BOM_G10,G10,500-6159-007,1,500-6159-007,1,Y
BOM_G10,G10,500-6159-010,1,500-6159-010,1,Y
BOM_G10,G10,500-6159-015,1,500-6159-015,1,Y
BOM_G10,G10,500-6159-020,1,500-6159-020,1,Y
BOM_G10,G10,500-6159-025,1,500-6159-025,1,Y
BOM_G10,G10,500-6159-030,1,500-6159-030,1,Y
BOM_G10,G10,500-6249-003,1,500-6249-003,1,Y
BOM_G10,G10,500-6249-005,1,500-6249-005,1,Y
BOM_G10,G10,500-6249-007,1,500-6249-007,1,Y
BOM_G10,G10,500-6249-010,1,500-6249-010,1,Y
BOM_G10,G10,500-6249-020,1,500-6249-020,1,Y
BOM_G10,G10,500-6282-003,1,500-6282-003,1,Y
BOM_G10,G10,500-6282-005,1,500-6282-005,1,Y
BOM_G10,G10,500-6282-007,1,500-6282-007,1,Y
BOM_G10,G10,500-6282-010,1,500-6282-010,1,Y
BOM_G10,G10,500-6282-015,1,500-6282-015,1,Y
BOM_G10,G10,500-6282-020,1,500-6282-020,1,Y
BOM_G10,G10,500-6394-001,1,500-6394-001,1,Y
BOM_G10,G10,500-6394-002,1,500-6394-002,1,Y
BOM_G10,G10,500-6394-003,1,500-6394-003,1,Y
BOM_G10,G10,500-6394-005,1,500-6394-005,1,Y
BOM_G10,G10,500-6394-007,1,500-6394-007,1,Y
BOM_G10,G10,500-6394-010,1,500-6394-010,1,Y
BOM_G10,G10,500-6394-015,1,500-6394-015,1,Y
BOM_G10,G10,500-6394-020,1,500-6394-020,1,Y
BOM_G10,G10,500-6394-030,1,500-6394-030,1,Y
BOM_G10__domestic_others,G10__domestic_others,500-6249,1,500-6249,1,Y
BOM_G10__international_others,G10__international_others,500-6282,1,500-6282,1,Y
BOM_G10__international_others,G10__international_others,500-6382,1,500-6382,1,Y
BOM_M09,M09,500-3806,1,500-3806,1,Y
BOM_M09,M09,500-3816,1,500-3816,1,Y
BOM_M09,M09,500-5096,1,500-5096,1,Y
BOM_M09,M09,500-5172,1,500-5172,1,Y
BOM_M09,M09,500-6073,1,500-6073,1,Y
BOM_M09,M09,500-6137,1,500-6137,1,Y
BOM_M09__666,M09__666,500-3806,1,500-3806,1,Y
BOM_M09__666,M09__666,500-5096,1,500-5096,1,Y
BOM_M09__666,M09__666,500-6073,1,500-6073,1,Y
BOM_M09__666,M09__666,500-6137,1,500-6137,1,Y
BOM_M51,M51,500-3776-01,1,500-3776-01,1,Y
BOM_M51,M51,500-3776-02,1,500-3776-02,1,Y
BOM_M51,M51,500-3776-02-RW,1,500-3776-02-RW,1,Y
BOM_M51,M51,500-3776-03,1,500-3776-03,1,Y
BOM_M51,M51,500-3776-04,1,500-3776-04,1,Y
BOM_M51,M51,500-3823,1,500-3823,1,Y
BOM_M51,M51,500-3827,1,500-3827,1,Y
BOM_M51,M51,500-3853-01,1,500-3853-01,1,Y
BOM_M51,M51,500-3853-02,1,500-3853-02,1,Y
BOM_M51,M51,500-3853-03,1,500-3853-03,1,Y
BOM_M51,M51,500-3901-01,1,500-3901-01,1,Y
BOM_M51,M51,500-3901-02,1,500-3901-02,1,Y
BOM_M51,M51,500-3918,1,500-3918,1,Y
BOM_M51,M51,500-3925,1,500-3925,1,Y
BOM_M51,M51,500-3925-02,1,500-3925-02,1,Y
BOM_M51,M51,500-3926,1,500-3926,1,Y
BOM_M51,M51,500-3953-02,1,500-3953-02,1,Y
BOM_M51,M51,500-3953-06,1,500-3953-06,1,Y
BOM_M51,M51,500-3953-06-TW,1,500-3953-06-TW,1,Y
BOM_M51,M51,500-3954-01,1,500-3954-01,1,Y
BOM_M51,M51,500-3954-02,1,500-3954-02,1,Y
BOM_M51,M51,500-3954-03,1,500-3954-03,1,Y
BOM_M51,M51,500-3954-05,1,500-3954-05,1,Y
BOM_M51,M51,500-3954-06,1,500-3954-06,1,Y
BOM_M51,M51,500-3971-02,1,500-3971-02,1,Y
BOM_M51,M51,500-3972-01,1,500-3972-01,1,Y
BOM_M51,M51,500-3972-02,1,500-3972-02,1,Y
BOM_M51,M51,500-3987-01,1,500-3987-01,1,Y
BOM_M51,M51,500-3987-02,1,500-3987-02,1,Y
BOM_M51,M51,500-3987-03,1,500-3987-03,1,Y
BOM_M51,M51,500-4011-01,1,500-4011-01,1,Y
BOM_M51,M51,500-4012-01,1,500-4012-01,1,Y
BOM_M51,M51,500-4013-01,1,500-4013-01,1,Y
BOM_M51,M51,500-4014-01,1,500-4014-01,1,Y
BOM_M51,M51,500-4022-02,1,500-4022-02,1,Y
BOM_M51,M51,500-4023-01,1,500-4023-01,1,Y
BOM_M51,M51,500-4023-02,1,500-4023-02,1,Y
BOM_M51,M51,500-4065-01,1,500-4065-01,1,Y
BOM_M51,M51,500-4074-01,1,500-4074-01,1,Y
BOM_M51,M51,500-4074-02,1,500-4074-02,1,Y
BOM_M51,M51,500-4128,1,500-4128,1,Y
BOM_M51,M51,500-4129,1,500-4129,1,Y
BOM_M51,M51,500-4164-02,1,500-4164-02,1,Y
BOM_M51,M51,500-4170,1,500-4170,1,Y
BOM_M51,M51,500-4189,1,500-4189,1,Y
BOM_M51,M51,500-4190,1,500-4190,1,Y
BOM_M51,M51,500-4210,1,500-4210,1,Y
BOM_M51,M51,500-4211,1,500-4211,1,Y
BOM_M51,M51,500-4212,1,500-4212,1,Y
BOM_M51,M51,500-4216,1,500-4216,1,Y
BOM_M51,M51,500-4218-01,1,500-4218-01,1,Y
BOM_M51,M51,500-4218-02,1,500-4218-02,1,Y
BOM_M51,M51,500-4218-03,1,500-4218-03,1,Y
BOM_M51,M51,500-4219-01,1,500-4219-01,1,Y
BOM_M51,M51,500-4219-02,1,500-4219-02,1,Y
BOM_M51,M51,500-4219-03,1,500-4219-03,1,Y
BOM_M51,M51,500-4219-04,1,500-4219-04,1,Y
BOM_M51,M51,500-4232,1,500-4232,1,Y
BOM_M51,M51,500-4233,1,500-4233,1,Y
BOM_M51,M51,500-4290,1,500-4290,1,Y
BOM_M51,M51,500-4291,1,500-4291,1,Y
BOM_M51,M51,500-4292,1,500-4292,1,Y
BOM_M51,M51,500-4293,1,500-4293,1,Y
BOM_M51,M51,500-4294-02,1,500-4294-02,1,Y
BOM_M51,M51,500-4294-02-TW,1,500-4294-02-TW,1,Y
BOM_M51,M51,500-4295-02,1,500-4295-02,1,Y
BOM_M51,M51,500-4295-02-TW,1,500-4295-02-TW,1,Y
BOM_M51,M51,500-4296-02,1,500-4296-02,1,Y
BOM_M51,M51,500-4297-02,1,500-4297-02,1,Y
BOM_M51,M51,500-4305,1,500-4305,1,Y
BOM_M51,M51,500-4306,1,500-4306,1,Y
BOM_M51,M51,500-4323,1,500-4323,1,Y
BOM_M51,M51,500-4324,1,500-4324,1,Y
BOM_M51,M51,500-4325,1,500-4325,1,Y
BOM_M51,M51,500-4326,1,500-4326,1,Y
BOM_M51,M51,500-4327,1,500-4327,1,Y
BOM_M51,M51,500-4329,1,500-4329,1,Y
BOM_M51,M51,500-4330,1,500-4330,1,Y
BOM_M51,M51,500-4331,1,500-4331,1,Y
BOM_M51,M51,500-4332,1,500-4332,1,Y
BOM_M51,M51,500-4333,1,500-4333,1,Y
BOM_M51,M51,500-4336,1,500-4336,1,Y
BOM_M51,M51,500-4341,1,500-4341,1,Y
BOM_M51,M51,500-4342,1,500-4342,1,Y
BOM_M51,M51,500-4378,1,500-4378,1,Y
BOM_M51,M51,500-4393-01,1,500-4393-01,1,Y
BOM_M51,M51,500-4393-02,1,500-4393-02,1,Y
BOM_M51,M51,500-4393-03,1,500-4393-03,1,Y
BOM_M51,M51,500-4393-04,1,500-4393-04,1,Y
BOM_M51,M51,500-4483,1,500-4483,1,Y
BOM_M51,M51,500-4494,1,500-4494,1,Y
BOM_M51,M51,500-4537,1,500-4537,1,Y
BOM_M51,M51,500-4587,1,500-4587,1,Y
BOM_M51,M51,500-4607,1,500-4607,1,Y
BOM_M51,M51,500-4607-TW,1,500-4607-TW,1,Y
BOM_M51,M51,500-4608,1,500-4608,1,Y
BOM_M51,M51,500-4609,1,500-4609,1,Y
BOM_M51,M51,500-4610,1,500-4610,1,Y
BOM_M51,M51,500-4611,1,500-4611,1,Y
BOM_M51,M51,500-4623,1,500-4623,1,Y
BOM_M51,M51,500-4624,1,500-4624,1,Y
BOM_M51,M51,500-4672,1,500-4672,1,Y
BOM_M51,M51,500-4703,1,500-4703,1,Y
BOM_M51,M51,500-4709,1,500-4709,1,Y
BOM_M51,M51,500-4773,1,500-4773,1,Y
BOM_M51,M51,500-4888,1,500-4888,1,Y
BOM_M51,M51,500-4889,1,500-4889,1,Y
BOM_M51,M51,500-4973,1,500-4973,1,Y
BOM_M51,M51,500-5008,1,500-5008,1,Y
BOM_M51,M51,500-5008-TW,1,500-5008-TW,1,Y
BOM_M51,M51,500-5009,1,500-5009,1,Y
BOM_M51,M51,500-5009-TW,1,500-5009-TW,1,Y
BOM_M51,M51,500-5054,1,500-5054,1,Y
BOM_M51,M51,500-5071-TW,1,500-5071-TW,1,Y
BOM_M51,M51,500-5101,1,500-5101,1,Y
BOM_M51,M51,500-5102,1,500-5102,1,Y
BOM_M51,M51,500-5149,1,500-5149,1,Y
BOM_M51,M51,500-5178,1,500-5178,1,Y
BOM_M51,M51,500-5281,1,500-5281,1,Y
BOM_M51,M51,500-5282,1,500-5282,1,Y
BOM_M51,M51,500-5387,1,500-5387,1,Y
BOM_M51,M51,500-5499,1,500-5499,1,Y
BOM_M51,M51,500-5530,1,500-5530,1,Y
BOM_M51,M51,500-5531,1,500-5531,1,Y
BOM_M51,M51,500-5610,1,500-5610,1,Y
BOM_M51,M51,500-5679,1,500-5679,1,Y
BOM_M51,M51,500-5680,1,500-5680,1,Y
BOM_M51,M51,500-5785,1,500-5785,1,Y
BOM_M51,M51,500-6912,1,500-6912,1,Y
BOM_M51,M51,500-6984,1,500-6984,1,Y
BOM_M51,M51,503-0084-ID,1,503-0084-ID,1,Y
BOM_M51,M51,562-0100,1,562-0100,1,Y
BOM_M51__633,M51__633,500-4325,1,500-4325,1,Y
BOM_M51__655,M51__655,500-4623,1,500-4623,1,Y
BOM_M51__655,M51__655,500-4624,1,500-4624,1,Y
BOM_M51__666,M51__666,500-5281,1,500-5281,1,Y
BOM_M51__666,M51__666,500-5282,1,500-5282,1,Y
BOM_M51__677,M51__677,500-5499,1,500-5499,1,Y
BOM_M51__677,M51__677,503-0084-ID,1,503-0084-ID,1,Y
BOM_M51__677,M51__677,562-0100,1,562-0100,1,Y
BOM_M51__688,M51__688,500-3953-02,1,500-3953-02,1,Y
BOM_M51__688,M51__688,500-3953-06,1,500-3953-06,1,Y
BOM_M51__688,M51__688,500-3954-02,1,500-3954-02,1,Y
BOM_M51__688,M51__688,500-3954-06,1,500-3954-06,1,Y
BOM_M51__688,M51__688,500-4607,1,500-4607,1,Y
BOM_M51__688,M51__688,500-4608,1,500-4608,1,Y
BOM_M51__818,M51__818,500-3972-02,1,500-3972-02,1,Y
BOM_M51__818,M51__818,500-4023-02,1,500-4023-02,1,Y
BOM_M51__818,M51__818,500-4327,1,500-4327,1,Y
BOM_M51__818,M51__818,500-4957,1,500-4957,1,Y
BOM_M51__818,M51__818,500-6417,1,500-6417,1,Y
BOM_M51__828,M51__828,500-3953-02,1,500-3953-02,1,Y
BOM_M51__828,M51__828,500-3953-06,1,500-3953-06,1,Y
BOM_M51__828,M51__828,500-3954-02,1,500-3954-02,1,Y
BOM_M51__828,M51__828,500-3954-06,1,500-3954-06,1,Y
BOM_M51__828,M51__828,500-4607,1,500-4607,1,Y
BOM_M51__828,M51__828,500-4608,1,500-4608,1,Y
BOM_M51__855,M51__855,500-4190,1,500-4190,1,Y
BOM_M51__855,M51__855,500-6204,1,500-6204,1,Y
BOM_M51__855,M51__855,500-6420,1,500-6420,1,Y
BOM_M51__855,M51__855,500-6984,1,500-6984,1,Y
BOM_M51__858,M51__858,500-3918,1,500-3918,1,Y
BOM_M51__858,M51__858,500-5773,1,500-5773,1,Y
BOM_M51__888,M51__888,500-4210,1,500-4210,1,Y
BOM_M51__888,M51__888,500-4211,1,500-4211,1,Y
BOM_M51__898,M51__898,500-4164-02,1,500-4164-02,1,Y
BOM_M51__898,M51__898,500-5054,1,500-5054,1,Y
BOM_M51__898,M51__898,500-5595,1,500-5595,1,Y
BOM_M51__domestic_others,M51__domestic_others,500-3776-02,1,500-3776-02,1,Y
BOM_M51__domestic_others,M51__domestic_others,500-3776-02-RW,1,500-3776-02-RW,1,Y
BOM_M51__domestic_others,M51__domestic_others,500-3853-02,1,500-3853-02,1,Y
BOM_M51__domestic_others,M51__domestic_others,500-4292,1,500-4292,1,Y
BOM_M51__domestic_others,M51__domestic_others,500-4494,1,500-4494,1,Y
BOM_M51__domestic_others,M51__domestic_others,500-4587,1,500-4587,1,Y
BOM_M51__domestic_others,M51__domestic_others,500-4889,1,500-4889,1,Y
BOM_M51__domestic_others,M51__domestic_others,500-4912,1,500-4912,1,Y
BOM_M51__domestic_others,M51__domestic_others,500-5854,1,500-5854,1,Y
BOM_M51__domestic_others,M51__domestic_others,500-6240,1,500-6240,1,Y
BOM_M51__domestic_others,M51__domestic_others,500-6413,1,500-6413,1,Y
BOM_M51__domestic_others,M51__domestic_others,500-6415,1,500-6415,1,Y
BOM_M51__domestic_others,M51__domestic_others,500-6419,1,500-6419,1,Y
BOM_M53,M53,500-3822,1,500-3822,1,Y
BOM_M53,M53,500-3927,1,500-3927,1,Y
BOM_M53,M53,500-3927-02,1,500-3927-02,1,Y
BOM_M53,M53,500-3928,1,500-3928,1,Y
BOM_M53,M53,500-4037,1,500-4037,1,Y
BOM_M53,M53,500-4337,1,500-4337,1,Y
BOM_M53,M53,500-4338,1,500-4338,1,Y
BOM_M53,M53,500-4339,1,500-4339,1,Y
BOM_M53,M53,500-4515,1,500-4515,1,Y
BOM_M53,M53,500-4516,1,500-4516,1,Y
BOM_M53,M53,500-4847,1,500-4847,1,Y
BOM_M53,M53,500-4987,1,500-4987,1,Y
BOM_M53,M53,500-5500,1,500-5500,1,Y
BOM_M53,M53,562-0099,1,562-0099,1,Y
BOM_M53__677,M53__677,500-5500,1,500-5500,1,Y
BOM_M53__677,M53__677,562-0099,1,562-0099,1,Y
BOM_M91,M91,500-5202-005,1,500-5202-005,1,Y
BOM_M91,M91,500-5202-007,1,500-5202-007,1,Y
BOM_M91,M91,500-5202-010,1,500-5202-010,1,Y
BOM_M91,M91,500-5202-020,1,500-5202-020,1,Y
BOM_M91__898,M91__898,500-5202,1,500-5202,1,Y
BOM_TF-FCxxx-M00__domestic_others,TF-FCxxx-M00__domestic_others,500-6250-003,1,500-6250-003,1,Y
BOM_TF-FCxxx-M00__domestic_others,TF-FCxxx-M00__domestic_others,500-6250-010,1,500-6250-010,1,Y
BOM_TF-FCxxx-M00__international_others,TF-FCxxx-M00__international_others,500-6283-003,1,500-6283-003,1,Y
BOM_TF-FCxxx-M00__international_others,TF-FCxxx-M00__international_others,500-6283-010,1,500-6283-010,1,Y
BOM_TF-FCxxx-N00__677,TF-FCxxx-N00__677,500-5495-001,1,500-5495-001,1,Y
BOM_TF-FCxxx-N00__677,TF-FCxxx-N00__677,500-5495-002,1,500-5495-002,1,Y
BOM_TF-FCxxx-N00__677,TF-FCxxx-N00__677,500-5495-003,1,500-5495-003,1,Y
BOM_TF-FCxxx-N00__677,TF-FCxxx-N00__677,500-5495-005,1,500-5495-005,1,Y
BOM_TF-FCxxx-N00__677,TF-FCxxx-N00__677,500-5495-007,1,500-5495-007,1,Y
BOM_TF-FCxxx-N00__677,TF-FCxxx-N00__677,500-5495-010,1,500-5495-010,1,Y
BOM_TF-FCxxx-N00__677,TF-FCxxx-N00__677,500-5495-015,1,500-5495-015,1,Y
BOM_TF-FCxxx-N00__677,TF-FCxxx-N00__677,500-5495-020,1,500-5495-020,1,Y
BOM_TF-FCxxx-N00__677,TF-FCxxx-N00__677,500-5495-025,1,500-5495-025,1,Y
BOM_TF-FCxxx-N00__677,TF-FCxxx-N00__677,500-5495-030,1,500-5495-030,1,Y
BOM_TF-FCxxx-N00__677,TF-FCxxx-N00__677,500-5615-001,1,500-5615-001,1,Y
BOM_TF-FCxxx-N00__677,TF-FCxxx-N00__677,500-5615-002,1,500-5615-002,1,Y
BOM_TF-FCxxx-N00__677,TF-FCxxx-N00__677,500-5615-003,1,500-5615-003,1,Y
BOM_TF-FCxxx-N00__677,TF-FCxxx-N00__677,500-5615-005,1,500-5615-005,1,Y
BOM_TF-FCxxx-N00__677,TF-FCxxx-N00__677,500-5615-007,1,500-5615-007,1,Y
BOM_TF-FCxxx-N00__677,TF-FCxxx-N00__677,500-5615-010,1,500-5615-010,1,Y
BOM_TF-FCxxx-N00__677,TF-FCxxx-N00__677,500-5615-015,1,500-5615-015,1,Y
BOM_TF-FCxxx-N00__677,TF-FCxxx-N00__677,500-5615-020,1,500-5615-020,1,Y
BOM_TF-FCxxx-N00__677,TF-FCxxx-N00__677,500-5615-025,1,500-5615-025,1,Y
BOM_TF-FCxxx-N00__677,TF-FCxxx-N00__677,500-5615-030,1,500-5615-030,1,Y
BOM_TF-FCxxx-N00__domestic_others,TF-FCxxx-N00__domestic_others,500-4961-001,1,500-4961-001,1,Y
BOM_TF-FCxxx-N00__domestic_others,TF-FCxxx-N00__domestic_others,500-4961-002,1,500-4961-002,1,Y
BOM_TF-FCxxx-N00__domestic_others,TF-FCxxx-N00__domestic_others,500-4961-003,1,500-4961-003,1,Y
BOM_TF-FCxxx-N00__domestic_others,TF-FCxxx-N00__domestic_others,500-4961-005,1,500-4961-005,1,Y
BOM_TF-FCxxx-N00__domestic_others,TF-FCxxx-N00__domestic_others,500-4961-007,1,500-4961-007,1,Y
BOM_TF-FCxxx-N00__domestic_others,TF-FCxxx-N00__domestic_others,500-4961-010,1,500-4961-010,1,Y
BOM_TF-FCxxx-N00__domestic_others,TF-FCxxx-N00__domestic_others,500-4961-015,1,500-4961-015,1,Y
BOM_TF-FCxxx-N00__domestic_others,TF-FCxxx-N00__domestic_others,500-4961-020,1,500-4961-020,1,Y
BOM_TF-FCxxx-N00__domestic_others,TF-FCxxx-N00__domestic_others,500-5216-003,1,500-5216-003,1,Y
BOM_TF-FCxxx-N00__domestic_others,TF-FCxxx-N00__domestic_others,500-5216-005,1,500-5216-005,1,Y
BOM_TF-FCxxx-N00__domestic_others,TF-FCxxx-N00__domestic_others,500-5216-007,1,500-5216-007,1,Y
BOM_TF-FCxxx-N00__domestic_others,TF-FCxxx-N00__domestic_others,500-5216-010,1,500-5216-010,1,Y
BOM_TF-FCxxx-N00__international_others,TF-FCxxx-N00__international_others,500-6357-003,1,500-6357-003,1,Y
BOM_TF-FCxxx-NAA__818,TF-FCxxx-NAA__818,500-4962-010,1,500-4962-010,1,Y
BOM_TF-FCxxx-NAA__818,TF-FCxxx-NAA__818,500-4962-020,1,500-4962-020,1,Y
BOM_TF-FCxxx-NAA__818,TF-FCxxx-NAA__818,500-4962-0P5,1,500-4962-0P5,1,Y
BOM_TF-FCxxx-NC4__677,TF-FCxxx-NC4__677,500-5391-001,1,500-5391-001,1,Y
BOM_TF-FCxxx-NC4__677,TF-FCxxx-NC4__677,500-5391-002,1,500-5391-002,1,Y
BOM_TF-FCxxx-NC4__677,TF-FCxxx-NC4__677,500-5391-003,1,500-5391-003,1,Y
BOM_TF-FCxxx-NC4__677,TF-FCxxx-NC4__677,500-5391-005,1,500-5391-005,1,Y
BOM_TF-FCxxx-NC4__677,TF-FCxxx-NC4__677,500-5391-007,1,500-5391-007,1,Y
BOM_TF-FCxxx-NC4__677,TF-FCxxx-NC4__677,500-5391-010,1,500-5391-010,1,Y
BOM_TF-FCxxx-NC4__677,TF-FCxxx-NC4__677,500-5391-015,1,500-5391-015,1,Y
BOM_TF-FCxxx-NC4__677,TF-FCxxx-NC4__677,500-5391-020,1,500-5391-020,1,Y
BOM_TF-FCxxx-NC4__677,TF-FCxxx-NC4__677,500-5391-025,1,500-5391-025,1,Y
BOM_TF-FCxxx-NC4__677,TF-FCxxx-NC4__677,500-5391-030,1,500-5391-030,1,Y
BOM_TF-FCxxx-NC4__677,TF-FCxxx-NC4__677,500-5614-001,1,500-5614-001,1,Y
BOM_TF-FCxxx-NC4__677,TF-FCxxx-NC4__677,500-5614-002,1,500-5614-002,1,Y
BOM_TF-FCxxx-NC4__677,TF-FCxxx-NC4__677,500-5614-003,1,500-5614-003,1,Y
BOM_TF-FCxxx-NC4__677,TF-FCxxx-NC4__677,500-5614-005,1,500-5614-005,1,Y
BOM_TF-FCxxx-NC4__677,TF-FCxxx-NC4__677,500-5614-007,1,500-5614-007,1,Y
BOM_TF-FCxxx-NC4__677,TF-FCxxx-NC4__677,500-5614-010,1,500-5614-010,1,Y
BOM_TF-FCxxx-NC4__677,TF-FCxxx-NC4__677,500-5614-015,1,500-5614-015,1,Y
BOM_TF-FCxxx-NC4__677,TF-FCxxx-NC4__677,500-5614-020,1,500-5614-020,1,Y
BOM_TF-FCxxx-NC4__677,TF-FCxxx-NC4__677,500-5614-025,1,500-5614-025,1,Y
BOM_TF-FCxxx-NC4__677,TF-FCxxx-NC4__677,500-5614-030,1,500-5614-030,1,Y
BOM_TF-FPQYxxx-M00__domestic_others,TF-FPQYxxx-M00__domestic_others,500-6249-003,1,500-6249-003,1,Y
BOM_TF-FPQYxxx-M00__domestic_others,TF-FPQYxxx-M00__domestic_others,500-6249-010,1,500-6249-010,1,Y
BOM_TF-FPQYxxx-M00__international_others,TF-FPQYxxx-M00__international_others,500-6282-005,1,500-6282-005,1,Y
BOM_TF-FPQYxxx-M00__international_others,TF-FPQYxxx-M00__international_others,500-6282-010,1,500-6282-010,1,Y
BOM_TF-FPQYxxx-M00__international_others,TF-FPQYxxx-M00__international_others,500-6382-010,1,500-6382-010,1,Y
BOM_TF-FPQYxxx-N00__domestic_others,TF-FPQYxxx-N00__domestic_others,500-6159-001,1,500-6159-001,1,Y
BOM_TF-FPQYxxx-N00__domestic_others,TF-FPQYxxx-N00__domestic_others,500-6159-003,1,500-6159-003,1,Y
BOM_TF-FPQYxxx-N00__domestic_others,TF-FPQYxxx-N00__domestic_others,500-6159-005,1,500-6159-005,1,Y
BOM_TF-FPQYxxx-N00__domestic_others,TF-FPQYxxx-N00__domestic_others,500-6159-007,1,500-6159-007,1,Y
BOM_TF-FPQYxxx-N00__domestic_others,TF-FPQYxxx-N00__domestic_others,500-6159-010,1,500-6159-010,1,Y
BOM_TF-FPQYxxx-N00__domestic_others,TF-FPQYxxx-N00__domestic_others,500-6159-015,1,500-6159-015,1,Y
BOM_TF-FPQYxxx-N00__domestic_others,TF-FPQYxxx-N00__domestic_others,500-6159-020,1,500-6159-020,1,Y
BOM_TF-FPQYxxx-N00__domestic_others,TF-FPQYxxx-N00__domestic_others,500-6159-025,1,500-6159-025,1,Y
BOM_TF-FPQYxxx-NJC__898,TF-FPQYxxx-NJC__898,500-5202-005,1,500-5202-005,1,Y
BOM_TF-FPQYxxx-NJC__898,TF-FPQYxxx-NJC__898,500-5202-010,1,500-5202-010,1,Y
BOM_TR-FC13H-H00__888,TR-FC13H-H00__888,500-4956,1,500-4956,1,Y
BOM_TR-FC13H-H00__888,TR-FC13H-H00__888,500-7041,1,500-7041,1,Y
BOM_TR-FC13H-HCI__677,TR-FC13H-HCI__677,500-5500,1,500-5500,1,Y
BOM_TR-FC13H-HCI__677,TR-FC13H-HCI__677,562-0099,1,562-0099,1,Y
BOM_TR-FC13H-HF3__678,TR-FC13H-HF3__678,500-4516,1,500-4516,1,Y
BOM_TR-FC13H-HF3__678,TR-FC13H-HF3__678,500-4987,1,500-4987,1,Y
BOM_TR-FC13H-HFB__678,TR-FC13H-HFB__678,500-3927-02,1,500-3927-02,1,Y
BOM_TR-FC13H-HFB__678,TR-FC13H-HFB__678,500-4037,1,500-4037,1,Y
BOM_TR-FC13P-H00__666,TR-FC13P-H00__666,500-3806,1,500-3806,1,Y
BOM_TR-FC13P-H00__666,TR-FC13P-H00__666,500-5096,1,500-5096,1,Y
BOM_TR-FC13P-H00__666,TR-FC13P-H00__666,500-6073,1,500-6073,1,Y
BOM_TR-FC13P-H00__666,TR-FC13P-H00__666,500-6137,1,500-6137,1,Y
BOM_TR-FC13T-H00__888,TR-FC13T-H00__888,500-4210,1,500-4210,1,Y
BOM_TR-FC13T-H00__888,TR-FC13T-H00__888,500-4211,1,500-4211,1,Y
BOM_TR-FC13T-N00__655,TR-FC13T-N00__655,500-4218-02,1,500-4218-02,1,Y
BOM_TR-FC13T-N00__655,TR-FC13T-N00__655,500-4219-02,1,500-4219-02,1,Y
BOM_TR-FC13T-N00__818,TR-FC13T-N00__818,500-3972-02,1,500-3972-02,1,Y
BOM_TR-FC13T-N00__818,TR-FC13T-N00__818,500-4023-02,1,500-4023-02,1,Y
BOM_TR-FC13T-N00__818,TR-FC13T-N00__818,500-4327,1,500-4327,1,Y
BOM_TR-FC13T-N00__818,TR-FC13T-N00__818,500-4957,1,500-4957,1,Y
BOM_TR-FC13T-N00__818,TR-FC13T-N00__818,500-6417,1,500-6417,1,Y
BOM_TR-FC13T-N00__833,TR-FC13T-N00__833,500-6200,1,500-6200,1,Y
BOM_TR-FC13T-N00__833,TR-FC13T-N00__833,500-6418,1,500-6418,1,Y
BOM_TR-FC13T-N00__855,TR-FC13T-N00__855,500-4190,1,500-4190,1,Y
BOM_TR-FC13T-N00__855,TR-FC13T-N00__855,500-6204,1,500-6204,1,Y
BOM_TR-FC13T-N00__855,TR-FC13T-N00__855,500-6420,1,500-6420,1,Y
BOM_TR-FC13T-N00__855,TR-FC13T-N00__855,500-6984,1,500-6984,1,Y
BOM_TR-FC13T-N00__888,TR-FC13T-N00__888,500-4212,1,500-4212,1,Y
BOM_TR-FC13T-N00__888,TR-FC13T-N00__888,500-4483,1,500-4483,1,Y
BOM_TR-FC13T-N00__888,TR-FC13T-N00__888,500-4703,1,500-4703,1,Y
BOM_TR-FC13T-N00__888,TR-FC13T-N00__888,500-4709,1,500-4709,1,Y
BOM_TR-FC13T-N00__888,TR-FC13T-N00__888,500-5101,1,500-5101,1,Y
BOM_TR-FC13T-N00__888,TR-FC13T-N00__888,500-5550,1,500-5550,1,Y
BOM_TR-FC13T-N00__888,TR-FC13T-N00__888,500-6285,1,500-6285,1,Y
BOM_TR-FC13T-N00__domestic_others,TR-FC13T-N00__domestic_others,500-3776-02,1,500-3776-02,1,Y
BOM_TR-FC13T-N00__domestic_others,TR-FC13T-N00__domestic_others,500-3776-02-RW,1,500-3776-02-RW,1,Y
BOM_TR-FC13T-N00__domestic_others,TR-FC13T-N00__domestic_others,500-3853-02,1,500-3853-02,1,Y
BOM_TR-FC13T-N00__domestic_others,TR-FC13T-N00__domestic_others,500-4292,1,500-4292,1,Y
BOM_TR-FC13T-N00__domestic_others,TR-FC13T-N00__domestic_others,500-4494,1,500-4494,1,Y
BOM_TR-FC13T-N00__domestic_others,TR-FC13T-N00__domestic_others,500-4587,1,500-4587,1,Y
BOM_TR-FC13T-N00__domestic_others,TR-FC13T-N00__domestic_others,500-4889,1,500-4889,1,Y
BOM_TR-FC13T-N00__domestic_others,TR-FC13T-N00__domestic_others,500-4912,1,500-4912,1,Y
BOM_TR-FC13T-N00__domestic_others,TR-FC13T-N00__domestic_others,500-5854,1,500-5854,1,Y
BOM_TR-FC13T-N00__domestic_others,TR-FC13T-N00__domestic_others,500-6240,1,500-6240,1,Y
BOM_TR-FC13T-N00__domestic_others,TR-FC13T-N00__domestic_others,500-6413,1,500-6413,1,Y
BOM_TR-FC13T-N00__domestic_others,TR-FC13T-N00__domestic_others,500-6415,1,500-6415,1,Y
BOM_TR-FC13T-N00__domestic_others,TR-FC13T-N00__domestic_others,500-6419,1,500-6419,1,Y
BOM_TR-FC13T-N00__international_others,TR-FC13T-N00__international_others,500-3776-02,1,500-3776-02,1,Y
BOM_TR-FC13T-N00__international_others,TR-FC13T-N00__international_others,500-3776-02-RW,1,500-3776-02-RW,1,Y
BOM_TR-FC13T-N00__international_others,TR-FC13T-N00__international_others,500-3853-02,1,500-3853-02,1,Y
BOM_TR-FC13T-N00__international_others,TR-FC13T-N00__international_others,500-4292,1,500-4292,1,Y
BOM_TR-FC13T-N00__international_others,TR-FC13T-N00__international_others,500-4888,1,500-4888,1,Y
BOM_TR-FC13T-N00-H3C__858,TR-FC13T-N00-H3C__858,500-3918,1,500-3918,1,Y
BOM_TR-FC13T-N00-H3C__858,TR-FC13T-N00-H3C__858,500-5773,1,500-5773,1,Y
BOM_TR-FC13T-N4T__858,TR-FC13T-N4T__858,500-6160,1,500-6160,1,Y
BOM_TR-FC13T-N4T__858,TR-FC13T-N4T__858,500-6266,1,500-6266,1,Y
BOM_TR-FC13T-N4T__888,TR-FC13T-N4T__888,500-4640,1,500-4640,1,Y
BOM_TR-FC13T-N4T__888,TR-FC13T-N4T__888,500-7072,1,500-7072,1,Y
BOM_TR-FC13T-N4T-H3C__858,TR-FC13T-N4T-H3C__858,500-4793,1,500-4793,1,Y
BOM_TR-FC13T-N4T-H3C__858,TR-FC13T-N4T-H3C__858,500-5057,1,500-5057,1,Y
BOM_TR-FC13T-N4T-NBK__domestic_others,TR-FC13T-N4T-NBK__domestic_others,500-4835,1,500-4835,1,Y
BOM_TR-FC13T-N4X__858,TR-FC13T-N4X__858,500-6161,1,500-6161,1,Y
BOM_TR-FC13T-N4X__858,TR-FC13T-N4X__858,500-6267,1,500-6267,1,Y
BOM_TR-FC13T-N4X__888,TR-FC13T-N4X__888,500-4639,1,500-4639,1,Y
BOM_TR-FC13T-N4X__888,TR-FC13T-N4X__888,500-4752,1,500-4752,1,Y
BOM_TR-FC13T-N4X__888,TR-FC13T-N4X__888,500-5160,1,500-5160,1,Y
BOM_TR-FC13T-N4X__888,TR-FC13T-N4X__888,500-7073,1,500-7073,1,Y
BOM_TR-FC13T-N4X-H3C__858,TR-FC13T-N4X-H3C__858,500-4791,1,500-4791,1,Y
BOM_TR-FC13T-N4X-H3C__858,TR-FC13T-N4X-H3C__858,500-5056,1,500-5056,1,Y
BOM_TR-FC13T-NAM__688,TR-FC13T-NAM__688,500-4294-02,1,500-4294-02,1,Y
BOM_TR-FC13T-NAM__688,TR-FC13T-NAM__688,500-4295-02,1,500-4295-02,1,Y
BOM_TR-FC13T-NAM__688,TR-FC13T-NAM__688,500-4296-02,1,500-4296-02,1,Y
BOM_TR-FC13T-NAM__688,TR-FC13T-NAM__688,500-4297-02,1,500-4297-02,1,Y
BOM_TR-FC13T-NAM__688,TR-FC13T-NAM__688,500-4609,1,500-4609,1,Y
BOM_TR-FC13T-NAM__688,TR-FC13T-NAM__688,500-4610,1,500-4610,1,Y
BOM_TR-FC13T-NAZ__688,TR-FC13T-NAZ__688,500-3953-02,1,500-3953-02,1,Y
BOM_TR-FC13T-NAZ__688,TR-FC13T-NAZ__688,500-3953-06,1,500-3953-06,1,Y
BOM_TR-FC13T-NAZ__688,TR-FC13T-NAZ__688,500-3954-02,1,500-3954-02,1,Y
BOM_TR-FC13T-NAZ__688,TR-FC13T-NAZ__688,500-3954-06,1,500-3954-06,1,Y
BOM_TR-FC13T-NAZ__688,TR-FC13T-NAZ__688,500-4607,1,500-4607,1,Y
BOM_TR-FC13T-NAZ__688,TR-FC13T-NAZ__688,500-4608,1,500-4608,1,Y
BOM_TR-FC13T-NBK__domestic_others,TR-FC13T-NBK__domestic_others,500-3987-02,1,500-3987-02,1,Y
BOM_TR-FC13T-NBK__domestic_others,TR-FC13T-NBK__domestic_others,500-4293,1,500-4293,1,Y
BOM_TR-FC13T-NBK__domestic_others,TR-FC13T-NBK__domestic_others,500-4393-02,1,500-4393-02,1,Y
BOM_TR-FC13T-NBK__domestic_others,TR-FC13T-NBK__domestic_others,500-6209,1,500-6209,1,Y
BOM_TR-FC13T-NBK__domestic_others,TR-FC13T-NBK__domestic_others,500-6212,1,500-6212,1,Y
BOM_TR-FC13T-NBK__domestic_others,TR-FC13T-NBK__domestic_others,500-6277,1,500-6277,1,Y
BOM_TR-FC13T-NBK__domestic_others,TR-FC13T-NBK__domestic_others,500-6278,1,500-6278,1,Y
BOM_TR-FC13T-NCI__677,TR-FC13T-NCI__677,500-5499,1,500-5499,1,Y
BOM_TR-FC13T-NCI__677,TR-FC13T-NCI__677,503-0084-ID,1,503-0084-ID,1,Y
BOM_TR-FC13T-NCI__677,TR-FC13T-NCI__677,562-0100,1,562-0100,1,Y
BOM_TR-FC13T-NGL__666,TR-FC13T-NGL__666,500-5281,1,500-5281,1,Y
BOM_TR-FC13T-NGL__666,TR-FC13T-NGL__666,500-5282,1,500-5282,1,Y
BOM_TR-FC13T-NJ3__633,TR-FC13T-NJ3__633,500-4325,1,500-4325,1,Y
BOM_TR-FC13T-NTC__898,TR-FC13T-NTC__898,500-4164-02,1,500-4164-02,1,Y
BOM_TR-FC13T-NTC__898,TR-FC13T-NTC__898,500-5054,1,500-5054,1,Y
BOM_TR-FC13T-NTC__898,TR-FC13T-NTC__898,500-5595,1,500-5595,1,Y
BOM_TR-FC13T-NTD__898,TR-FC13T-NTD__898,500-5387,1,500-5387,1,Y
BOM_TR-FC13T-NTD__898,TR-FC13T-NTD__898,500-5596,1,500-5596,1,Y
BOM_TR-FC13T-NW1__688,TR-FC13T-NW1__688,500-5008,1,500-5008,1,Y
BOM_TR-FC13T-NW1__688,TR-FC13T-NW1__688,500-5009,1,500-5009,1,Y
BOM_TR-FC13T-NWB__688,TR-FC13T-NWB__688,500-5679,1,500-5679,1,Y
BOM_TR-FC13T-NWB__688,TR-FC13T-NWB__688,500-5785,1,500-5785,1,Y
BOM_TR-FC13T-NWD__688,TR-FC13T-NWD__688,500-5680,1,500-5680,1,Y
BOM_TR-FC13T-THP__858,TR-FC13T-THP__858,500-4794,1,500-4794,1,Y
BOM_TR-FC13T-THP__858,TR-FC13T-THP__858,500-5059,1,500-5059,1,Y
BOM_TR-FC13T-XHP__858,TR-FC13T-XHP__858,500-4792,1,500-4792,1,Y
BOM_TR-FC13T-XHP__858,TR-FC13T-XHP__858,500-5060,1,500-5060,1,Y
BOM_TR-FC85G-NCI__677,TR-FC85G-NCI__677,500-5703,1,500-5703,1,Y
BOM_TR-FC85S-N00__818,TR-FC85S-N00__818,500-4955,1,500-4955,1,Y
BOM_TR-FC85S-N00__833,TR-FC85S-N00__833,500-5586,1,500-5586,1,Y
BOM_TR-FC85S-N00__855,TR-FC85S-N00__855,500-5851,1,500-5851,1,Y
BOM_TR-FC85S-N00__855,TR-FC85S-N00__855,500-5988,1,500-5988,1,Y
BOM_TR-FC85S-N00__858,TR-FC85S-N00__858,500-5990,1,500-5990,1,Y
BOM_TR-FC85S-N00__858,TR-FC85S-N00__858,500-6681,1,500-6681,1,Y
BOM_TR-FC85S-N00__888,TR-FC85S-N00__888,500-5987,1,500-5987,1,Y
BOM_TR-FC85S-N00__domestic_others,TR-FC85S-N00__domestic_others,500-4910,1,500-4910,1,Y
BOM_TR-FC85S-N00__domestic_others,TR-FC85S-N00__domestic_others,500-4925,1,500-4925,1,Y
BOM_TR-FC85S-N00__domestic_others,TR-FC85S-N00__domestic_others,500-5359,1,500-5359,1,Y
BOM_TR-FC85S-N00__domestic_others,TR-FC85S-N00__domestic_others,500-5634,1,500-5634,1,Y
BOM_TR-FC85S-N00__domestic_others,TR-FC85S-N00__domestic_others,500-5850,1,500-5850,1,Y
BOM_TR-FC85S-N00__domestic_others,TR-FC85S-N00__domestic_others,500-6059,1,500-6059,1,Y
BOM_TR-FC85S-N00__domestic_others,TR-FC85S-N00__domestic_others,500-6201,1,500-6201,1,Y
BOM_TR-FC85S-N00__domestic_others,TR-FC85S-N00__domestic_others,500-6207,1,500-6207,1,Y
BOM_TR-FC85S-N00__domestic_others,TR-FC85S-N00__domestic_others,500-6253,1,500-6253,1,Y
BOM_TR-FC85S-N00__domestic_others,TR-FC85S-N00__domestic_others,500-6512,1,500-6512,1,Y
BOM_TR-FC85S-N00__international_others,TR-FC85S-N00__international_others,500-5601,1,500-5601,1,Y
BOM_TR-FC85S-N00__international_others,TR-FC85S-N00__international_others,500-6650,1,500-6650,1,Y
BOM_TR-FC85S-N00__international_others,TR-FC85S-N00__international_others,500-6672,1,500-6672,1,Y
BOM_TR-FC85S-N00-H3C__858,TR-FC85S-N00-H3C__858,500-5384,1,500-5384,1,Y
BOM_TR-FC85S-NB2__677,TR-FC85S-NB2__677,500-5818,1,500-5818,1,Y
BOM_TR-FC85S-NB2__677,TR-FC85S-NB2__677,500-6099,1,500-6099,1,Y
BOM_TR-FC85S-NBK__domestic_others,TR-FC85S-NBK__domestic_others,500-6465,1,500-6465,1,Y
BOM_TR-FC85S-NC3__677,TR-FC85S-NC3__677,500-5392,1,500-5392,1,Y
BOM_TR-FC85S-NC3__677,TR-FC85S-NC3__677,500-5481,1,500-5481,1,Y
BOM_TR-FC85S-NCE__international_others,TR-FC85S-NCE__international_others,500-5958,1,500-5958,1,Y
BOM_TR-FC85S-NHP__858,TR-FC85S-NHP__858,500-5989,1,500-5989,1,Y
BOM_TR-FC85S-NPT__international_others,TR-FC85S-NPT__international_others,500-6496,1,500-6496,1,Y
BOM_TR-FC85S-NTC__898,TR-FC85S-NTC__898,500-5594,1,500-5594,1,Y
BOM_TR-FC85S-NZT__828,TR-FC85S-NZT__828,500-5522,1,500-5522,1,Y
BOM_TR-FC85S-NZT__828,TR-FC85S-NZT__828,500-6336,1,500-6336,1,Y
BOM_TR-FD13T-N00__domestic_others,TR-FD13T-N00__domestic_others,500-4074-02,1,500-4074-02,1,Y
BOM_TR-FD13T-N00__domestic_others,TR-FD13T-N00__domestic_others,500-4342,1,500-4342,1,Y
BOM_TR-FD13T-N00__international_others,TR-FD13T-N00__international_others,500-4074-02,1,500-4074-02,1,Y
BOM_TR-FD13T-N00__international_others,TR-FD13T-N00__international_others,500-4342,1,500-4342,1,Y
BOM_TR-FD13T-NAR__655,TR-FD13T-NAR__655,500-4623,1,500-4623,1,Y
BOM_TR-FD13T-NAR__655,TR-FD13T-NAR__655,500-4624,1,500-4624,1,Y
BOM_TR-QQ13L-N00__domestic_others,TR-QQ13L-N00__domestic_others,500-4028-02,1,500-4028-02,1,Y
BOM_TR-QQ13L-N00__domestic_others,TR-QQ13L-N00__domestic_others,500-4562,1,500-4562,1,Y
BOM_TR-QQ13L-N00__domestic_others,TR-QQ13L-N00__domestic_others,500-4692,1,500-4692,1,Y
BOM_TR-QQ13L-N00__domestic_others,TR-QQ13L-N00__domestic_others,500-4779,1,500-4779,1,Y
BOM_TR-QQ13L-N00__international_others,TR-QQ13L-N00__international_others,500-4028-02,1,500-4028-02,1,Y
BOM_TR-QQ13L-N00__international_others,TR-QQ13L-N00__international_others,500-4562,1,500-4562,1,Y
BOM_TR-QQ13L-N00__international_others,TR-QQ13L-N00__international_others,500-4692,1,500-4692,1,Y
BOM_TR-QQ13L-NBK__domestic_others,TR-QQ13L-NBK__domestic_others,500-4561,1,500-4561,1,Y
BOM_TR-QQ13L-NGM__international_others,TR-QQ13L-NGM__international_others,500-5196,1,500-5196,1,Y
BOM_TR-QQ13L-NGM__international_others,TR-QQ13L-NGM__international_others,500-5197,1,500-5197,1,Y
BOM_TR-QQ13L-NI2__international_others,TR-QQ13L-NI2__international_others,500-5602,1,500-5602,1,Y
BOM_TR-QQ13L-NI2__international_others,TR-QQ13L-NI2__international_others,500-5604,1,500-5604,1,Y
BOM_TR-QQ13L-NJC__633,TR-QQ13L-NJC__633,500-4067-02,1,500-4067-02,1,Y
BOM_TR-QQ13L-NJC__633,TR-QQ13L-NJC__633,500-6570,1,500-6570,1,Y
BOM_TR-QQ13Y-N00__858,TR-QQ13Y-N00__858,500-6448,1,500-6448,1,Y
BOM_TR-QQ13Y-N00__858,TR-QQ13Y-N00__858,500-6803,1,500-6803,1,Y
BOM_TR-QQ13Y-N00__888,TR-QQ13Y-N00__888,500-5800,1,500-5800,1,Y
BOM_TR-QQ13Y-N00__888,TR-QQ13Y-N00__888,500-6028,1,500-6028,1,Y
BOM_TR-QQ85S-N00__domestic_others,TR-QQ85S-N00__domestic_others,500-5275,1,500-5275,1,Y
BOM_TR-QQ85S-N00__international_others,TR-QQ85S-N00__international_others,500-6095,1,500-6095,1,Y
BOM_TR-QQ85S-NBK__domestic_others,TR-QQ85S-NBK__domestic_others,500-6393,1,500-6393,1,Y
BOM_TR-QQ85X-N00__domestic_others,TR-QQ85X-N00__domestic_others,500-5274,1,500-5274,1,Y
BOM_TR-QQ85X-NPT__international_others,TR-QQ85X-NPT__international_others,500-5329,1,500-5329,1,Y
BOM_VirtualProduct_223-0011_A1_282-0040_SUB_PCBA,VirtualProduct_223-0011_A1,282-0040,1,282-0040,1,Y
BOM_VirtualProduct_223-0012_A1_280-0848_SUB_PCBA,VirtualProduct_223-0012_A1,280-0848,1,280-0848,1,Y
BOM_VirtualProduct_260-0141-01_A1_223-0011,VirtualProduct_260-0141-01_A1,223-0011,1,223-0011,1,Y
BOM_VirtualProduct_260-0141-01_A1_280-1133,VirtualProduct_260-0141-01_A1,280-1133,1,280-1133,1,Y
BOM_VirtualProduct_260-0141-01_C1_223-0012,VirtualProduct_260-0141-01_C1,223-0012,1,223-0012,1,Y
BOM_VirtualProduct_260-0141-01_C1_280-1020,VirtualProduct_260-0141-01_C1,280-1020,1,280-1020,1,Y
BOM_VirtualProduct_260-0141-02_A1_223-0012,VirtualProduct_260-0141-02_A1,223-0012,1,223-0012,1,Y
BOM_VirtualProduct_260-0141-02_A1_280-1020,VirtualProduct_260-0141-02_A1,280-1020,1,280-1020,1,Y
BOM_VirtualProduct_260-0141-02_B1_280-1160-02,VirtualProduct_260-0141-02_B1,280-1160-02,1,280-1160-02,1,Y
BOM_VirtualProduct_260-0141-02_B1_280-1663,VirtualProduct_260-0141-02_B1,280-1663,1,280-1663,1,Y
BOM_VirtualProduct_260-0141-02_C1_223-0011,VirtualProduct_260-0141-02_C1,223-0011,1,223-0011,1,Y
BOM_VirtualProduct_260-0141-02_C1_280-1133,VirtualProduct_260-0141-02_C1,280-1133,1,280-1133,1,Y
BOM_VirtualProduct_260-0141-02-R_A1_280-1020,VirtualProduct_260-0141-02-R_A1,280-1020,1,280-1020,1,Y
BOM_VirtualProduct_260-0141-02-R_A1_280-1020-R,VirtualProduct_260-0141-02-R_A1,280-1020-R,1,280-1020-R,1,Y
BOM_VirtualProduct_260-0141-02-R_A4_280-0791,VirtualProduct_260-0141-02-R_A4,280-0791,1,280-0791,1,Y
BOM_VirtualProduct_260-0141-02-R_B1_280-1160-02-R,VirtualProduct_260-0141-02-R_B1,280-1160-02-R,1,280-1160-02-R,1,Y
BOM_VirtualProduct_260-0141-02-R_B1_280-1663-R,VirtualProduct_260-0141-02-R_B1,280-1663-R,1,280-1663-R,1,Y
BOM_VirtualProduct_260-0141-03_A1_280-1160-03,VirtualProduct_260-0141-03_A1,280-1160-03,1,280-1160-03,1,Y
BOM_VirtualProduct_260-0141-03_A1_280-1802,VirtualProduct_260-0141-03_A1,280-1802,1,280-1802,1,Y
BOM_VirtualProduct_260-0141-03_B1_223-0011,VirtualProduct_260-0141-03_B1,223-0011,1,223-0011,1,Y
BOM_VirtualProduct_260-0141-03_B1_280-1133,VirtualProduct_260-0141-03_B1,280-1133,1,280-1133,1,Y
BOM_VirtualProduct_260-0141-03_C1_223-0012,VirtualProduct_260-0141-03_C1,223-0012,1,223-0012,1,Y
BOM_VirtualProduct_260-0141-03_C1_280-1020,VirtualProduct_260-0141-03_C1,280-1020,1,280-1020,1,Y
BOM_VirtualProduct_260-0141-04_A1_280-1160-04,VirtualProduct_260-0141-04_A1,280-1160-04,1,280-1160-04,1,Y
BOM_VirtualProduct_260-0141-04_A1_280-1803,VirtualProduct_260-0141-04_A1,280-1803,1,280-1803,1,Y
BOM_VirtualProduct_260-0141-04_B1_223-0011,VirtualProduct_260-0141-04_B1,223-0011,1,223-0011,1,Y
BOM_VirtualProduct_260-0141-04_B1_280-1133,VirtualProduct_260-0141-04_B1,280-1133,1,280-1133,1,Y
BOM_VirtualProduct_260-0141-04_C1_223-0012,VirtualProduct_260-0141-04_C1,223-0012,1,223-0012,1,Y
BOM_VirtualProduct_260-0141-04_C1_280-1020,VirtualProduct_260-0141-04_C1,280-1020,1,280-1020,1,Y
BOM_VirtualProduct_260-0149_A1_280-1158,VirtualProduct_260-0149_A1,280-1158,1,280-1158,1,Y
BOM_VirtualProduct_260-0152-01_B1_223-0011,VirtualProduct_260-0152-01_B1,223-0011,1,223-0011,1,Y
BOM_VirtualProduct_260-0152-01_B1_280-1133,VirtualProduct_260-0152-01_B1,280-1133,1,280-1133,1,Y
BOM_VirtualProduct_260-0152-01_C1_223-0012,VirtualProduct_260-0152-01_C1,223-0012,1,223-0012,1,Y
BOM_VirtualProduct_260-0152-01_C1_280-1020,VirtualProduct_260-0152-01_C1,280-1020,1,280-1020,1,Y
BOM_VirtualProduct_260-0152-02_A1_280-1192-02,VirtualProduct_260-0152-02_A1,280-1192-02,1,280-1192-02,1,Y
BOM_VirtualProduct_260-0152-02_A1_280-1811,VirtualProduct_260-0152-02_A1,280-1811,1,280-1811,1,Y
BOM_VirtualProduct_260-0152-02_B1_223-0011,VirtualProduct_260-0152-02_B1,223-0011,1,223-0011,1,Y
BOM_VirtualProduct_260-0152-02_B1_280-1133,VirtualProduct_260-0152-02_B1,280-1133,1,280-1133,1,Y
BOM_VirtualProduct_260-0152-02_C1_223-0012,VirtualProduct_260-0152-02_C1,223-0012,1,223-0012,1,Y
BOM_VirtualProduct_260-0152-02_C1_280-1020,VirtualProduct_260-0152-02_C1,280-1020,1,280-1020,1,Y
BOM_VirtualProduct_260-0152-03_A1_223-0011,VirtualProduct_260-0152-03_A1,223-0011,1,223-0011,1,Y
BOM_VirtualProduct_260-0152-03_A1_280-1133,VirtualProduct_260-0152-03_A1,280-1133,1,280-1133,1,Y
BOM_VirtualProduct_260-0152-03_B1_280-1192-03,VirtualProduct_260-0152-03_B1,280-1192-03,1,280-1192-03,1,Y
BOM_VirtualProduct_260-0152-03_B1_280-1814,VirtualProduct_260-0152-03_B1,280-1814,1,280-1814,1,Y
BOM_VirtualProduct_260-0152-03_C1_223-0012,VirtualProduct_260-0152-03_C1,223-0012,1,223-0012,1,Y
BOM_VirtualProduct_260-0152-03_C1_280-1020,VirtualProduct_260-0152-03_C1,280-1020,1,280-1020,1,Y
BOM_VirtualProduct_260-0156_B1_223-0011,VirtualProduct_260-0156_B1,223-0011,1,223-0011,1,Y
BOM_VirtualProduct_260-0156_B1_280-1133,VirtualProduct_260-0156_B1,280-1133,1,280-1133,1,Y
BOM_VirtualProduct_260-0156_C1_223-0012,VirtualProduct_260-0156_C1,223-0012,1,223-0012,1,Y
BOM_VirtualProduct_260-0156_C1_280-1020,VirtualProduct_260-0156_C1,280-1020,1,280-1020,1,Y
BOM_VirtualProduct_260-0164-01_A1_287-0003,VirtualProduct_260-0164-01_A1,287-0003,1,287-0003,1,Y
BOM_VirtualProduct_260-0174-02_A1_280-1229-02,VirtualProduct_260-0174-02_A1,280-1229-02,1,280-1229-02,1,Y
BOM_VirtualProduct_260-0174-02_A1_280-1805,VirtualProduct_260-0174-02_A1,280-1805,1,280-1805,1,Y
BOM_VirtualProduct_260-0174-02_B1_223-0011,VirtualProduct_260-0174-02_B1,223-0011,1,223-0011,1,Y
BOM_VirtualProduct_260-0174-02_B1_280-1133,VirtualProduct_260-0174-02_B1,280-1133,1,280-1133,1,Y
BOM_VirtualProduct_260-0174-02_C1_223-0012,VirtualProduct_260-0174-02_C1,223-0012,1,223-0012,1,Y
BOM_VirtualProduct_260-0174-02_C1_280-1020,VirtualProduct_260-0174-02_C1,280-1020,1,280-1020,1,Y
BOM_VirtualProduct_260-0176_B1_223-0011,VirtualProduct_260-0176_B1,223-0011,1,223-0011,1,Y
BOM_VirtualProduct_260-0176_B1_280-1133,VirtualProduct_260-0176_B1,280-1133,1,280-1133,1,Y
BOM_VirtualProduct_260-0176_C1_223-0012,VirtualProduct_260-0176_C1,223-0012,1,223-0012,1,Y
BOM_VirtualProduct_260-0176_C1_280-1020,VirtualProduct_260-0176_C1,280-1020,1,280-1020,1,Y
BOM_VirtualProduct_260-0198_A1_223-0011,VirtualProduct_260-0198_A1,223-0011,1,223-0011,1,Y
BOM_VirtualProduct_260-0198_A1_280-1133,VirtualProduct_260-0198_A1,280-1133,1,280-1133,1,Y
BOM_VirtualProduct_260-0198_B1_280-1313,VirtualProduct_260-0198_B1,280-1313,1,280-1313,1,Y
BOM_VirtualProduct_260-0198_B1_280-1816,VirtualProduct_260-0198_B1,280-1816,1,280-1816,1,Y
BOM_VirtualProduct_260-0198_C1_223-0012,VirtualProduct_260-0198_C1,223-0012,1,223-0012,1,Y
BOM_VirtualProduct_260-0198_C1_280-1020,VirtualProduct_260-0198_C1,280-1020,1,280-1020,1,Y
BOM_VirtualProduct_260-0199_A1_280-1314,VirtualProduct_260-0199_A1,280-1314,1,280-1314,1,Y
BOM_VirtualProduct_260-0199_A1_280-1806,VirtualProduct_260-0199_A1,280-1806,1,280-1806,1,Y
BOM_VirtualProduct_260-0199_B1_223-0011,VirtualProduct_260-0199_B1,223-0011,1,223-0011,1,Y
BOM_VirtualProduct_260-0199_B1_280-1133,VirtualProduct_260-0199_B1,280-1133,1,280-1133,1,Y
BOM_VirtualProduct_260-0199_C1_223-0012,VirtualProduct_260-0199_C1,223-0012,1,223-0012,1,Y
BOM_VirtualProduct_260-0199_C1_280-1020,VirtualProduct_260-0199_C1,280-1020,1,280-1020,1,Y
BOM_VirtualProduct_260-0199-R_A1_280-1314-R,VirtualProduct_260-0199-R_A1,280-1314-R,1,280-1314-R,1,Y
BOM_VirtualProduct_260-0199-R_A1_280-1806-R,VirtualProduct_260-0199-R_A1,280-1806-R,1,280-1806-R,1,Y
BOM_VirtualProduct_260-0199-R_A4_280-0791,VirtualProduct_260-0199-R_A4,280-0791,1,280-0791,1,Y
BOM_VirtualProduct_260-0199-R_A5_280-1020,VirtualProduct_260-0199-R_A5,280-1020,1,280-1020,1,Y
BOM_VirtualProduct_260-0199-R_A5_280-1020-R,VirtualProduct_260-0199-R_A5,280-1020-R,1,280-1020-R,1,Y
BOM_VirtualProduct_260-0209_A1_280-1336,VirtualProduct_260-0209_A1,280-1336,1,280-1336,1,Y
BOM_VirtualProduct_260-0209_A1_280-1826,VirtualProduct_260-0209_A1,280-1826,1,280-1826,1,Y
BOM_VirtualProduct_260-0233_A1_280-1404,VirtualProduct_260-0233_A1,280-1404,1,280-1404,1,Y
BOM_VirtualProduct_260-0233_A1_280-1817,VirtualProduct_260-0233_A1,280-1817,1,280-1817,1,Y
BOM_VirtualProduct_260-0233_B1_223-0011,VirtualProduct_260-0233_B1,223-0011,1,223-0011,1,Y
BOM_VirtualProduct_260-0233_B1_280-1133,VirtualProduct_260-0233_B1,280-1133,1,280-1133,1,Y
BOM_VirtualProduct_260-0233_C1_223-0012,VirtualProduct_260-0233_C1,223-0012,1,223-0012,1,Y
BOM_VirtualProduct_260-0233_C1_280-1020,VirtualProduct_260-0233_C1,280-1020,1,280-1020,1,Y
BOM_VirtualProduct_260-0247_A1_280-1456,VirtualProduct_260-0247_A1,280-1456,1,280-1456,1,Y
BOM_VirtualProduct_260-0247_A1_280-1822,VirtualProduct_260-0247_A1,280-1822,1,280-1822,1,Y
BOM_VirtualProduct_260-0247_C1_287-0003,VirtualProduct_260-0247_C1,287-0003,1,287-0003,1,Y
BOM_VirtualProduct_260-0250_A1_280-1391,VirtualProduct_260-0250_A1,280-1391,1,280-1391,1,Y
BOM_VirtualProduct_260-0250_A1_280-2019-CD,VirtualProduct_260-0250_A1,280-2019-CD,1,280-2019-CD,1,Y
BOM_VirtualProduct_260-0261_A1_280-1481,VirtualProduct_260-0261_A1,280-1481,1,280-1481,1,Y
BOM_VirtualProduct_260-0261_A1_280-1807,VirtualProduct_260-0261_A1,280-1807,1,280-1807,1,Y
BOM_VirtualProduct_260-0261_B1_223-0011,VirtualProduct_260-0261_B1,223-0011,1,223-0011,1,Y
BOM_VirtualProduct_260-0261_B1_280-1133,VirtualProduct_260-0261_B1,280-1133,1,280-1133,1,Y
BOM_VirtualProduct_260-0261_C1_223-0012,VirtualProduct_260-0261_C1,223-0012,1,223-0012,1,Y
BOM_VirtualProduct_260-0261_C1_280-1020,VirtualProduct_260-0261_C1,280-1020,1,280-1020,1,Y
BOM_VirtualProduct_260-0267_B1_223-0011,VirtualProduct_260-0267_B1,223-0011,1,223-0011,1,Y
BOM_VirtualProduct_260-0267_B1_280-1133,VirtualProduct_260-0267_B1,280-1133,1,280-1133,1,Y
BOM_VirtualProduct_260-0267_C1_223-0012,VirtualProduct_260-0267_C1,223-0012,1,223-0012,1,Y
BOM_VirtualProduct_260-0267_C1_280-1020,VirtualProduct_260-0267_C1,280-1020,1,280-1020,1,Y
BOM_VirtualProduct_260-0274_A1_280-1524,VirtualProduct_260-0274_A1,280-1524,1,280-1524,1,Y
BOM_VirtualProduct_260-0298_A1_280-1575,VirtualProduct_260-0298_A1,280-1575,1,280-1575,1,Y
BOM_VirtualProduct_260-0306_A1_280-1391,VirtualProduct_260-0306_A1,280-1391,1,280-1391,1,Y
BOM_VirtualProduct_260-0306_A1_280-2019-CD,VirtualProduct_260-0306_A1,280-2019-CD,1,280-2019-CD,1,Y
BOM_VirtualProduct_260-0325_A1_280-1391,VirtualProduct_260-0325_A1,280-1391,1,280-1391,1,Y
BOM_VirtualProduct_260-0325_A1_280-2019-CD,VirtualProduct_260-0325_A1,280-2019-CD,1,280-2019-CD,1,Y
BOM_VirtualProduct_260-0385_T2_280-0511-06,VirtualProduct_260-0385_T2,280-0511-06,1,280-0511-06,1,Y
BOM_VirtualProduct_260-0385_T3_280-1391,VirtualProduct_260-0385_T3,280-1391,1,280-1391,1,Y
BOM_VirtualProduct_260-0385_T3_280-2019-CD,VirtualProduct_260-0385_T3,280-2019-CD,1,280-2019-CD,1,Y
BOM_VirtualProduct_260-0417_A1_280-1391,VirtualProduct_260-0417_A1,280-1391,1,280-1391,1,Y
BOM_VirtualProduct_260-0417_A1_280-2019-CD,VirtualProduct_260-0417_A1,280-2019-CD,1,280-2019-CD,1,Y
BOM_VirtualProduct_260-0555_A1_280-1391,VirtualProduct_260-0555_A1,280-1391,1,280-1391,1,Y
BOM_VirtualProduct_260-0555_A1_280-2019-CD,VirtualProduct_260-0555_A1,280-2019-CD,1,280-2019-CD,1,Y
BOM_VirtualProduct_262-0004_A1_504-1718,VirtualProduct_262-0004_A1,504-1718,1,504-1718,1,Y
BOM_VirtualProduct_262-0004_A1_504-1878,VirtualProduct_262-0004_A1,504-1878,1,504-1878,1,Y
BOM_VirtualProduct_262-0005_A1_504-1718,VirtualProduct_262-0005_A1,504-1718,1,504-1718,1,Y
BOM_VirtualProduct_262-0005_A1_504-1878,VirtualProduct_262-0005_A1,504-1878,1,504-1878,1,Y
BOM_VirtualProduct_262-0026_A1_504-1718,VirtualProduct_262-0026_A1,504-1718,1,504-1718,1,Y
BOM_VirtualProduct_262-0026_A1_504-1878,VirtualProduct_262-0026_A1,504-1878,1,504-1878,1,Y
BOM_VirtualProduct_262-0026_B1_280-1018,VirtualProduct_262-0026_B1,280-1018,1,280-1018,1,Y
BOM_VirtualProduct_262-0058-CD_A1_504-1718,VirtualProduct_262-0058-CD_A1,504-1718,1,504-1718,1,Y
BOM_VirtualProduct_262-0058-CD_A1_504-1878,VirtualProduct_262-0058-CD_A1,504-1878,1,504-1878,1,Y
BOM_VirtualProduct_262-0101-CD_A1_504-1718,VirtualProduct_262-0101-CD_A1,504-1718,1,504-1718,1,Y
BOM_VirtualProduct_262-0101-CD_A1_504-1878,VirtualProduct_262-0101-CD_A1,504-1878,1,504-1878,1,Y
BOM_VirtualProduct_262-0127-CD_A1_504-1718,VirtualProduct_262-0127-CD_A1,504-1718,1,504-1718,1,Y
BOM_VirtualProduct_262-0127-CD_A1_504-1878,VirtualProduct_262-0127-CD_A1,504-1878,1,504-1878,1,Y
BOM_VirtualProduct_262-0128-CD_A1_504-1718,VirtualProduct_262-0128-CD_A1,504-1718,1,504-1718,1,Y
BOM_VirtualProduct_262-0128-CD_A1_504-1878,VirtualProduct_262-0128-CD_A1,504-1878,1,504-1878,1,Y
BOM_VirtualProduct_262-0137-CD_A1_504-1718,VirtualProduct_262-0137-CD_A1,504-1718,1,504-1718,1,Y
BOM_VirtualProduct_262-0137-CD_A1_504-1878,VirtualProduct_262-0137-CD_A1,504-1878,1,504-1878,1,Y
BOM_VirtualProduct_262-0197-CD_A1_504-1718,VirtualProduct_262-0197-CD_A1,504-1718,1,504-1718,1,Y
BOM_VirtualProduct_262-0197-CD_A1_504-1878,VirtualProduct_262-0197-CD_A1,504-1878,1,504-1878,1,Y
BOM_VirtualProduct_280-0926_A1_140-0547,VirtualProduct_280-0926_A1,140-0547,1,140-0547,1,Y
BOM_VirtualProduct_280-0926-02_A1_140-0547,VirtualProduct_280-0926-02_A1,140-0547,1,140-0547,1,Y
BOM_VirtualProduct_280-0927_A1_280-0425,VirtualProduct_280-0927_A1,280-0425,1,280-0425,1,Y
BOM_VirtualProduct_280-0927_A2_280-0926,VirtualProduct_280-0927_A2,280-0926,1,280-0926,1,Y
BOM_VirtualProduct_280-0927_A2_280-0926-02,VirtualProduct_280-0927_A2,280-0926-02,1,280-0926-02,1,Y
BOM_VirtualProduct_280-0927_A2_280-1189,VirtualProduct_280-0927_A2,280-1189,1,280-1189,1,Y
BOM_VirtualProduct_280-0927_A2_280-1189-02,VirtualProduct_280-0927_A2,280-1189-02,1,280-1189-02,1,Y
BOM_VirtualProduct_280-1020_A1_280-0848,VirtualProduct_280-1020_A1,280-0848,1,280-0848,1,Y
BOM_VirtualProduct_280-1041_A1_280-0425,VirtualProduct_280-1041_A1,280-0425,1,280-0425,1,Y
BOM_VirtualProduct_280-1041_A2_280-0926,VirtualProduct_280-1041_A2,280-0926,1,280-0926,1,Y
BOM_VirtualProduct_280-1041_A2_280-0926-02,VirtualProduct_280-1041_A2,280-0926-02,1,280-0926-02,1,Y
BOM_VirtualProduct_280-1041_A2_280-1189,VirtualProduct_280-1041_A2,280-1189,1,280-1189,1,Y
BOM_VirtualProduct_280-1041_A2_280-1189-02,VirtualProduct_280-1041_A2,280-1189-02,1,280-1189-02,1,Y
BOM_VirtualProduct_280-1049-27_A3_280-0981-N0,VirtualProduct_280-1049-27_A3,280-0981-N0,1,280-0981-N0,1,Y
BOM_VirtualProduct_280-1049-27_A3_283-0116,VirtualProduct_280-1049-27_A3,283-0116,1,283-0116,1,Y
BOM_VirtualProduct_280-1049-29_A3_280-0981-N1,VirtualProduct_280-1049-29_A3,280-0981-N1,1,280-0981-N1,1,Y
BOM_VirtualProduct_280-1049-29_A3_283-0130,VirtualProduct_280-1049-29_A3,283-0130,1,283-0130,1,Y
BOM_VirtualProduct_280-1049-33_A3_280-0981-N3,VirtualProduct_280-1049-33_A3,280-0981-N3,1,280-0981-N3,1,Y
BOM_VirtualProduct_280-1049-33_A3_283-0118,VirtualProduct_280-1049-33_A3,283-0118,1,283-0118,1,Y
BOM_VirtualProduct_280-1050_B1_140-0547,VirtualProduct_280-1050_B1,140-0547,1,140-0547,1,Y
BOM_VirtualProduct_280-1050-02_A1_140-0547,VirtualProduct_280-1050-02_A1,140-0547,1,140-0547,1,Y
BOM_VirtualProduct_280-1083_A1_280-0425,VirtualProduct_280-1083_A1,280-0425,1,280-0425,1,Y
BOM_VirtualProduct_280-1083_A2_280-1050,VirtualProduct_280-1083_A2,280-1050,1,280-1050,1,Y
BOM_VirtualProduct_280-1083_A2_280-1050-02,VirtualProduct_280-1083_A2,280-1050-02,1,280-1050-02,1,Y
BOM_VirtualProduct_280-1083_A2_280-1190,VirtualProduct_280-1083_A2,280-1190,1,280-1190,1,Y
BOM_VirtualProduct_280-1083_A2_280-1190-02,VirtualProduct_280-1083_A2,280-1190-02,1,280-1190-02,1,Y
BOM_VirtualProduct_280-1085_A1_280-0425,VirtualProduct_280-1085_A1,280-0425,1,280-0425,1,Y
BOM_VirtualProduct_280-1085_A2_280-0926,VirtualProduct_280-1085_A2,280-0926,1,280-0926,1,Y
BOM_VirtualProduct_280-1085_A2_280-0926-02,VirtualProduct_280-1085_A2,280-0926-02,1,280-0926-02,1,Y
BOM_VirtualProduct_280-1085_A2_280-1189,VirtualProduct_280-1085_A2,280-1189,1,280-1189,1,Y
BOM_VirtualProduct_280-1085_A2_280-1189-02,VirtualProduct_280-1085_A2,280-1189-02,1,280-1189-02,1,Y
BOM_VirtualProduct_280-1148_A1_504-1319,VirtualProduct_280-1148_A1,504-1319,1,504-1319,1,Y
BOM_VirtualProduct_280-1148_A1_504-1532,VirtualProduct_280-1148_A1,504-1532,1,504-1532,1,Y
BOM_VirtualProduct_280-1148_A1_504-1548,VirtualProduct_280-1148_A1,504-1548,1,504-1548,1,Y
BOM_VirtualProduct_280-1148_A1_504-1693,VirtualProduct_280-1148_A1,504-1693,1,504-1693,1,Y
BOM_VirtualProduct_280-1148_A1_504-1815,VirtualProduct_280-1148_A1,504-1815,1,504-1815,1,Y
BOM_VirtualProduct_280-1148_A1_504-1817,VirtualProduct_280-1148_A1,504-1817,1,504-1817,1,Y
BOM_VirtualProduct_280-1148_A2_101-0001,VirtualProduct_280-1148_A2,101-0001,1,101-0001,1,Y
BOM_VirtualProduct_280-1156_A1_504-1319,VirtualProduct_280-1156_A1,504-1319,1,504-1319,1,Y
BOM_VirtualProduct_280-1156_A1_504-1532,VirtualProduct_280-1156_A1,504-1532,1,504-1532,1,Y
BOM_VirtualProduct_280-1156_A1_504-1548,VirtualProduct_280-1156_A1,504-1548,1,504-1548,1,Y
BOM_VirtualProduct_280-1156_A1_504-1693,VirtualProduct_280-1156_A1,504-1693,1,504-1693,1,Y
BOM_VirtualProduct_280-1156_A1_504-1815,VirtualProduct_280-1156_A1,504-1815,1,504-1815,1,Y
BOM_VirtualProduct_280-1156_A1_504-1817,VirtualProduct_280-1156_A1,504-1817,1,504-1817,1,Y
BOM_VirtualProduct_280-1156_A3_101-0001,VirtualProduct_280-1156_A3,101-0001,1,101-0001,1,Y
BOM_VirtualProduct_280-1158_A1_280-0425,VirtualProduct_280-1158_A1,280-0425,1,280-0425,1,Y
BOM_VirtualProduct_280-1158_A2_280-1480-27,VirtualProduct_280-1158_A2,280-1480-27,1,280-1480-27,1,Y
BOM_VirtualProduct_280-1158_A3_280-1480-29,VirtualProduct_280-1158_A3,280-1480-29,1,280-1480-29,1,Y
BOM_VirtualProduct_280-1158_A4_280-1480-31,VirtualProduct_280-1158_A4,280-1480-31,1,280-1480-31,1,Y
BOM_VirtualProduct_280-1158_A5_280-1480-33,VirtualProduct_280-1158_A5,280-1480-33,1,280-1480-33,1,Y
BOM_VirtualProduct_280-1159_A1_140-0547,VirtualProduct_280-1159_A1,140-0547,1,140-0547,1,Y
BOM_VirtualProduct_280-1159_A1_504-1319,VirtualProduct_280-1159_A1,504-1319,1,504-1319,1,Y
BOM_VirtualProduct_280-1159_A1_504-1532,VirtualProduct_280-1159_A1,504-1532,1,504-1532,1,Y
BOM_VirtualProduct_280-1159_A1_504-1548,VirtualProduct_280-1159_A1,504-1548,1,504-1548,1,Y
BOM_VirtualProduct_280-1159_A1_504-1693,VirtualProduct_280-1159_A1,504-1693,1,504-1693,1,Y
BOM_VirtualProduct_280-1159_A1_504-1815,VirtualProduct_280-1159_A1,504-1815,1,504-1815,1,Y
BOM_VirtualProduct_280-1159_A1_504-1817,VirtualProduct_280-1159_A1,504-1817,1,504-1817,1,Y
BOM_VirtualProduct_280-1159_A2_140-0547,VirtualProduct_280-1159_A2,140-0547,1,140-0547,1,Y
BOM_VirtualProduct_280-1159_A3_504-1319,VirtualProduct_280-1159_A3,504-1319,1,504-1319,1,Y
BOM_VirtualProduct_280-1159_A3_504-1532,VirtualProduct_280-1159_A3,504-1532,1,504-1532,1,Y
BOM_VirtualProduct_280-1159_A3_504-1548,VirtualProduct_280-1159_A3,504-1548,1,504-1548,1,Y
BOM_VirtualProduct_280-1159_A3_504-1817,VirtualProduct_280-1159_A3,504-1817,1,504-1817,1,Y
BOM_VirtualProduct_280-1159_A4_101-0001,VirtualProduct_280-1159_A4,101-0001,1,101-0001,1,Y
BOM_VirtualProduct_280-1159_B1_320-0763,VirtualProduct_280-1159_B1,320-0763,1,320-0763,1,Y
BOM_VirtualProduct_280-1159_D1_320-0763,VirtualProduct_280-1159_D1,320-0763,1,320-0763,1,Y
BOM_VirtualProduct_280-1159-R_A1_504-1319,VirtualProduct_280-1159-R_A1,504-1319,1,504-1319,1,Y
BOM_VirtualProduct_280-1159-R_A1_504-1532,VirtualProduct_280-1159-R_A1,504-1532,1,504-1532,1,Y
BOM_VirtualProduct_280-1159-R_A1_504-1532-R,VirtualProduct_280-1159-R_A1,504-1532-R,1,504-1532-R,1,Y
BOM_VirtualProduct_280-1159-R_A1_504-1548,VirtualProduct_280-1159-R_A1,504-1548,1,504-1548,1,Y
BOM_VirtualProduct_280-1159-R_A1_504-1693,VirtualProduct_280-1159-R_A1,504-1693,1,504-1693,1,Y
BOM_VirtualProduct_280-1159-R_A1_504-1815,VirtualProduct_280-1159-R_A1,504-1815,1,504-1815,1,Y
BOM_VirtualProduct_280-1159-R_A1_504-1817,VirtualProduct_280-1159-R_A1,504-1817,1,504-1817,1,Y
BOM_VirtualProduct_280-1159-R_A2_140-0547,VirtualProduct_280-1159-R_A2,140-0547,1,140-0547,1,Y
BOM_VirtualProduct_280-1159-R_A3_320-0763,VirtualProduct_280-1159-R_A3,320-0763,1,320-0763,1,Y
BOM_VirtualProduct_280-1159-R_A4_101-0001,VirtualProduct_280-1159-R_A4,101-0001,1,101-0001,1,Y
BOM_VirtualProduct_280-1160-01_A1_280-0425,VirtualProduct_280-1160-01_A1,280-0425,1,280-0425,1,Y
BOM_VirtualProduct_280-1160-01_A2_280-1159,VirtualProduct_280-1160-01_A2,280-1159,1,280-1159,1,Y
BOM_VirtualProduct_280-1160-01_A2_280-1210-02,VirtualProduct_280-1160-01_A2,280-1210-02,1,280-1210-02,1,Y
BOM_VirtualProduct_280-1160-02_A1_280-0425,VirtualProduct_280-1160-02_A1,280-0425,1,280-0425,1,Y
BOM_VirtualProduct_280-1160-02-R_A1_280-0425,VirtualProduct_280-1160-02-R_A1,280-0425,1,280-0425,1,Y
BOM_VirtualProduct_280-1160-02-R_A2_280-1049-27,VirtualProduct_280-1160-02-R_A2,280-1049-27,1,280-1049-27,1,Y
BOM_VirtualProduct_280-1160-02-R_A3_280-1049-29,VirtualProduct_280-1160-02-R_A3,280-1049-29,1,280-1049-29,1,Y
BOM_VirtualProduct_280-1160-02-R_A4_280-1049-31,VirtualProduct_280-1160-02-R_A4,280-1049-31,1,280-1049-31,1,Y
BOM_VirtualProduct_280-1160-02-R_A5_280-1049-33,VirtualProduct_280-1160-02-R_A5,280-1049-33,1,280-1049-33,1,Y
BOM_VirtualProduct_280-1160-03_A1_280-0425,VirtualProduct_280-1160-03_A1,280-0425,1,280-0425,1,Y
BOM_VirtualProduct_280-1160-03_A2_280-1159,VirtualProduct_280-1160-03_A2,280-1159,1,280-1159,1,Y
BOM_VirtualProduct_280-1160-03_A2_280-1210-02,VirtualProduct_280-1160-03_A2,280-1210-02,1,280-1210-02,1,Y
BOM_VirtualProduct_280-1160-04_A1_280-0425,VirtualProduct_280-1160-04_A1,280-0425,1,280-0425,1,Y
BOM_VirtualProduct_280-1160-04_A2_280-1159,VirtualProduct_280-1160-04_A2,280-1159,1,280-1159,1,Y
BOM_VirtualProduct_280-1160-04_A2_280-1210-02,VirtualProduct_280-1160-04_A2,280-1210-02,1,280-1210-02,1,Y
BOM_VirtualProduct_280-1189_A1_140-0547,VirtualProduct_280-1189_A1,140-0547,1,140-0547,1,Y
BOM_VirtualProduct_280-1189-02_A1_140-0547,VirtualProduct_280-1189-02_A1,140-0547,1,140-0547,1,Y
BOM_VirtualProduct_280-1190_A1_140-0547,VirtualProduct_280-1190_A1,140-0547,1,140-0547,1,Y
BOM_VirtualProduct_280-1190-02_A1_140-0547,VirtualProduct_280-1190-02_A1,140-0547,1,140-0547,1,Y
BOM_VirtualProduct_280-1192-01_A1_280-0425,VirtualProduct_280-1192-01_A1,280-0425,1,280-0425,1,Y
BOM_VirtualProduct_280-1192-02_A2_280-0425,VirtualProduct_280-1192-02_A2,280-0425,1,280-0425,1,Y
BOM_VirtualProduct_280-1192-03_A1_280-0425,VirtualProduct_280-1192-03_A1,280-0425,1,280-0425,1,Y
BOM_VirtualProduct_280-1193_A1_504-1369,VirtualProduct_280-1193_A1,504-1369,1,504-1369,1,Y
BOM_VirtualProduct_280-1193_A1_504-1753,VirtualProduct_280-1193_A1,504-1753,1,504-1753,1,Y
BOM_VirtualProduct_280-1193_A2_320-0763,VirtualProduct_280-1193_A2,320-0763,1,320-0763,1,Y
BOM_VirtualProduct_280-1193_A3_101-0001,VirtualProduct_280-1193_A3,101-0001,1,101-0001,1,Y
BOM_VirtualProduct_280-1201_A1_280-1159,VirtualProduct_280-1201_A1,280-1159,1,280-1159,1,Y
BOM_VirtualProduct_280-1201_A1_280-1210-02,VirtualProduct_280-1201_A1,280-1210-02,1,280-1210-02,1,Y
BOM_VirtualProduct_280-1201_A2_280-0425,VirtualProduct_280-1201_A2,280-0425,1,280-0425,1,Y
BOM_VirtualProduct_280-1203-01_A1_280-0425,VirtualProduct_280-1203-01_A1,280-0425,1,280-0425,1,Y
BOM_VirtualProduct_280-1203-01_A2_280-1204,VirtualProduct_280-1203-01_A2,280-1204,1,280-1204,1,Y
BOM_VirtualProduct_280-1203-01_A2_280-1205,VirtualProduct_280-1203-01_A2,280-1205,1,280-1205,1,Y
BOM_VirtualProduct_280-1203-02_A1_280-0425,VirtualProduct_280-1203-02_A1,280-0425,1,280-0425,1,Y
BOM_VirtualProduct_280-1203-02_A2_280-1204,VirtualProduct_280-1203-02_A2,280-1204,1,280-1204,1,Y
BOM_VirtualProduct_280-1203-02_A2_280-1205,VirtualProduct_280-1203-02_A2,280-1205,1,280-1205,1,Y
BOM_VirtualProduct_280-1203-03_A1_280-1204,VirtualProduct_280-1203-03_A1,280-1204,1,280-1204,1,Y
BOM_VirtualProduct_280-1203-03_A1_280-1205,VirtualProduct_280-1203-03_A1,280-1205,1,280-1205,1,Y
BOM_VirtualProduct_280-1203-03_A2_280-0425,VirtualProduct_280-1203-03_A2,280-0425,1,280-0425,1,Y
BOM_VirtualProduct_280-1205_A1_101-0001,VirtualProduct_280-1205_A1,101-0001,1,101-0001,1,Y
BOM_VirtualProduct_280-1210-02_A1_140-0547,VirtualProduct_280-1210-02_A1,140-0547,1,140-0547,1,Y
BOM_VirtualProduct_280-1211-01_A1_280-0425,VirtualProduct_280-1211-01_A1,280-0425,1,280-0425,1,Y
BOM_VirtualProduct_280-1211-01_A2_280-1210-02,VirtualProduct_280-1211-01_A2,280-1210-02,1,280-1210-02,1,Y
BOM_VirtualProduct_280-1212-01_A1_140-0547,VirtualProduct_280-1212-01_A1,140-0547,1,140-0547,1,Y
BOM_VirtualProduct_280-1212-02_A1_140-0547,VirtualProduct_280-1212-02_A1,140-0547,1,140-0547,1,Y
BOM_VirtualProduct_280-1213-01_A1_280-0425,VirtualProduct_280-1213-01_A1,280-0425,1,280-0425,1,Y
BOM_VirtualProduct_280-1213-01_A2_280-1212-01,VirtualProduct_280-1213-01_A2,280-1212-01,1,280-1212-01,1,Y
BOM_VirtualProduct_280-1213-01_A2_280-1212-02,VirtualProduct_280-1213-01_A2,280-1212-02,1,280-1212-02,1,Y
BOM_VirtualProduct_280-1227_A1_504-1319,VirtualProduct_280-1227_A1,504-1319,1,504-1319,1,Y
BOM_VirtualProduct_280-1227_A1_504-1532,VirtualProduct_280-1227_A1,504-1532,1,504-1532,1,Y
BOM_VirtualProduct_280-1227_A1_504-1548,VirtualProduct_280-1227_A1,504-1548,1,504-1548,1,Y
BOM_VirtualProduct_280-1227_A1_504-1693,VirtualProduct_280-1227_A1,504-1693,1,504-1693,1,Y
BOM_VirtualProduct_280-1227_A1_504-1815,VirtualProduct_280-1227_A1,504-1815,1,504-1815,1,Y
BOM_VirtualProduct_280-1227_A1_504-1817,VirtualProduct_280-1227_A1,504-1817,1,504-1817,1,Y
BOM_VirtualProduct_280-1227_A2_101-0001,VirtualProduct_280-1227_A2,101-0001,1,101-0001,1,Y
BOM_VirtualProduct_280-1229-02_A1_280-0425,VirtualProduct_280-1229-02_A1,280-0425,1,280-0425,1,Y
BOM_VirtualProduct_280-1245-01_A1_140-0547,VirtualProduct_280-1245-01_A1,140-0547,1,140-0547,1,Y
BOM_VirtualProduct_280-1245-02_A1_140-0547,VirtualProduct_280-1245-02_A1,140-0547,1,140-0547,1,Y
BOM_VirtualProduct_280-1246_A1_280-0425,VirtualProduct_280-1246_A1,280-0425,1,280-0425,1,Y
BOM_VirtualProduct_280-1246_A2_280-1245-01,VirtualProduct_280-1246_A2,280-1245-01,1,280-1245-01,1,Y
BOM_VirtualProduct_280-1246_A2_280-1245-02,VirtualProduct_280-1246_A2,280-1245-02,1,280-1245-02,1,Y
BOM_VirtualProduct_280-1312-31_A1_283-0046-31,VirtualProduct_280-1312-31_A1,283-0046-31,1,283-0046-31,1,Y
BOM_VirtualProduct_280-1313_A1_280-0425,VirtualProduct_280-1313_A1,280-0425,1,280-0425,1,Y
BOM_VirtualProduct_280-1314_A1_280-0425,VirtualProduct_280-1314_A1,280-0425,1,280-0425,1,Y
BOM_VirtualProduct_280-1314_A2_280-1159,VirtualProduct_280-1314_A2,280-1159,1,280-1159,1,Y
BOM_VirtualProduct_280-1314_A2_280-1210-02,VirtualProduct_280-1314_A2,280-1210-02,1,280-1210-02,1,Y
BOM_VirtualProduct_280-1314-R_A1_280-0425,VirtualProduct_280-1314-R_A1,280-0425,1,280-0425,1,Y
BOM_VirtualProduct_280-1314-R_A2_280-1312-27,VirtualProduct_280-1314-R_A2,280-1312-27,1,280-1312-27,1,Y
BOM_VirtualProduct_280-1314-R_A3_280-1312-29,VirtualProduct_280-1314-R_A3,280-1312-29,1,280-1312-29,1,Y
BOM_VirtualProduct_280-1314-R_A4_280-1312-31,VirtualProduct_280-1314-R_A4,280-1312-31,1,280-1312-31,1,Y
BOM_VirtualProduct_280-1314-R_A5_280-1312-33,VirtualProduct_280-1314-R_A5,280-1312-33,1,280-1312-33,1,Y
BOM_VirtualProduct_280-1335_A1_504-1319,VirtualProduct_280-1335_A1,504-1319,1,504-1319,1,Y
BOM_VirtualProduct_280-1335_A1_504-1532,VirtualProduct_280-1335_A1,504-1532,1,504-1532,1,Y
BOM_VirtualProduct_280-1335_A1_504-1548,VirtualProduct_280-1335_A1,504-1548,1,504-1548,1,Y
BOM_VirtualProduct_280-1335_A1_504-1693,VirtualProduct_280-1335_A1,504-1693,1,504-1693,1,Y
BOM_VirtualProduct_280-1335_A1_504-1815,VirtualProduct_280-1335_A1,504-1815,1,504-1815,1,Y
BOM_VirtualProduct_280-1335_A1_504-1817,VirtualProduct_280-1335_A1,504-1817,1,504-1817,1,Y
BOM_VirtualProduct_280-1335_A3_101-0001,VirtualProduct_280-1335_A3,101-0001,1,101-0001,1,Y
BOM_VirtualProduct_280-1336_A1_280-0425,VirtualProduct_280-1336_A1,280-0425,1,280-0425,1,Y
BOM_VirtualProduct_280-1390_C1_320-0328,VirtualProduct_280-1390_C1,320-0328,1,320-0328,1,Y
BOM_VirtualProduct_280-1392_A3_282-0040,VirtualProduct_280-1392_A3,282-0040,1,282-0040,1,Y
BOM_VirtualProduct_280-1392_A3_282-0333,VirtualProduct_280-1392_A3,282-0333,1,282-0333,1,Y
BOM_VirtualProduct_280-1392_A4_280-0698,VirtualProduct_280-1392_A4,280-0698,1,280-0698,1,Y
BOM_VirtualProduct_280-1392_A4_282-0330,VirtualProduct_280-1392_A4,282-0330,1,282-0330,1,Y
BOM_VirtualProduct_280-1404_A1_280-0425,VirtualProduct_280-1404_A1,280-0425,1,280-0425,1,Y
BOM_VirtualProduct_280-1405_A3_101-0001,VirtualProduct_280-1405_A3,101-0001,1,101-0001,1,Y
BOM_VirtualProduct_280-1428_A1_284-0089-20,VirtualProduct_280-1428_A1,284-0089-20,1,284-0089-20,1,Y
BOM_VirtualProduct_280-1428_C1_320-0328,VirtualProduct_280-1428_C1,320-0328,1,320-0328,1,Y
BOM_VirtualProduct_280-1456_A1_280-0425,VirtualProduct_280-1456_A1,280-0425,1,280-0425,1,Y
BOM_VirtualProduct_280-1458_A1_282-0040,VirtualProduct_280-1458_A1,282-0040,1,282-0040,1,Y
BOM_VirtualProduct_280-1464_A1_280-1480-27,VirtualProduct_280-1464_A1,280-1480-27,1,280-1480-27,1,Y
BOM_VirtualProduct_280-1464_A2_280-1480-29,VirtualProduct_280-1464_A2,280-1480-29,1,280-1480-29,1,Y
BOM_VirtualProduct_280-1464_A3_280-1480-31,VirtualProduct_280-1464_A3,280-1480-31,1,280-1480-31,1,Y
BOM_VirtualProduct_280-1464_A4_280-1480-33,VirtualProduct_280-1464_A4,280-1480-33,1,280-1480-33,1,Y
BOM_VirtualProduct_280-1465_A1_504-1728,VirtualProduct_280-1465_A1,504-1728,1,504-1728,1,Y
BOM_VirtualProduct_280-1465_A1_504-1877,VirtualProduct_280-1465_A1,504-1877,1,504-1877,1,Y
BOM_VirtualProduct_280-1465_A2_101-0001,VirtualProduct_280-1465_A2,101-0001,1,101-0001,1,Y
BOM_VirtualProduct_280-1475_C1_320-0328,VirtualProduct_280-1475_C1,320-0328,1,320-0328,1,Y
BOM_VirtualProduct_280-1480-27_AA_283-0110-27,VirtualProduct_280-1480-27_AA,283-0110-27,1,283-0110-27,1,Y
BOM_VirtualProduct_280-1480-29_AA_283-0110-29,VirtualProduct_280-1480-29_AA,283-0110-29,1,283-0110-29,1,Y
BOM_VirtualProduct_280-1480-31_AA_283-0080,VirtualProduct_280-1480-31_AA,283-0080,1,283-0080,1,Y
BOM_VirtualProduct_280-1480-31_AA_283-0110-31,VirtualProduct_280-1480-31_AA,283-0110-31,1,283-0110-31,1,Y
BOM_VirtualProduct_280-1480-33_AA_283-0110-33,VirtualProduct_280-1480-33_AA,283-0110-33,1,283-0110-33,1,Y
BOM_VirtualProduct_280-1481_A1_280-0425,VirtualProduct_280-1481_A1,280-0425,1,280-0425,1,Y
BOM_VirtualProduct_280-1497-40_B1_341-0036,VirtualProduct_280-1497-40_B1,341-0036,1,341-0036,1,Y
BOM_VirtualProduct_280-1497-40_C1_320-0328,VirtualProduct_280-1497-40_C1,320-0328,1,320-0328,1,Y
BOM_VirtualProduct_280-1499_A1_280-0425,VirtualProduct_280-1499_A1,280-0425,1,280-0425,1,Y
BOM_VirtualProduct_280-1524_A1_280-0425,VirtualProduct_280-1524_A1,280-0425,1,280-0425,1,Y
BOM_VirtualProduct_280-1524_A2_280-1480-27,VirtualProduct_280-1524_A2,280-1480-27,1,280-1480-27,1,Y
BOM_VirtualProduct_280-1524_A3_280-1480-29,VirtualProduct_280-1524_A3,280-1480-29,1,280-1480-29,1,Y
BOM_VirtualProduct_280-1524_A4_280-1480-31,VirtualProduct_280-1524_A4,280-1480-31,1,280-1480-31,1,Y
BOM_VirtualProduct_280-1524_A5_280-1480-33,VirtualProduct_280-1524_A5,280-1480-33,1,280-1480-33,1,Y
BOM_VirtualProduct_280-1575_A1_280-0425,VirtualProduct_280-1575_A1,280-0425,1,280-0425,1,Y
BOM_VirtualProduct_280-1575_A2_280-1480-27,VirtualProduct_280-1575_A2,280-1480-27,1,280-1480-27,1,Y
BOM_VirtualProduct_280-1575_A3_280-1480-29,VirtualProduct_280-1575_A3,280-1480-29,1,280-1480-29,1,Y
BOM_VirtualProduct_280-1575_A4_280-1480-31,VirtualProduct_280-1575_A4,280-1480-31,1,280-1480-31,1,Y
BOM_VirtualProduct_280-1575_A5_280-1480-33,VirtualProduct_280-1575_A5,280-1480-33,1,280-1480-33,1,Y
BOM_VirtualProduct_280-1593_T1_280-1480-27,VirtualProduct_280-1593_T1,280-1480-27,1,280-1480-27,1,Y
BOM_VirtualProduct_280-1593_T2_280-1480-29,VirtualProduct_280-1593_T2,280-1480-29,1,280-1480-29,1,Y
BOM_VirtualProduct_280-1593_T3_280-1480-31,VirtualProduct_280-1593_T3,280-1480-31,1,280-1480-31,1,Y
BOM_VirtualProduct_280-1593_T4_280-1480-33,VirtualProduct_280-1593_T4,280-1480-33,1,280-1480-33,1,Y
BOM_VirtualProduct_280-1593_T5_280-0425,VirtualProduct_280-1593_T5,280-0425,1,280-0425,1,Y
BOM_VirtualProduct_280-1594_A1_101-0001,VirtualProduct_280-1594_A1,101-0001,1,101-0001,1,Y
BOM_VirtualProduct_280-1594_P1_504-1728,VirtualProduct_280-1594_P1,504-1728,1,504-1728,1,Y
BOM_VirtualProduct_280-1594_P1_504-1877,VirtualProduct_280-1594_P1,504-1877,1,504-1877,1,Y
BOM_VirtualProduct_280-1600-20_A1_284-0089-20,VirtualProduct_280-1600-20_A1,284-0089-20,1,284-0089-20,1,Y
BOM_VirtualProduct_280-1600-20_B1_341-0036,VirtualProduct_280-1600-20_B1,341-0036,1,341-0036,1,Y
BOM_VirtualProduct_280-1600-20_C1_320-0328,VirtualProduct_280-1600-20_C1,320-0328,1,320-0328,1,Y
BOM_VirtualProduct_280-1638_T1_280-1480-27,VirtualProduct_280-1638_T1,280-1480-27,1,280-1480-27,1,Y
BOM_VirtualProduct_280-1638_T2_280-1480-29,VirtualProduct_280-1638_T2,280-1480-29,1,280-1480-29,1,Y
BOM_VirtualProduct_280-1638_T3_280-1480-31,VirtualProduct_280-1638_T3,280-1480-31,1,280-1480-31,1,Y
BOM_VirtualProduct_280-1638_T4_280-1480-33,VirtualProduct_280-1638_T4,280-1480-33,1,280-1480-33,1,Y
BOM_VirtualProduct_280-1638_T5_280-0425,VirtualProduct_280-1638_T5,280-0425,1,280-0425,1,Y
BOM_VirtualProduct_280-1638_T6_101-0001,VirtualProduct_280-1638_T6,101-0001,1,101-0001,1,Y
BOM_VirtualProduct_280-1638_T7_504-1728,VirtualProduct_280-1638_T7,504-1728,1,504-1728,1,Y
BOM_VirtualProduct_280-1638_T7_504-1877,VirtualProduct_280-1638_T7,504-1877,1,504-1877,1,Y
BOM_VirtualProduct_280-1663_A1_504-1319,VirtualProduct_280-1663_A1,504-1319,1,504-1319,1,Y
BOM_VirtualProduct_280-1663_A1_504-1532,VirtualProduct_280-1663_A1,504-1532,1,504-1532,1,Y
BOM_VirtualProduct_280-1663_A1_504-1532-R,VirtualProduct_280-1663_A1,504-1532-R,1,504-1532-R,1,Y
BOM_VirtualProduct_280-1663_A1_504-1548,VirtualProduct_280-1663_A1,504-1548,1,504-1548,1,Y
BOM_VirtualProduct_280-1663_A1_504-1693,VirtualProduct_280-1663_A1,504-1693,1,504-1693,1,Y
BOM_VirtualProduct_280-1663_A1_504-1815,VirtualProduct_280-1663_A1,504-1815,1,504-1815,1,Y
BOM_VirtualProduct_280-1663_A1_504-1817,VirtualProduct_280-1663_A1,504-1817,1,504-1817,1,Y
BOM_VirtualProduct_280-1663_A2_140-0547,VirtualProduct_280-1663_A2,140-0547,1,140-0547,1,Y
BOM_VirtualProduct_280-1663_A3_280-0425,VirtualProduct_280-1663_A3,280-0425,1,280-0425,1,Y
BOM_VirtualProduct_280-1663_A4_101-0001,VirtualProduct_280-1663_A4,101-0001,1,101-0001,1,Y
BOM_VirtualProduct_280-1663-R_A1_504-1319,VirtualProduct_280-1663-R_A1,504-1319,1,504-1319,1,Y
BOM_VirtualProduct_280-1663-R_A1_504-1532,VirtualProduct_280-1663-R_A1,504-1532,1,504-1532,1,Y
BOM_VirtualProduct_280-1663-R_A1_504-1532-R,VirtualProduct_280-1663-R_A1,504-1532-R,1,504-1532-R,1,Y
BOM_VirtualProduct_280-1663-R_A1_504-1548,VirtualProduct_280-1663-R_A1,504-1548,1,504-1548,1,Y
BOM_VirtualProduct_280-1663-R_A1_504-1693,VirtualProduct_280-1663-R_A1,504-1693,1,504-1693,1,Y
BOM_VirtualProduct_280-1663-R_A1_504-1815,VirtualProduct_280-1663-R_A1,504-1815,1,504-1815,1,Y
BOM_VirtualProduct_280-1663-R_A1_504-1817,VirtualProduct_280-1663-R_A1,504-1817,1,504-1817,1,Y
BOM_VirtualProduct_280-1663-R_A2_140-0547,VirtualProduct_280-1663-R_A2,140-0547,1,140-0547,1,Y
BOM_VirtualProduct_280-1663-R_A3_280-0425,VirtualProduct_280-1663-R_A3,280-0425,1,280-0425,1,Y
BOM_VirtualProduct_280-1663-R_A4_280-1049-27,VirtualProduct_280-1663-R_A4,280-1049-27,1,280-1049-27,1,Y
BOM_VirtualProduct_280-1663-R_A5_280-1049-29,VirtualProduct_280-1663-R_A5,280-1049-29,1,280-1049-29,1,Y
BOM_VirtualProduct_280-1663-R_A6_280-1049-31,VirtualProduct_280-1663-R_A6,280-1049-31,1,280-1049-31,1,Y
BOM_VirtualProduct_280-1663-R_A7_280-1049-33,VirtualProduct_280-1663-R_A7,280-1049-33,1,280-1049-33,1,Y
BOM_VirtualProduct_280-1663-R_A8_101-0001,VirtualProduct_280-1663-R_A8,101-0001,1,101-0001,1,Y
BOM_VirtualProduct_280-1786_T1_280-1480-27,VirtualProduct_280-1786_T1,280-1480-27,1,280-1480-27,1,Y
BOM_VirtualProduct_280-1786_T2_280-1480-29,VirtualProduct_280-1786_T2,280-1480-29,1,280-1480-29,1,Y
BOM_VirtualProduct_280-1786_T3_280-1480-31,VirtualProduct_280-1786_T3,280-1480-31,1,280-1480-31,1,Y
BOM_VirtualProduct_280-1786_T4_280-1480-33,VirtualProduct_280-1786_T4,280-1480-33,1,280-1480-33,1,Y
BOM_VirtualProduct_280-1786_T5_280-0425,VirtualProduct_280-1786_T5,280-0425,1,280-0425,1,Y
BOM_VirtualProduct_280-1786_T6_101-0001,VirtualProduct_280-1786_T6,101-0001,1,101-0001,1,Y
BOM_VirtualProduct_280-1802_A1_280-0425,VirtualProduct_280-1802_A1,280-0425,1,280-0425,1,Y
BOM_VirtualProduct_280-1802_B1_504-1319,VirtualProduct_280-1802_B1,504-1319,1,504-1319,1,Y
BOM_VirtualProduct_280-1802_B1_504-1532,VirtualProduct_280-1802_B1,504-1532,1,504-1532,1,Y
BOM_VirtualProduct_280-1802_B1_504-1548,VirtualProduct_280-1802_B1,504-1548,1,504-1548,1,Y
BOM_VirtualProduct_280-1802_B1_504-1693,VirtualProduct_280-1802_B1,504-1693,1,504-1693,1,Y
BOM_VirtualProduct_280-1802_B1_504-1817,VirtualProduct_280-1802_B1,504-1817,1,504-1817,1,Y
BOM_VirtualProduct_280-1802_C1_140-0547,VirtualProduct_280-1802_C1,140-0547,1,140-0547,1,Y
BOM_VirtualProduct_280-1802_D1_101-0001,VirtualProduct_280-1802_D1,101-0001,1,101-0001,1,Y
BOM_VirtualProduct_280-1803_A1_280-0425,VirtualProduct_280-1803_A1,280-0425,1,280-0425,1,Y
BOM_VirtualProduct_280-1803_B1_504-1319,VirtualProduct_280-1803_B1,504-1319,1,504-1319,1,Y
BOM_VirtualProduct_280-1803_B1_504-1532,VirtualProduct_280-1803_B1,504-1532,1,504-1532,1,Y
BOM_VirtualProduct_280-1803_B1_504-1548,VirtualProduct_280-1803_B1,504-1548,1,504-1548,1,Y
BOM_VirtualProduct_280-1803_B1_504-1693,VirtualProduct_280-1803_B1,504-1693,1,504-1693,1,Y
BOM_VirtualProduct_280-1803_B1_504-1817,VirtualProduct_280-1803_B1,504-1817,1,504-1817,1,Y
BOM_VirtualProduct_280-1803_C1_140-0547,VirtualProduct_280-1803_C1,140-0547,1,140-0547,1,Y
BOM_VirtualProduct_280-1803_D1_101-0001,VirtualProduct_280-1803_D1,101-0001,1,101-0001,1,Y
BOM_VirtualProduct_280-1805_A1_280-0425,VirtualProduct_280-1805_A1,280-0425,1,280-0425,1,Y
BOM_VirtualProduct_280-1805_B1_504-1319,VirtualProduct_280-1805_B1,504-1319,1,504-1319,1,Y
BOM_VirtualProduct_280-1805_B1_504-1532,VirtualProduct_280-1805_B1,504-1532,1,504-1532,1,Y
BOM_VirtualProduct_280-1805_B1_504-1548,VirtualProduct_280-1805_B1,504-1548,1,504-1548,1,Y
BOM_VirtualProduct_280-1805_B1_504-1693,VirtualProduct_280-1805_B1,504-1693,1,504-1693,1,Y
BOM_VirtualProduct_280-1805_B1_504-1817,VirtualProduct_280-1805_B1,504-1817,1,504-1817,1,Y
BOM_VirtualProduct_280-1805_D1_101-0001,VirtualProduct_280-1805_D1,101-0001,1,101-0001,1,Y
BOM_VirtualProduct_280-1806_A1_280-0425,VirtualProduct_280-1806_A1,280-0425,1,280-0425,1,Y
BOM_VirtualProduct_280-1806_B1_504-1319,VirtualProduct_280-1806_B1,504-1319,1,504-1319,1,Y
BOM_VirtualProduct_280-1806_B1_504-1532,VirtualProduct_280-1806_B1,504-1532,1,504-1532,1,Y
BOM_VirtualProduct_280-1806_B1_504-1532-R,VirtualProduct_280-1806_B1,504-1532-R,1,504-1532-R,1,Y
BOM_VirtualProduct_280-1806_B1_504-1548,VirtualProduct_280-1806_B1,504-1548,1,504-1548,1,Y
BOM_VirtualProduct_280-1806_B1_504-1693,VirtualProduct_280-1806_B1,504-1693,1,504-1693,1,Y
BOM_VirtualProduct_280-1806_B1_504-1817,VirtualProduct_280-1806_B1,504-1817,1,504-1817,1,Y
BOM_VirtualProduct_280-1806_C1_140-0547,VirtualProduct_280-1806_C1,140-0547,1,140-0547,1,Y
BOM_VirtualProduct_280-1806_D1_101-0001,VirtualProduct_280-1806_D1,101-0001,1,101-0001,1,Y
BOM_VirtualProduct_280-1806-R_A1_280-0425,VirtualProduct_280-1806-R_A1,280-0425,1,280-0425,1,Y
BOM_VirtualProduct_280-1806-R_B1_504-1319,VirtualProduct_280-1806-R_B1,504-1319,1,504-1319,1,Y
BOM_VirtualProduct_280-1806-R_B1_504-1532,VirtualProduct_280-1806-R_B1,504-1532,1,504-1532,1,Y
BOM_VirtualProduct_280-1806-R_B1_504-1532-R,VirtualProduct_280-1806-R_B1,504-1532-R,1,504-1532-R,1,Y
BOM_VirtualProduct_280-1806-R_B1_504-1548,VirtualProduct_280-1806-R_B1,504-1548,1,504-1548,1,Y
BOM_VirtualProduct_280-1806-R_B1_504-1693,VirtualProduct_280-1806-R_B1,504-1693,1,504-1693,1,Y
BOM_VirtualProduct_280-1806-R_B1_504-1817,VirtualProduct_280-1806-R_B1,504-1817,1,504-1817,1,Y
BOM_VirtualProduct_280-1806-R_C1_140-0547,VirtualProduct_280-1806-R_C1,140-0547,1,140-0547,1,Y
BOM_VirtualProduct_280-1806-R_D1_101-0001,VirtualProduct_280-1806-R_D1,101-0001,1,101-0001,1,Y
BOM_VirtualProduct_280-1806-R_E1_280-1312-27,VirtualProduct_280-1806-R_E1,280-1312-27,1,280-1312-27,1,Y
BOM_VirtualProduct_280-1806-R_F1_280-1312-29,VirtualProduct_280-1806-R_F1,280-1312-29,1,280-1312-29,1,Y
BOM_VirtualProduct_280-1806-R_G1_280-1312-31,VirtualProduct_280-1806-R_G1,280-1312-31,1,280-1312-31,1,Y
BOM_VirtualProduct_280-1806-R_H1_280-1312-33,VirtualProduct_280-1806-R_H1,280-1312-33,1,280-1312-33,1,Y
BOM_VirtualProduct_280-1807_A1_280-0425,VirtualProduct_280-1807_A1,280-0425,1,280-0425,1,Y
BOM_VirtualProduct_280-1807_B1_504-1319,VirtualProduct_280-1807_B1,504-1319,1,504-1319,1,Y
BOM_VirtualProduct_280-1807_B1_504-1532,VirtualProduct_280-1807_B1,504-1532,1,504-1532,1,Y
BOM_VirtualProduct_280-1807_B1_504-1548,VirtualProduct_280-1807_B1,504-1548,1,504-1548,1,Y
BOM_VirtualProduct_280-1807_B1_504-1693,VirtualProduct_280-1807_B1,504-1693,1,504-1693,1,Y
BOM_VirtualProduct_280-1807_B1_504-1817,VirtualProduct_280-1807_B1,504-1817,1,504-1817,1,Y
BOM_VirtualProduct_280-1807_C1_140-0547,VirtualProduct_280-1807_C1,140-0547,1,140-0547,1,Y
BOM_VirtualProduct_280-1807_D1_101-0001,VirtualProduct_280-1807_D1,101-0001,1,101-0001,1,Y
BOM_VirtualProduct_280-1811_A1_280-0425,VirtualProduct_280-1811_A1,280-0425,1,280-0425,1,Y
BOM_VirtualProduct_280-1811_B1_504-1369,VirtualProduct_280-1811_B1,504-1369,1,504-1369,1,Y
BOM_VirtualProduct_280-1811_B1_504-1753,VirtualProduct_280-1811_B1,504-1753,1,504-1753,1,Y
BOM_VirtualProduct_280-1811_C1_101-0001,VirtualProduct_280-1811_C1,101-0001,1,101-0001,1,Y
BOM_VirtualProduct_280-1814_A1_280-0425,VirtualProduct_280-1814_A1,280-0425,1,280-0425,1,Y
BOM_VirtualProduct_280-1814_B1_504-1369,VirtualProduct_280-1814_B1,504-1369,1,504-1369,1,Y
BOM_VirtualProduct_280-1814_B1_504-1753,VirtualProduct_280-1814_B1,504-1753,1,504-1753,1,Y
BOM_VirtualProduct_280-1814_C1_101-0001,VirtualProduct_280-1814_C1,101-0001,1,101-0001,1,Y
BOM_VirtualProduct_280-1816_A1_280-0425,VirtualProduct_280-1816_A1,280-0425,1,280-0425,1,Y
BOM_VirtualProduct_280-1816_B1_504-1369,VirtualProduct_280-1816_B1,504-1369,1,504-1369,1,Y
BOM_VirtualProduct_280-1816_B1_504-1753,VirtualProduct_280-1816_B1,504-1753,1,504-1753,1,Y
BOM_VirtualProduct_280-1816_C1_101-0001,VirtualProduct_280-1816_C1,101-0001,1,101-0001,1,Y
BOM_VirtualProduct_280-1817_A1_280-0425,VirtualProduct_280-1817_A1,280-0425,1,280-0425,1,Y
BOM_VirtualProduct_280-1817_C1_101-0001,VirtualProduct_280-1817_C1,101-0001,1,101-0001,1,Y
BOM_VirtualProduct_280-1822_A1_280-0425,VirtualProduct_280-1822_A1,280-0425,1,280-0425,1,Y
BOM_VirtualProduct_280-1822_A3_101-0001,VirtualProduct_280-1822_A3,101-0001,1,101-0001,1,Y
BOM_VirtualProduct_280-1822_B1_504-1319,VirtualProduct_280-1822_B1,504-1319,1,504-1319,1,Y
BOM_VirtualProduct_280-1822_B1_504-1532,VirtualProduct_280-1822_B1,504-1532,1,504-1532,1,Y
BOM_VirtualProduct_280-1822_B1_504-1548,VirtualProduct_280-1822_B1,504-1548,1,504-1548,1,Y
BOM_VirtualProduct_280-1822_B1_504-1693,VirtualProduct_280-1822_B1,504-1693,1,504-1693,1,Y
BOM_VirtualProduct_280-1822_B1_504-1817,VirtualProduct_280-1822_B1,504-1817,1,504-1817,1,Y
BOM_VirtualProduct_280-1826_A1_280-0425,VirtualProduct_280-1826_A1,280-0425,1,280-0425,1,Y
BOM_VirtualProduct_280-1826_A3_101-0001,VirtualProduct_280-1826_A3,101-0001,1,101-0001,1,Y
BOM_VirtualProduct_280-1826_B1_504-1319,VirtualProduct_280-1826_B1,504-1319,1,504-1319,1,Y
BOM_VirtualProduct_280-1826_B1_504-1532,VirtualProduct_280-1826_B1,504-1532,1,504-1532,1,Y
BOM_VirtualProduct_280-1826_B1_504-1548,VirtualProduct_280-1826_B1,504-1548,1,504-1548,1,Y
BOM_VirtualProduct_280-1826_B1_504-1693,VirtualProduct_280-1826_B1,504-1693,1,504-1693,1,Y
BOM_VirtualProduct_280-1826_B1_504-1817,VirtualProduct_280-1826_B1,504-1817,1,504-1817,1,Y
BOM_VirtualProduct_280-1878_T6_101-0001,VirtualProduct_280-1878_T6,101-0001,1,101-0001,1,Y
BOM_VirtualProduct_280-1878_T7_504-1728,VirtualProduct_280-1878_T7,504-1728,1,504-1728,1,Y
BOM_VirtualProduct_280-1878_T7_504-1877,VirtualProduct_280-1878_T7,504-1877,1,504-1877,1,Y
BOM_VirtualProduct_280-1916-CD_B1_320-0328,VirtualProduct_280-1916-CD_B1,320-0328,1,320-0328,1,Y
BOM_VirtualProduct_280-1928_A1_280-0425,VirtualProduct_280-1928_A1,280-0425,1,280-0425,1,Y
BOM_VirtualProduct_280-1928_B1_504-1319,VirtualProduct_280-1928_B1,504-1319,1,504-1319,1,Y
BOM_VirtualProduct_280-1928_B1_504-1532,VirtualProduct_280-1928_B1,504-1532,1,504-1532,1,Y
BOM_VirtualProduct_280-1928_B1_504-1548,VirtualProduct_280-1928_B1,504-1548,1,504-1548,1,Y
BOM_VirtualProduct_280-1928_B1_504-1693,VirtualProduct_280-1928_B1,504-1693,1,504-1693,1,Y
BOM_VirtualProduct_280-1928_B1_504-1817,VirtualProduct_280-1928_B1,504-1817,1,504-1817,1,Y
BOM_VirtualProduct_280-1928_D1_101-0001,VirtualProduct_280-1928_D1,101-0001,1,101-0001,1,Y
BOM_VirtualProduct_280-1962-CD_A1_280-0425,VirtualProduct_280-1962-CD_A1,280-0425,1,280-0425,1,Y
BOM_VirtualProduct_280-1962-CD_B1_280-0607,VirtualProduct_280-1962-CD_B1,280-0607,1,280-0607,1,Y
BOM_VirtualProduct_280-1962-CD_B1_283-0098,VirtualProduct_280-1962-CD_B1,283-0098,1,283-0098,1,Y
BOM_VirtualProduct_280-1963-CD_A1_280-0607,VirtualProduct_280-1963-CD_A1,280-0607,1,280-0607,1,Y
BOM_VirtualProduct_280-1963-CD_A1_283-0098,VirtualProduct_280-1963-CD_A1,283-0098,1,283-0098,1,Y
BOM_VirtualProduct_280-1964-CD_A1_280-0607,VirtualProduct_280-1964-CD_A1,280-0607,1,280-0607,1,Y
BOM_VirtualProduct_280-1964-CD_A1_283-0098,VirtualProduct_280-1964-CD_A1,283-0098,1,283-0098,1,Y
BOM_VirtualProduct_280-1965-CD_A1_280-0425,VirtualProduct_280-1965-CD_A1,280-0425,1,280-0425,1,Y
BOM_VirtualProduct_280-1965-CD_B1_280-0607,VirtualProduct_280-1965-CD_B1,280-0607,1,280-0607,1,Y
BOM_VirtualProduct_280-1965-CD_B1_283-0098,VirtualProduct_280-1965-CD_B1,283-0098,1,283-0098,1,Y
BOM_VirtualProduct_280-1975-CD_A1_280-0607,VirtualProduct_280-1975-CD_A1,280-0607,1,280-0607,1,Y
BOM_VirtualProduct_280-1975-CD_A1_283-0098,VirtualProduct_280-1975-CD_A1,283-0098,1,283-0098,1,Y
BOM_VirtualProduct_280-2169_P1_504-1728,VirtualProduct_280-2169_P1,504-1728,1,504-1728,1,Y
BOM_VirtualProduct_280-2169_P1_504-1877,VirtualProduct_280-2169_P1,504-1877,1,504-1877,1,Y
BOM_VirtualProduct_280-2169_T1_280-1480-27,VirtualProduct_280-2169_T1,280-1480-27,1,280-1480-27,1,Y
BOM_VirtualProduct_280-2169_T2_280-1480-29,VirtualProduct_280-2169_T2,280-1480-29,1,280-1480-29,1,Y
BOM_VirtualProduct_280-2169_T3_280-1480-31,VirtualProduct_280-2169_T3,280-1480-31,1,280-1480-31,1,Y
BOM_VirtualProduct_280-2169_T4_280-1480-33,VirtualProduct_280-2169_T4,280-1480-33,1,280-1480-33,1,Y
BOM_VirtualProduct_280-2169_T5_280-0425,VirtualProduct_280-2169_T5,280-0425,1,280-0425,1,Y
BOM_VirtualProduct_500-3817-04_A2_502-1733,VirtualProduct_500-3817-04_A2,502-1733,1,502-1733,1,Y
BOM_VirtualProduct_500-3820-04_A2_502-1733,VirtualProduct_500-3820-04_A2,502-1733,1,502-1733,1,Y
BOM_VirtualProduct_500-3953-06-TW_A1_260-0141-02,VirtualProduct_500-3953-06-TW_A1,260-0141-02,1,260-0141-02,1,Y
BOM_VirtualProduct_500-3953-06-TW_A1_260-0236,VirtualProduct_500-3953-06-TW_A1,260-0236,1,260-0236,1,Y
BOM_VirtualProduct_500-4294-02-TW_A1_260-0141-02,VirtualProduct_500-4294-02-TW_A1,260-0141-02,1,260-0141-02,1,Y
BOM_VirtualProduct_500-4294-02-TW_A1_260-0236,VirtualProduct_500-4294-02-TW_A1,260-0236,1,260-0236,1,Y
BOM_VirtualProduct_500-4294-02-TW_A2_310-0407,VirtualProduct_500-4294-02-TW_A2,310-0407,1,310-0407,1,Y
BOM_VirtualProduct_500-4294-02-TW_A2_340-0063,VirtualProduct_500-4294-02-TW_A2,340-0063,1,340-0063,1,Y
BOM_VirtualProduct_500-4295-02-TW_A1_260-0141-02,VirtualProduct_500-4295-02-TW_A1,260-0141-02,1,260-0141-02,1,Y
BOM_VirtualProduct_500-4295-02-TW_A1_260-0236,VirtualProduct_500-4295-02-TW_A1,260-0236,1,260-0236,1,Y
BOM_VirtualProduct_500-4295-02-TW_A2_310-0407,VirtualProduct_500-4295-02-TW_A2,310-0407,1,310-0407,1,Y
BOM_VirtualProduct_500-4295-02-TW_A2_340-0063,VirtualProduct_500-4295-02-TW_A2,340-0063,1,340-0063,1,Y
BOM_VirtualProduct_500-4961-003_A1_220-0230-003,VirtualProduct_500-4961-003_A1,220-0230-003,1,220-0230-003,1,Y
BOM_VirtualProduct_500-4961-005_A1_220-0230-005,VirtualProduct_500-4961-005_A1,220-0230-005,1,220-0230-005,1,Y
BOM_VirtualProduct_500-4961-007_A1_220-0230-007,VirtualProduct_500-4961-007_A1,220-0230-007,1,220-0230-007,1,Y
BOM_VirtualProduct_500-4961-010_A1_220-0230-010,VirtualProduct_500-4961-010_A1,220-0230-010,1,220-0230-010,1,Y
BOM_VirtualProduct_500-4961-030_A1_220-0230-030,VirtualProduct_500-4961-030_A1,220-0230-030,1,220-0230-030,1,Y
BOM_VirtualProduct_500-4961-030_A1_280-0845-030,VirtualProduct_500-4961-030_A1,280-0845-030,1,280-0845-030,1,Y
BOM_VirtualProduct_500-4962-010_A1_220-0230-010,VirtualProduct_500-4962-010_A1,220-0230-010,1,220-0230-010,1,Y
BOM_VirtualProduct_500-5008-TW_A2_310-0407,VirtualProduct_500-5008-TW_A2,310-0407,1,310-0407,1,Y
BOM_VirtualProduct_500-5008-TW_A2_340-0063,VirtualProduct_500-5008-TW_A2,340-0063,1,340-0063,1,Y
BOM_VirtualProduct_500-5009-TW_A2_310-0407,VirtualProduct_500-5009-TW_A2,310-0407,1,310-0407,1,Y
BOM_VirtualProduct_500-5009-TW_A2_340-0063,VirtualProduct_500-5009-TW_A2,340-0063,1,340-0063,1,Y
BOM_VirtualProduct_500-5071-TW_A2_310-0407,VirtualProduct_500-5071-TW_A2,310-0407,1,310-0407,1,Y
BOM_VirtualProduct_500-5071-TW_A2_340-0063,VirtualProduct_500-5071-TW_A2,340-0063,1,340-0063,1,Y
BOM_VirtualProduct_500-5215-010_A1_220-0230-010,VirtualProduct_500-5215-010_A1,220-0230-010,1,220-0230-010,1,Y
BOM_VirtualProduct_500-5216-003_A1_220-0230-003,VirtualProduct_500-5216-003_A1,220-0230-003,1,220-0230-003,1,Y
BOM_VirtualProduct_500-5216-005_A1_220-0230-005,VirtualProduct_500-5216-005_A1,220-0230-005,1,220-0230-005,1,Y
BOM_VirtualProduct_500-5216-007_A1_220-0230-007,VirtualProduct_500-5216-007_A1,220-0230-007,1,220-0230-007,1,Y
BOM_VirtualProduct_500-5216-010_A1_220-0230-010,VirtualProduct_500-5216-010_A1,220-0230-010,1,220-0230-010,1,Y
BOM_VirtualProduct_500-5216-030_A1_220-0230-030,VirtualProduct_500-5216-030_A1,220-0230-030,1,220-0230-030,1,Y
BOM_VirtualProduct_500-5216-030_A1_280-0845-030,VirtualProduct_500-5216-030_A1,280-0845-030,1,280-0845-030,1,Y
BOM_VirtualProduct_500-5391-001_A1_220-0230-001,VirtualProduct_500-5391-001_A1,220-0230-001,1,220-0230-001,1,Y
BOM_VirtualProduct_500-5391-002_A1_220-0230-002,VirtualProduct_500-5391-002_A1,220-0230-002,1,220-0230-002,1,Y
BOM_VirtualProduct_500-5391-003_A1_220-0230-003,VirtualProduct_500-5391-003_A1,220-0230-003,1,220-0230-003,1,Y
BOM_VirtualProduct_500-5391-005_A1_220-0230-005,VirtualProduct_500-5391-005_A1,220-0230-005,1,220-0230-005,1,Y
BOM_VirtualProduct_500-5391-007_A1_220-0230-007,VirtualProduct_500-5391-007_A1,220-0230-007,1,220-0230-007,1,Y
BOM_VirtualProduct_500-5391-010_A1_220-0230-010,VirtualProduct_500-5391-010_A1,220-0230-010,1,220-0230-010,1,Y
BOM_VirtualProduct_500-5391-015_A1_220-0230-015,VirtualProduct_500-5391-015_A1,220-0230-015,1,220-0230-015,1,Y
BOM_VirtualProduct_500-5495-001_A1_220-0230-001,VirtualProduct_500-5495-001_A1,220-0230-001,1,220-0230-001,1,Y
BOM_VirtualProduct_500-5495-002_A1_220-0230-002,VirtualProduct_500-5495-002_A1,220-0230-002,1,220-0230-002,1,Y
BOM_VirtualProduct_500-5495-003_A1_220-0230-003,VirtualProduct_500-5495-003_A1,220-0230-003,1,220-0230-003,1,Y
BOM_VirtualProduct_500-5495-005_A1_220-0230-005,VirtualProduct_500-5495-005_A1,220-0230-005,1,220-0230-005,1,Y
BOM_VirtualProduct_500-5495-007_A1_220-0230-007,VirtualProduct_500-5495-007_A1,220-0230-007,1,220-0230-007,1,Y
BOM_VirtualProduct_500-5495-010_A1_220-0230-010,VirtualProduct_500-5495-010_A1,220-0230-010,1,220-0230-010,1,Y
BOM_VirtualProduct_500-5495-015_A1_220-0230-015,VirtualProduct_500-5495-015_A1,220-0230-015,1,220-0230-015,1,Y
BOM_VirtualProduct_500-5495-025_A1_220-0230-025,VirtualProduct_500-5495-025_A1,220-0230-025,1,220-0230-025,1,Y
BOM_VirtualProduct_500-5495-030_A1_220-0230-030,VirtualProduct_500-5495-030_A1,220-0230-030,1,220-0230-030,1,Y
BOM_VirtualProduct_500-5495-030_A1_280-0845-030,VirtualProduct_500-5495-030_A1,280-0845-030,1,280-0845-030,1,Y
BOM_VirtualProduct_500-5586_A1_502-2502,VirtualProduct_500-5586_A1,502-2502,1,502-2502,1,Y
BOM_VirtualProduct_500-5586_A1_502-3062,VirtualProduct_500-5586_A1,502-3062,1,502-3062,1,Y
BOM_VirtualProduct_500-5586_A1_502-3063,VirtualProduct_500-5586_A1,502-3063,1,502-3063,1,Y
BOM_VirtualProduct_500-5614-001_A1_220-0230-001,VirtualProduct_500-5614-001_A1,220-0230-001,1,220-0230-001,1,Y
BOM_VirtualProduct_500-5614-002_A1_220-0230-002,VirtualProduct_500-5614-002_A1,220-0230-002,1,220-0230-002,1,Y
BOM_VirtualProduct_500-5614-003_A1_220-0230-003,VirtualProduct_500-5614-003_A1,220-0230-003,1,220-0230-003,1,Y
BOM_VirtualProduct_500-5614-005_A1_220-0230-005,VirtualProduct_500-5614-005_A1,220-0230-005,1,220-0230-005,1,Y
BOM_VirtualProduct_500-5614-007_A1_220-0230-007,VirtualProduct_500-5614-007_A1,220-0230-007,1,220-0230-007,1,Y
BOM_VirtualProduct_500-5614-010_A1_220-0230-010,VirtualProduct_500-5614-010_A1,220-0230-010,1,220-0230-010,1,Y
BOM_VirtualProduct_500-5614-015_A1_220-0230-015,VirtualProduct_500-5614-015_A1,220-0230-015,1,220-0230-015,1,Y
BOM_VirtualProduct_500-5614-025_A1_220-0230-025,VirtualProduct_500-5614-025_A1,220-0230-025,1,220-0230-025,1,Y
BOM_VirtualProduct_500-5614-030_A1_220-0230-030,VirtualProduct_500-5614-030_A1,220-0230-030,1,220-0230-030,1,Y
BOM_VirtualProduct_500-5614-030_A1_280-0845-030,VirtualProduct_500-5614-030_A1,280-0845-030,1,280-0845-030,1,Y
BOM_VirtualProduct_500-5615-001_A1_220-0230-001,VirtualProduct_500-5615-001_A1,220-0230-001,1,220-0230-001,1,Y
BOM_VirtualProduct_500-5615-002_A1_220-0230-002,VirtualProduct_500-5615-002_A1,220-0230-002,1,220-0230-002,1,Y
BOM_VirtualProduct_500-5615-003_A1_220-0230-003,VirtualProduct_500-5615-003_A1,220-0230-003,1,220-0230-003,1,Y
BOM_VirtualProduct_500-5615-005_A1_220-0230-005,VirtualProduct_500-5615-005_A1,220-0230-005,1,220-0230-005,1,Y
BOM_VirtualProduct_500-5615-007_A1_220-0230-007,VirtualProduct_500-5615-007_A1,220-0230-007,1,220-0230-007,1,Y
BOM_VirtualProduct_500-5615-010_A1_220-0230-010,VirtualProduct_500-5615-010_A1,220-0230-010,1,220-0230-010,1,Y
BOM_VirtualProduct_500-5615-015_A1_220-0230-015,VirtualProduct_500-5615-015_A1,220-0230-015,1,220-0230-015,1,Y
BOM_VirtualProduct_500-5615-025_A1_220-0230-025,VirtualProduct_500-5615-025_A1,220-0230-025,1,220-0230-025,1,Y
BOM_VirtualProduct_500-5615-030_A1_220-0230-030,VirtualProduct_500-5615-030_A1,220-0230-030,1,220-0230-030,1,Y
BOM_VirtualProduct_500-5615-030_A1_280-0845-030,VirtualProduct_500-5615-030_A1,280-0845-030,1,280-0845-030,1,Y
BOM_VirtualProduct_500-5633-003_A1_220-0230-003,VirtualProduct_500-5633-003_A1,220-0230-003,1,220-0230-003,1,Y
BOM_VirtualProduct_500-5633-005_A1_220-0230-005,VirtualProduct_500-5633-005_A1,220-0230-005,1,220-0230-005,1,Y
BOM_VirtualProduct_500-5633-007_A1_220-0230-007,VirtualProduct_500-5633-007_A1,220-0230-007,1,220-0230-007,1,Y
BOM_VirtualProduct_500-5633-010_A1_220-0230-010,VirtualProduct_500-5633-010_A1,220-0230-010,1,220-0230-010,1,Y
BOM_VirtualProduct_500-5633-030_A1_220-0230-030,VirtualProduct_500-5633-030_A1,220-0230-030,1,220-0230-030,1,Y
BOM_VirtualProduct_500-5633-030_A1_280-0845-030,VirtualProduct_500-5633-030_A1,280-0845-030,1,280-0845-030,1,Y
BOM_VirtualProduct_500-5851_A1_502-2502,VirtualProduct_500-5851_A1,502-2502,1,502-2502,1,Y
BOM_VirtualProduct_500-5851_A1_502-3058,VirtualProduct_500-5851_A1,502-3058,1,502-3058,1,Y
BOM_VirtualProduct_500-5851_A1_502-3059,VirtualProduct_500-5851_A1,502-3059,1,502-3059,1,Y
BOM_VirtualProduct_500-5988_A1_502-2502,VirtualProduct_500-5988_A1,502-2502,1,502-2502,1,Y
BOM_VirtualProduct_500-5988_A1_502-3060,VirtualProduct_500-5988_A1,502-3060,1,502-3060,1,Y
BOM_VirtualProduct_500-5988_A1_502-3061,VirtualProduct_500-5988_A1,502-3061,1,502-3061,1,Y
BOM_VirtualProduct_500-6250-003_A1_220-0230-003,VirtualProduct_500-6250-003_A1,220-0230-003,1,220-0230-003,1,Y
BOM_VirtualProduct_500-6250-005_A1_220-0230-005,VirtualProduct_500-6250-005_A1,220-0230-005,1,220-0230-005,1,Y
BOM_VirtualProduct_500-6250-007_A1_220-0230-007,VirtualProduct_500-6250-007_A1,220-0230-007,1,220-0230-007,1,Y
BOM_VirtualProduct_500-6250-010_A1_220-0230-010,VirtualProduct_500-6250-010_A1,220-0230-010,1,220-0230-010,1,Y
BOM_VirtualProduct_500-6283-003_A1_220-0230-003,VirtualProduct_500-6283-003_A1,220-0230-003,1,220-0230-003,1,Y
BOM_VirtualProduct_500-6283-005_A1_220-0230-005,VirtualProduct_500-6283-005_A1,220-0230-005,1,220-0230-005,1,Y
BOM_VirtualProduct_500-6283-007_A1_220-0230-007,VirtualProduct_500-6283-007_A1,220-0230-007,1,220-0230-007,1,Y
BOM_VirtualProduct_500-6283-010_A1_220-0230-010,VirtualProduct_500-6283-010_A1,220-0230-010,1,220-0230-010,1,Y
BOM_VirtualProduct_500-6283-015_A1_220-0230-015,VirtualProduct_500-6283-015_A1,220-0230-015,1,220-0230-015,1,Y
BOM_VirtualProduct_500-6357-001_A1_220-0230-001,VirtualProduct_500-6357-001_A1,220-0230-001,1,220-0230-001,1,Y
BOM_VirtualProduct_500-6357-003_A1_220-0230-003,VirtualProduct_500-6357-003_A1,220-0230-003,1,220-0230-003,1,Y
BOM_VirtualProduct_500-6357-005_A1_220-0230-005,VirtualProduct_500-6357-005_A1,220-0230-005,1,220-0230-005,1,Y
BOM_VirtualProduct_500-6357-007_A1_220-0230-007,VirtualProduct_500-6357-007_A1,220-0230-007,1,220-0230-007,1,Y
BOM_VirtualProduct_500-6357-010_A1_220-0230-010,VirtualProduct_500-6357-010_A1,220-0230-010,1,220-0230-010,1,Y
BOM_VirtualProduct_500-6357-015_A1_220-0230-015,VirtualProduct_500-6357-015_A1,220-0230-015,1,220-0230-015,1,Y
BOM_VirtualProduct_500-6357-030_A1_220-0230-030,VirtualProduct_500-6357-030_A1,220-0230-030,1,220-0230-030,1,Y
BOM_VirtualProduct_500-6357-030_A1_280-0845-030,VirtualProduct_500-6357-030_A1,280-0845-030,1,280-0845-030,1,Y
BOM_VirtualProduct_500-6382-001_A1_220-0230-001,VirtualProduct_500-6382-001_A1,220-0230-001,1,220-0230-001,1,Y
BOM_VirtualProduct_500-6382-003_A1_220-0230-003,VirtualProduct_500-6382-003_A1,220-0230-003,1,220-0230-003,1,Y
BOM_VirtualProduct_500-6382-005_A1_220-0230-005,VirtualProduct_500-6382-005_A1,220-0230-005,1,220-0230-005,1,Y
BOM_VirtualProduct_500-6382-007_A1_220-0230-007,VirtualProduct_500-6382-007_A1,220-0230-007,1,220-0230-007,1,Y
BOM_VirtualProduct_500-6382-010_A1_220-0230-010,VirtualProduct_500-6382-010_A1,220-0230-010,1,220-0230-010,1,Y
BOM_VirtualProduct_500-6382-015_A1_220-0230-015,VirtualProduct_500-6382-015_A1,220-0230-015,1,220-0230-015,1,Y
BOM_VirtualProduct_500-6382-030_A1_220-0230-030,VirtualProduct_500-6382-030_A1,220-0230-030,1,220-0230-030,1,Y
BOM_VirtualProduct_500-6382-030_A1_280-0845-030,VirtualProduct_500-6382-030_A1,280-0845-030,1,280-0845-030,1,Y
BOM_VirtualProduct_500-6383-001_A1_220-0230-001,VirtualProduct_500-6383-001_A1,220-0230-001,1,220-0230-001,1,Y
BOM_VirtualProduct_500-6383-003_A1_220-0230-003,VirtualProduct_500-6383-003_A1,220-0230-003,1,220-0230-003,1,Y
BOM_VirtualProduct_500-6383-005_A1_220-0230-005,VirtualProduct_500-6383-005_A1,220-0230-005,1,220-0230-005,1,Y
BOM_VirtualProduct_500-6383-007_A1_220-0230-007,VirtualProduct_500-6383-007_A1,220-0230-007,1,220-0230-007,1,Y
BOM_VirtualProduct_500-6383-010_A1_220-0230-010,VirtualProduct_500-6383-010_A1,220-0230-010,1,220-0230-010,1,Y
BOM_VirtualProduct_500-6383-015_A1_220-0230-015,VirtualProduct_500-6383-015_A1,220-0230-015,1,220-0230-015,1,Y
BOM_VirtualProduct_500-6383-030_A1_220-0230-030,VirtualProduct_500-6383-030_A1,220-0230-030,1,220-0230-030,1,Y
BOM_VirtualProduct_500-6383-030_A1_280-0845-030,VirtualProduct_500-6383-030_A1,280-0845-030,1,280-0845-030,1,Y
BOM_VirtualProduct_500-7206-003_A1_220-0230-003,VirtualProduct_500-7206-003_A1,220-0230-003,1,220-0230-003,1,Y
BOM_VirtualProduct_500-7206-005_A1_220-0230-005,VirtualProduct_500-7206-005_A1,220-0230-005,1,220-0230-005,1,Y
BOM_VirtualProduct_500-7206-007_A1_220-0230-007,VirtualProduct_500-7206-007_A1,220-0230-007,1,220-0230-007,1,Y
BOM_VirtualProduct_500-7206-010_A1_220-0230-010,VirtualProduct_500-7206-010_A1,220-0230-010,1,220-0230-010,1,Y
BOM_VirtualProduct_500-7206-015_A1_220-0230-015,VirtualProduct_500-7206-015_A1,220-0230-015,1,220-0230-015,1,Y
BOM_VirtualProduct_500-7207-001_A1_220-0230-001,VirtualProduct_500-7207-001_A1,220-0230-001,1,220-0230-001,1,Y
BOM_VirtualProduct_500-7207-002_A1_220-0230-002,VirtualProduct_500-7207-002_A1,220-0230-002,1,220-0230-002,1,Y
BOM_VirtualProduct_500-7207-003_A1_220-0230-003,VirtualProduct_500-7207-003_A1,220-0230-003,1,220-0230-003,1,Y
BOM_VirtualProduct_500-7207-005_A1_220-0230-005,VirtualProduct_500-7207-005_A1,220-0230-005,1,220-0230-005,1,Y
BOM_VirtualProduct_500-7207-007_A1_220-0230-007,VirtualProduct_500-7207-007_A1,220-0230-007,1,220-0230-007,1,Y
BOM_VirtualProduct_500-7207-010_A1_220-0230-010,VirtualProduct_500-7207-010_A1,220-0230-010,1,220-0230-010,1,Y
BOM_VirtualProduct_500-7207-015_A1_220-0230-015,VirtualProduct_500-7207-015_A1,220-0230-015,1,220-0230-015,1,Y
BOM_VirtualProduct_500-7207-025_A1_220-0230-025,VirtualProduct_500-7207-025_A1,220-0230-025,1,220-0230-025,1,Y
BOM_VirtualProduct_500-7207-030_A1_220-0230-030,VirtualProduct_500-7207-030_A1,220-0230-030,1,220-0230-030,1,Y
BOM_VirtualProduct_500-7207-030_A1_280-0845-030,VirtualProduct_500-7207-030_A1,280-0845-030,1,280-0845-030,1,Y
BOM_VirtualProduct_502-1678_A1_302-0007,VirtualProduct_502-1678_A1,302-0007,1,302-0007,1,Y
BOM_VirtualProduct_502-1678_A3_302-0004,VirtualProduct_502-1678_A3,302-0004,1,302-0004,1,Y
BOM_VirtualProduct_502-1693_A1_302-0004,VirtualProduct_502-1693_A1,302-0004,1,302-0004,1,Y
BOM_VirtualProduct_502-1693_A3_302-0007,VirtualProduct_502-1693_A3,302-0007,1,302-0007,1,Y
BOM_VirtualProduct_502-1713_A1_302-0007,VirtualProduct_502-1713_A1,302-0007,1,302-0007,1,Y
BOM_VirtualProduct_502-1713_A2_302-0004,VirtualProduct_502-1713_A2,302-0004,1,302-0004,1,Y
BOM_VirtualProduct_502-1728_A1_302-0007,VirtualProduct_502-1728_A1,302-0007,1,302-0007,1,Y
BOM_VirtualProduct_502-1728_A2_302-0004,VirtualProduct_502-1728_A2,302-0004,1,302-0004,1,Y
BOM_VirtualProduct_502-1733_A1_302-0004,VirtualProduct_502-1733_A1,302-0004,1,302-0004,1,Y
BOM_VirtualProduct_502-1733_A2_302-0007,VirtualProduct_502-1733_A2,302-0007,1,302-0007,1,Y
BOM_VirtualProduct_502-1783-02_A1_260-0141-02,VirtualProduct_502-1783-02_A1,260-0141-02,1,260-0141-02,1,Y
BOM_VirtualProduct_502-1783-02_A1_260-0141-02-R,VirtualProduct_502-1783-02_A1,260-0141-02-R,1,260-0141-02-R,1,Y
BOM_VirtualProduct_502-1783-02_A1_260-0236,VirtualProduct_502-1783-02_A1,260-0236,1,260-0236,1,Y
BOM_VirtualProduct_502-1783-02_A1_260-0278,VirtualProduct_502-1783-02_A1,260-0278,1,260-0278,1,Y
BOM_VirtualProduct_502-1783-02_A2_300-0151,VirtualProduct_502-1783-02_A2,300-0151,1,300-0151,1,Y
BOM_VirtualProduct_502-1783-02_A3_310-0407,VirtualProduct_502-1783-02_A3,310-0407,1,310-0407,1,Y
BOM_VirtualProduct_502-1783-02-RW_A1_260-0141-02-R,VirtualProduct_502-1783-02-RW_A1,260-0141-02-R,1,260-0141-02-R,1,Y
BOM_VirtualProduct_502-1793_B3_260-0247,VirtualProduct_502-1793_B3,260-0247,1,260-0247,1,Y
BOM_VirtualProduct_502-1818_A1_302-0007,VirtualProduct_502-1818_A1,302-0007,1,302-0007,1,Y
BOM_VirtualProduct_502-1818_A2_302-0004,VirtualProduct_502-1818_A2,302-0004,1,302-0004,1,Y
BOM_VirtualProduct_502-1822_A1_302-0007,VirtualProduct_502-1822_A1,302-0007,1,302-0007,1,Y
BOM_VirtualProduct_502-1822_A2_302-0004,VirtualProduct_502-1822_A2,302-0004,1,302-0004,1,Y
BOM_VirtualProduct_502-1822_A3_504-1482,VirtualProduct_502-1822_A3,504-1482,1,504-1482,1,Y
BOM_VirtualProduct_502-1822_A3_504-1747,VirtualProduct_502-1822_A3,504-1747,1,504-1747,1,Y
BOM_VirtualProduct_502-1847-01_A1_302-0007,VirtualProduct_502-1847-01_A1,302-0007,1,302-0007,1,Y
BOM_VirtualProduct_502-1847-01_A3_302-0004,VirtualProduct_502-1847-01_A3,302-0004,1,302-0004,1,Y
BOM_VirtualProduct_502-1847-02_A1_302-0004,VirtualProduct_502-1847-02_A1,302-0004,1,302-0004,1,Y
BOM_VirtualProduct_502-1847-02_A3_302-0007,VirtualProduct_502-1847-02_A3,302-0007,1,302-0007,1,Y
BOM_VirtualProduct_502-1847-03_A1_302-0007,VirtualProduct_502-1847-03_A1,302-0007,1,302-0007,1,Y
BOM_VirtualProduct_502-1847-03_A3_302-0004,VirtualProduct_502-1847-03_A3,302-0004,1,302-0004,1,Y
BOM_VirtualProduct_502-1853_A1_302-0007,VirtualProduct_502-1853_A1,302-0007,1,302-0007,1,Y
BOM_VirtualProduct_502-1853_A2_302-0004,VirtualProduct_502-1853_A2,302-0004,1,302-0004,1,Y
BOM_VirtualProduct_502-1853_A3_504-1482,VirtualProduct_502-1853_A3,504-1482,1,504-1482,1,Y
BOM_VirtualProduct_502-1853_A3_504-1747,VirtualProduct_502-1853_A3,504-1747,1,504-1747,1,Y
BOM_VirtualProduct_502-1855-02_A4_260-0141-02,VirtualProduct_502-1855-02_A4,260-0141-02,1,260-0141-02,1,Y
BOM_VirtualProduct_502-1880-01_A1_302-0007,VirtualProduct_502-1880-01_A1,302-0007,1,302-0007,1,Y
BOM_VirtualProduct_502-1880-01_A2_302-0004,VirtualProduct_502-1880-01_A2,302-0004,1,302-0004,1,Y
BOM_VirtualProduct_502-1892_A1_504-1482,VirtualProduct_502-1892_A1,504-1482,1,504-1482,1,Y
BOM_VirtualProduct_502-1892_A1_504-1747,VirtualProduct_502-1892_A1,504-1747,1,504-1747,1,Y
BOM_VirtualProduct_502-1892_A2_302-0007,VirtualProduct_502-1892_A2,302-0007,1,302-0007,1,Y
BOM_VirtualProduct_502-1892_B1_302-0004,VirtualProduct_502-1892_B1,302-0004,1,302-0004,1,Y
BOM_VirtualProduct_502-1931_A1_302-0007,VirtualProduct_502-1931_A1,302-0007,1,302-0007,1,Y
BOM_VirtualProduct_502-1931_A2_302-0004,VirtualProduct_502-1931_A2,302-0004,1,302-0004,1,Y
BOM_VirtualProduct_502-1931_A3_504-1482,VirtualProduct_502-1931_A3,504-1482,1,504-1482,1,Y
BOM_VirtualProduct_502-1931_A3_504-1747,VirtualProduct_502-1931_A3,504-1747,1,504-1747,1,Y
BOM_VirtualProduct_502-1945_A1_302-0007,VirtualProduct_502-1945_A1,302-0007,1,302-0007,1,Y
BOM_VirtualProduct_502-1945_A2_302-0004,VirtualProduct_502-1945_A2,302-0004,1,302-0004,1,Y
BOM_VirtualProduct_502-1986_A1_302-0007,VirtualProduct_502-1986_A1,302-0007,1,302-0007,1,Y
BOM_VirtualProduct_502-1986_A2_302-0004,VirtualProduct_502-1986_A2,302-0004,1,302-0004,1,Y
BOM_VirtualProduct_502-1986_A3_504-1482,VirtualProduct_502-1986_A3,504-1482,1,504-1482,1,Y
BOM_VirtualProduct_502-1986_A3_504-1747,VirtualProduct_502-1986_A3,504-1747,1,504-1747,1,Y
BOM_VirtualProduct_502-2003_A1_260-0199,VirtualProduct_502-2003_A1,260-0199,1,260-0199,1,Y
BOM_VirtualProduct_502-2003_A1_260-0199-R,VirtualProduct_502-2003_A1,260-0199-R,1,260-0199-R,1,Y
BOM_VirtualProduct_502-2109_A2_260-0141-02,VirtualProduct_502-2109_A2,260-0141-02,1,260-0141-02,1,Y
BOM_VirtualProduct_502-2119_A1_260-0141-02,VirtualProduct_502-2119_A1,260-0141-02,1,260-0141-02,1,Y
BOM_VirtualProduct_502-2119_A2_300-0151,VirtualProduct_502-2119_A2,300-0151,1,300-0151,1,Y
BOM_VirtualProduct_502-2119_A3_310-0591,VirtualProduct_502-2119_A3,310-0591,1,310-0591,1,Y
BOM_VirtualProduct_502-2204_B1_302-0007,VirtualProduct_502-2204_B1,302-0007,1,302-0007,1,Y
BOM_VirtualProduct_502-2204_B2_302-0004,VirtualProduct_502-2204_B2,302-0004,1,302-0004,1,Y
BOM_VirtualProduct_502-2205_A1_302-0007,VirtualProduct_502-2205_A1,302-0007,1,302-0007,1,Y
BOM_VirtualProduct_502-2205_A2_302-0004,VirtualProduct_502-2205_A2,302-0004,1,302-0004,1,Y
BOM_VirtualProduct_502-2209_B1_260-0152-02,VirtualProduct_502-2209_B1,260-0152-02,1,260-0152-02,1,Y
BOM_VirtualProduct_502-2209_B1_260-0233,VirtualProduct_502-2209_B1,260-0233,1,260-0233,1,Y
BOM_VirtualProduct_502-2219_A1_260-0141-02,VirtualProduct_502-2219_A1,260-0141-02,1,260-0141-02,1,Y
BOM_VirtualProduct_502-2241_A1_260-0261,VirtualProduct_502-2241_A1,260-0261,1,260-0261,1,Y
BOM_VirtualProduct_502-2276_A1_504-1974,VirtualProduct_502-2276_A1,504-1974,1,504-1974,1,Y
BOM_VirtualProduct_502-2304_B1_260-0250,VirtualProduct_502-2304_B1,260-0250,1,260-0250,1,Y
BOM_VirtualProduct_502-2304_B1_260-0306,VirtualProduct_502-2304_B1,260-0306,1,260-0306,1,Y
BOM_VirtualProduct_502-2304_B1_260-0325,VirtualProduct_502-2304_B1,260-0325,1,260-0325,1,Y
BOM_VirtualProduct_502-2304_B1_260-0555,VirtualProduct_502-2304_B1,260-0555,1,260-0555,1,Y
BOM_VirtualProduct_502-2308_A1_262-0164-CD,VirtualProduct_502-2308_A1,262-0164-CD,1,262-0164-CD,1,Y
BOM_VirtualProduct_502-2308_C1_300-0316,VirtualProduct_502-2308_C1,300-0316,1,300-0316,1,Y
BOM_VirtualProduct_502-2308_D1_300-0317,VirtualProduct_502-2308_D1,300-0317,1,300-0317,1,Y
BOM_VirtualProduct_502-2308_E1_310-0357,VirtualProduct_502-2308_E1,310-0357,1,310-0357,1,Y
BOM_VirtualProduct_502-2339_A1_504-1976,VirtualProduct_502-2339_A1,504-1976,1,504-1976,1,Y
BOM_VirtualProduct_502-2346_A2_260-0152-02,VirtualProduct_502-2346_A2,260-0152-02,1,260-0152-02,1,Y
BOM_VirtualProduct_502-2375_A1_260-0141-02,VirtualProduct_502-2375_A1,260-0141-02,1,260-0141-02,1,Y
BOM_VirtualProduct_502-2377_A2_260-0141-02,VirtualProduct_502-2377_A2,260-0141-02,1,260-0141-02,1,Y
BOM_VirtualProduct_502-2388_A1_260-0247,VirtualProduct_502-2388_A1,260-0247,1,260-0247,1,Y
BOM_VirtualProduct_502-2461_A1_262-0026,VirtualProduct_502-2461_A1,262-0026,1,262-0026,1,Y
BOM_VirtualProduct_502-2461_A1_504-1976,VirtualProduct_502-2461_A1,504-1976,1,504-1976,1,Y
BOM_VirtualProduct_502-2488_A1_262-0197-CD,VirtualProduct_502-2488_A1,262-0197-CD,1,262-0197-CD,1,Y
BOM_VirtualProduct_502-2502_A1_262-0101-CD,VirtualProduct_502-2502_A1,262-0101-CD,1,262-0101-CD,1,Y
BOM_VirtualProduct_502-2502_A1_504-1973,VirtualProduct_502-2502_A1,504-1973,1,504-1973,1,Y
BOM_VirtualProduct_502-2502_C1_300-0316,VirtualProduct_502-2502_C1,300-0316,1,300-0316,1,Y
BOM_VirtualProduct_502-2502_D1_300-0317,VirtualProduct_502-2502_D1,300-0317,1,300-0317,1,Y
BOM_VirtualProduct_502-2502_E1_310-0357,VirtualProduct_502-2502_E1,310-0357,1,310-0357,1,Y
BOM_VirtualProduct_502-2515_A1_504-1976,VirtualProduct_502-2515_A1,504-1976,1,504-1976,1,Y
BOM_VirtualProduct_502-2516_A1_262-0026,VirtualProduct_502-2516_A1,262-0026,1,262-0026,1,Y
BOM_VirtualProduct_502-2516_A1_504-1976,VirtualProduct_502-2516_A1,504-1976,1,504-1976,1,Y
BOM_VirtualProduct_502-2534_A1_260-0261,VirtualProduct_502-2534_A1,260-0261,1,260-0261,1,Y
BOM_VirtualProduct_502-2545_A1_260-0261,VirtualProduct_502-2545_A1,260-0261,1,260-0261,1,Y
BOM_VirtualProduct_502-2546_A1_260-0261,VirtualProduct_502-2546_A1,260-0261,1,260-0261,1,Y
BOM_VirtualProduct_502-2547_C1_504-1973,VirtualProduct_502-2547_C1,504-1973,1,504-1973,1,Y
BOM_VirtualProduct_502-2617_A1_260-0141-02,VirtualProduct_502-2617_A1,260-0141-02,1,260-0141-02,1,Y
BOM_VirtualProduct_502-2619_A1_260-0250,VirtualProduct_502-2619_A1,260-0250,1,260-0250,1,Y
BOM_VirtualProduct_502-2619_A1_260-0306,VirtualProduct_502-2619_A1,260-0306,1,260-0306,1,Y
BOM_VirtualProduct_502-2619_A1_260-0325,VirtualProduct_502-2619_A1,260-0325,1,260-0325,1,Y
BOM_VirtualProduct_502-2619_A1_260-0555,VirtualProduct_502-2619_A1,260-0555,1,260-0555,1,Y
BOM_VirtualProduct_502-2638_C1_504-1976,VirtualProduct_502-2638_C1,504-1976,1,504-1976,1,Y
BOM_VirtualProduct_502-2647_A1_262-0005,VirtualProduct_502-2647_A1,262-0005,1,262-0005,1,Y
BOM_VirtualProduct_502-2648_A1_262-0004,VirtualProduct_502-2648_A1,262-0004,1,262-0004,1,Y
BOM_VirtualProduct_502-2709_A1_340-0063,VirtualProduct_502-2709_A1,340-0063,1,340-0063,1,Y
BOM_VirtualProduct_502-2723_A1_311-0437,VirtualProduct_502-2723_A1,311-0437,1,311-0437,1,Y
BOM_VirtualProduct_502-2729_A1_504-1973,VirtualProduct_502-2729_A1,504-1973,1,504-1973,1,Y
BOM_VirtualProduct_502-2783_A1_310-0166,VirtualProduct_502-2783_A1,310-0166,1,310-0166,1,Y
BOM_VirtualProduct_502-2783_C1_311-0207,VirtualProduct_502-2783_C1,311-0207,1,311-0207,1,Y
BOM_VirtualProduct_502-2784_A1_310-0166,VirtualProduct_502-2784_A1,310-0166,1,310-0166,1,Y
BOM_VirtualProduct_502-2784_C1_311-0207,VirtualProduct_502-2784_C1,311-0207,1,311-0207,1,Y
BOM_VirtualProduct_502-2795_A1_504-1973,VirtualProduct_502-2795_A1,504-1973,1,504-1973,1,Y
BOM_VirtualProduct_502-2810_A1_504-1973,VirtualProduct_502-2810_A1,504-1973,1,504-1973,1,Y
BOM_VirtualProduct_502-2842_C1_300-0316,VirtualProduct_502-2842_C1,300-0316,1,300-0316,1,Y
BOM_VirtualProduct_502-2842_D1_300-0317,VirtualProduct_502-2842_D1,300-0317,1,300-0317,1,Y
BOM_VirtualProduct_502-2842_E1_310-0357,VirtualProduct_502-2842_E1,310-0357,1,310-0357,1,Y
BOM_VirtualProduct_502-2848_A1_260-0141-02,VirtualProduct_502-2848_A1,260-0141-02,1,260-0141-02,1,Y
BOM_VirtualProduct_502-2881_A1_260-0199,VirtualProduct_502-2881_A1,260-0199,1,260-0199,1,Y
BOM_VirtualProduct_502-2881_A1_260-0441,VirtualProduct_502-2881_A1,260-0441,1,260-0441,1,Y
BOM_VirtualProduct_502-2894_A1_504-1976,VirtualProduct_502-2894_A1,504-1976,1,504-1976,1,Y
BOM_VirtualProduct_502-2895_A1_504-1584,VirtualProduct_502-2895_A1,504-1584,1,504-1584,1,Y
BOM_VirtualProduct_502-2895_A1_504-1585,VirtualProduct_502-2895_A1,504-1585,1,504-1585,1,Y
BOM_VirtualProduct_502-2895_C1_310-0241,VirtualProduct_502-2895_C1,310-0241,1,310-0241,1,Y
BOM_VirtualProduct_502-2935_A1_262-0172-CD,VirtualProduct_502-2935_A1,262-0172-CD,1,262-0172-CD,1,Y
BOM_VirtualProduct_502-2937_A1_262-0172-CD,VirtualProduct_502-2937_A1,262-0172-CD,1,262-0172-CD,1,Y
BOM_VirtualProduct_502-2938_C1_300-0316,VirtualProduct_502-2938_C1,300-0316,1,300-0316,1,Y
BOM_VirtualProduct_502-2938_D1_300-0317,VirtualProduct_502-2938_D1,300-0317,1,300-0317,1,Y
BOM_VirtualProduct_502-2938_E1_310-0357,VirtualProduct_502-2938_E1,310-0357,1,310-0357,1,Y
BOM_VirtualProduct_502-3023_A1_260-0250,VirtualProduct_502-3023_A1,260-0250,1,260-0250,1,Y
BOM_VirtualProduct_502-3023_A1_260-0306,VirtualProduct_502-3023_A1,260-0306,1,260-0306,1,Y
BOM_VirtualProduct_502-3023_A1_260-0325,VirtualProduct_502-3023_A1,260-0325,1,260-0325,1,Y
BOM_VirtualProduct_502-3184_A1_504-1973,VirtualProduct_502-3184_A1,504-1973,1,504-1973,1,Y
BOM_VirtualProduct_502-3189_A1_260-0261,VirtualProduct_502-3189_A1,260-0261,1,260-0261,1,Y
BOM_VirtualProduct_502-3207_A1_260-0250,VirtualProduct_502-3207_A1,260-0250,1,260-0250,1,Y
BOM_VirtualProduct_502-3207_A1_260-0306,VirtualProduct_502-3207_A1,260-0306,1,260-0306,1,Y
BOM_VirtualProduct_502-3207_A1_260-0325,VirtualProduct_502-3207_A1,260-0325,1,260-0325,1,Y
BOM_VirtualProduct_502-3423_A1_260-0141-02,VirtualProduct_502-3423_A1,260-0141-02,1,260-0141-02,1,Y
BOM_VirtualProduct_502-3423_A2_300-0151,VirtualProduct_502-3423_A2,300-0151,1,300-0151,1,Y
BOM_VirtualProduct_502-3423_A3_310-0591,VirtualProduct_502-3423_A3,310-0591,1,310-0591,1,Y
BOM_VirtualProduct_502-3424_A1_260-0141-02,VirtualProduct_502-3424_A1,260-0141-02,1,260-0141-02,1,Y
BOM_VirtualProduct_502-3424_A2_300-0151,VirtualProduct_502-3424_A2,300-0151,1,300-0151,1,Y
BOM_VirtualProduct_502-3424_A3_310-0591,VirtualProduct_502-3424_A3,310-0591,1,310-0591,1,Y
BOM_VirtualProduct_502-3450_C1_300-0316,VirtualProduct_502-3450_C1,300-0316,1,300-0316,1,Y
BOM_VirtualProduct_502-3450_D1_300-0317,VirtualProduct_502-3450_D1,300-0317,1,300-0317,1,Y
BOM_VirtualProduct_502-3450_E1_310-0357,VirtualProduct_502-3450_E1,310-0357,1,310-0357,1,Y
BOM_VirtualProduct_502-3502_A1_504-1989,VirtualProduct_502-3502_A1,504-1989,1,504-1989,1,Y
BOM_VirtualProduct_502-3520_A1_504-1989,VirtualProduct_502-3520_A1,504-1989,1,504-1989,1,Y
BOM_VirtualProduct_504-1319_A1_110-0298_SUB_PCBA,VirtualProduct_504-1319_A1,110-0298,1,110-0298,1,Y
BOM_VirtualProduct_504-1319_A1_110-0368_SUB_PCBA,VirtualProduct_504-1319_A1,110-0368,1,110-0368,1,Y
BOM_VirtualProduct_504-1319_A2_110-0002_SUB_PCBA,VirtualProduct_504-1319_A2,110-0002,1,110-0002,1,Y
BOM_VirtualProduct_504-1319_A2_110-0369_SUB_PCBA,VirtualProduct_504-1319_A2,110-0369,1,110-0369,1,Y
BOM_VirtualProduct_504-1319_A3_110-0252_SUB_PCBA,VirtualProduct_504-1319_A3,110-0252,1,110-0252,1,Y
BOM_VirtualProduct_504-1319_A3_110-0370_SUB_PCBA,VirtualProduct_504-1319_A3,110-0370,1,110-0370,1,Y
BOM_VirtualProduct_504-1319_A4_110-0011_SUB_PCBA,VirtualProduct_504-1319_A4,110-0011,1,110-0011,1,Y
BOM_VirtualProduct_504-1319_A4_110-0371_SUB_PCBA,VirtualProduct_504-1319_A4,110-0371,1,110-0371,1,Y
BOM_VirtualProduct_504-1319_A5_110-0243_SUB_PCBA,VirtualProduct_504-1319_A5,110-0243,1,110-0243,1,Y
BOM_VirtualProduct_504-1319_A5_110-0372_SUB_PCBA,VirtualProduct_504-1319_A5,110-0372,1,110-0372,1,Y
BOM_VirtualProduct_504-1319_A6_110-0267_SUB_PCBA,VirtualProduct_504-1319_A6,110-0267,1,110-0267,1,Y
BOM_VirtualProduct_504-1319_A6_110-0373_SUB_PCBA,VirtualProduct_504-1319_A6,110-0373,1,110-0373,1,Y
BOM_VirtualProduct_504-1319_A7_110-0207_SUB_PCBA,VirtualProduct_504-1319_A7,110-0207,1,110-0207,1,Y
BOM_VirtualProduct_504-1319_A7_110-0374_SUB_PCBA,VirtualProduct_504-1319_A7,110-0374,1,110-0374,1,Y
BOM_VirtualProduct_504-1319_B1_110-0272_SUB_PCBA,VirtualProduct_504-1319_B1,110-0272,1,110-0272,1,Y
BOM_VirtualProduct_504-1319_B1_110-0375_SUB_PCBA,VirtualProduct_504-1319_B1,110-0375,1,110-0375,1,Y
BOM_VirtualProduct_504-1319_B2_110-0273_SUB_PCBA,VirtualProduct_504-1319_B2,110-0273,1,110-0273,1,Y
BOM_VirtualProduct_504-1319_B2_110-0376_SUB_PCBA,VirtualProduct_504-1319_B2,110-0376,1,110-0376,1,Y
BOM_VirtualProduct_504-1319_B3_110-0241_SUB_PCBA,VirtualProduct_504-1319_B3,110-0241,1,110-0241,1,Y
BOM_VirtualProduct_504-1319_B3_110-0377_SUB_PCBA,VirtualProduct_504-1319_B3,110-0377,1,110-0377,1,Y
BOM_VirtualProduct_504-1319_B4_110-0177_SUB_PCBA,VirtualProduct_504-1319_B4,110-0177,1,110-0177,1,Y
BOM_VirtualProduct_504-1319_B4_110-0378_SUB_PCBA,VirtualProduct_504-1319_B4,110-0378,1,110-0378,1,Y
BOM_VirtualProduct_504-1319_B5_110-0213_SUB_PCBA,VirtualProduct_504-1319_B5,110-0213,1,110-0213,1,Y
BOM_VirtualProduct_504-1319_B5_110-0379_SUB_PCBA,VirtualProduct_504-1319_B5,110-0379,1,110-0379,1,Y
BOM_VirtualProduct_504-1319_B6_110-0237_SUB_PCBA,VirtualProduct_504-1319_B6,110-0237,1,110-0237,1,Y
BOM_VirtualProduct_504-1319_B6_110-0380_SUB_PCBA,VirtualProduct_504-1319_B6,110-0380,1,110-0380,1,Y
BOM_VirtualProduct_504-1319_B7_110-0308_SUB_PCBA,VirtualProduct_504-1319_B7,110-0308,1,110-0308,1,Y
BOM_VirtualProduct_504-1319_B7_110-0381_SUB_PCBA,VirtualProduct_504-1319_B7,110-0381,1,110-0381,1,Y
BOM_VirtualProduct_504-1385-00_A1_120-0051_SUB_PCBA,VirtualProduct_504-1385-00_A1,120-0051,1,120-0051,1,Y
BOM_VirtualProduct_504-1385-00_A1_120-0248_SUB_PCBA,VirtualProduct_504-1385-00_A1,120-0248,1,120-0248,1,Y
BOM_VirtualProduct_504-1399_A1_120-0051_SUB_PCBA,VirtualProduct_504-1399_A1,120-0051,1,120-0051,1,Y
BOM_VirtualProduct_504-1399_A1_120-0248_SUB_PCBA,VirtualProduct_504-1399_A1,120-0248,1,120-0248,1,Y
BOM_VirtualProduct_504-1399_A2_120-0129_SUB_PCBA,VirtualProduct_504-1399_A2,120-0129,1,120-0129,1,Y
BOM_VirtualProduct_504-1399_A2_120-0249_SUB_PCBA,VirtualProduct_504-1399_A2,120-0249,1,120-0249,1,Y
BOM_VirtualProduct_504-1399_A3_140-0392_SUB_PCBA,VirtualProduct_504-1399_A3,140-0392,1,140-0392,1,Y
BOM_VirtualProduct_504-1399_A3_140-0628_SUB_PCBA,VirtualProduct_504-1399_A3,140-0628,1,140-0628,1,Y
BOM_VirtualProduct_504-1399_A3_140-0834_SUB_PCBA,VirtualProduct_504-1399_A3,140-0834,1,140-0834,1,Y
BOM_VirtualProduct_504-1399_A4_140-0253_SUB_PCBA,VirtualProduct_504-1399_A4,140-0253,1,140-0253,1,Y
BOM_VirtualProduct_504-1399_A4_140-0645_SUB_PCBA,VirtualProduct_504-1399_A4,140-0645,1,140-0645,1,Y
BOM_VirtualProduct_504-1399_A5_130-0077_SUB_PCBA,VirtualProduct_504-1399_A5,130-0077,1,130-0077,1,Y
BOM_VirtualProduct_504-1399_A5_140-0384_SUB_PCBA,VirtualProduct_504-1399_A5,140-0384,1,140-0384,1,Y
BOM_VirtualProduct_504-1532_A1_120-0051_SUB_PCBA,VirtualProduct_504-1532_A1,120-0051,1,120-0051,1,Y
BOM_VirtualProduct_504-1532_A1_120-0248_SUB_PCBA,VirtualProduct_504-1532_A1,120-0248,1,120-0248,1,Y
BOM_VirtualProduct_504-1532_A2_120-0129_SUB_PCBA,VirtualProduct_504-1532_A2,120-0129,1,120-0129,1,Y
BOM_VirtualProduct_504-1532_A2_120-0249_SUB_PCBA,VirtualProduct_504-1532_A2,120-0249,1,120-0249,1,Y
BOM_VirtualProduct_504-1532_A3_140-0392_SUB_PCBA,VirtualProduct_504-1532_A3,140-0392,1,140-0392,1,Y
BOM_VirtualProduct_504-1532_A3_140-0834_SUB_PCBA,VirtualProduct_504-1532_A3,140-0834,1,140-0834,1,Y
BOM_VirtualProduct_504-1532_A4_140-0253_SUB_PCBA,VirtualProduct_504-1532_A4,140-0253,1,140-0253,1,Y
BOM_VirtualProduct_504-1532_A4_140-0645_SUB_PCBA,VirtualProduct_504-1532_A4,140-0645,1,140-0645,1,Y
BOM_VirtualProduct_504-1532_B1_120-0099_SUB_PCBA,VirtualProduct_504-1532_B1,120-0099,1,120-0099,1,Y
BOM_VirtualProduct_504-1532_B1_120-0202_SUB_PCBA,VirtualProduct_504-1532_B1,120-0202,1,120-0202,1,Y
BOM_VirtualProduct_504-1532_B2_120-0100_SUB_PCBA,VirtualProduct_504-1532_B2,120-0100,1,120-0100,1,Y
BOM_VirtualProduct_504-1532_B2_120-0121_SUB_PCBA,VirtualProduct_504-1532_B2,120-0121,1,120-0121,1,Y
BOM_VirtualProduct_504-1532_C1_140-0386_SUB_PCBA,VirtualProduct_504-1532_C1,140-0386,1,140-0386,1,Y
BOM_VirtualProduct_504-1532_C1_140-1028_SUB_PCBA,VirtualProduct_504-1532_C1,140-1028,1,140-1028,1,Y
BOM_VirtualProduct_504-1532-R_A1_120-0051_SUB_PCBA,VirtualProduct_504-1532-R_A1,120-0051,1,120-0051,1,Y
BOM_VirtualProduct_504-1532-R_A1_120-0248_SUB_PCBA,VirtualProduct_504-1532-R_A1,120-0248,1,120-0248,1,Y
BOM_VirtualProduct_504-1532-R_A2_120-0129_SUB_PCBA,VirtualProduct_504-1532-R_A2,120-0129,1,120-0129,1,Y
BOM_VirtualProduct_504-1532-R_A2_120-0249_SUB_PCBA,VirtualProduct_504-1532-R_A2,120-0249,1,120-0249,1,Y
BOM_VirtualProduct_504-1532-R_A3_140-0392_SUB_PCBA,VirtualProduct_504-1532-R_A3,140-0392,1,140-0392,1,Y
BOM_VirtualProduct_504-1532-R_A3_140-0834_SUB_PCBA,VirtualProduct_504-1532-R_A3,140-0834,1,140-0834,1,Y
BOM_VirtualProduct_504-1532-R_A4_140-0253_SUB_PCBA,VirtualProduct_504-1532-R_A4,140-0253,1,140-0253,1,Y
BOM_VirtualProduct_504-1532-R_A4_140-0645_SUB_PCBA,VirtualProduct_504-1532-R_A4,140-0645,1,140-0645,1,Y
BOM_VirtualProduct_504-1532-R_A5_140-0341_SUB_PCBA,VirtualProduct_504-1532-R_A5,140-0341,1,140-0341,1,Y
BOM_VirtualProduct_504-1532-R_A5_542-0007_SUB_PCBA,VirtualProduct_504-1532-R_A5,542-0007,1,542-0007,1,Y
BOM_VirtualProduct_504-1548_A1_120-0051_SUB_PCBA,VirtualProduct_504-1548_A1,120-0051,1,120-0051,1,Y
BOM_VirtualProduct_504-1548_A1_120-0248_SUB_PCBA,VirtualProduct_504-1548_A1,120-0248,1,120-0248,1,Y
BOM_VirtualProduct_504-1548_A2_120-0129_SUB_PCBA,VirtualProduct_504-1548_A2,120-0129,1,120-0129,1,Y
BOM_VirtualProduct_504-1548_A2_120-0249_SUB_PCBA,VirtualProduct_504-1548_A2,120-0249,1,120-0249,1,Y
BOM_VirtualProduct_504-1550_A1_120-0138_SUB_PCBA,VirtualProduct_504-1550_A1,120-0138,1,120-0138,1,Y
BOM_VirtualProduct_504-1550_B1_140-0638_SUB_PCBA,VirtualProduct_504-1550_B1,140-0638,1,140-0638,1,Y
BOM_VirtualProduct_504-1550_B1_140-0852_SUB_PCBA,VirtualProduct_504-1550_B1,140-0852,1,140-0852,1,Y
BOM_VirtualProduct_504-1584_A1_504-1550,VirtualProduct_504-1584_A1,504-1550,1,504-1550,1,Y
BOM_VirtualProduct_504-1584_A1_504-1616,VirtualProduct_504-1584_A1,504-1616,1,504-1616,1,Y
BOM_VirtualProduct_504-1584_A1_504-1818,VirtualProduct_504-1584_A1,504-1818,1,504-1818,1,Y
BOM_VirtualProduct_504-1585_A1_504-1550,VirtualProduct_504-1585_A1,504-1550,1,504-1550,1,Y
BOM_VirtualProduct_504-1585_A1_504-1616,VirtualProduct_504-1585_A1,504-1616,1,504-1616,1,Y
BOM_VirtualProduct_504-1585_A1_504-1818,VirtualProduct_504-1585_A1,504-1818,1,504-1818,1,Y
BOM_VirtualProduct_504-1616_A1_120-0138_SUB_PCBA,VirtualProduct_504-1616_A1,120-0138,1,120-0138,1,Y
BOM_VirtualProduct_504-1616_B1_120-0215_SUB_PCBA,VirtualProduct_504-1616_B1,120-0215,1,120-0215,1,Y
BOM_VirtualProduct_504-1616_B1_120-0224_SUB_PCBA,VirtualProduct_504-1616_B1,120-0224,1,120-0224,1,Y
BOM_VirtualProduct_504-1616_C1_140-0638_SUB_PCBA,VirtualProduct_504-1616_C1,140-0638,1,140-0638,1,Y
BOM_VirtualProduct_504-1616_C1_140-0852_SUB_PCBA,VirtualProduct_504-1616_C1,140-0852,1,140-0852,1,Y
BOM_VirtualProduct_504-1693_A1_140-0392_SUB_PCBA,VirtualProduct_504-1693_A1,140-0392,1,140-0392,1,Y
BOM_VirtualProduct_504-1693_A1_140-0628_SUB_PCBA,VirtualProduct_504-1693_A1,140-0628,1,140-0628,1,Y
BOM_VirtualProduct_504-1693_A1_140-0834_SUB_PCBA,VirtualProduct_504-1693_A1,140-0834,1,140-0834,1,Y
BOM_VirtualProduct_504-1693_A2_140-0253_SUB_PCBA,VirtualProduct_504-1693_A2,140-0253,1,140-0253,1,Y
BOM_VirtualProduct_504-1693_A2_140-0645_SUB_PCBA,VirtualProduct_504-1693_A2,140-0645,1,140-0645,1,Y
BOM_VirtualProduct_504-1693_A3_130-0077_SUB_PCBA,VirtualProduct_504-1693_A3,130-0077,1,130-0077,1,Y
BOM_VirtualProduct_504-1693_A3_140-0384_SUB_PCBA,VirtualProduct_504-1693_A3,140-0384,1,140-0384,1,Y
BOM_VirtualProduct_504-1693_B1_120-0099_SUB_PCBA,VirtualProduct_504-1693_B1,120-0099,1,120-0099,1,Y
BOM_VirtualProduct_504-1693_B1_120-0202_SUB_PCBA,VirtualProduct_504-1693_B1,120-0202,1,120-0202,1,Y
BOM_VirtualProduct_504-1693_B2_120-0100_SUB_PCBA,VirtualProduct_504-1693_B2,120-0100,1,120-0100,1,Y
BOM_VirtualProduct_504-1693_B2_120-0121_SUB_PCBA,VirtualProduct_504-1693_B2,120-0121,1,120-0121,1,Y
BOM_VirtualProduct_504-1693_C1_140-0386_SUB_PCBA,VirtualProduct_504-1693_C1,140-0386,1,140-0386,1,Y
BOM_VirtualProduct_504-1693_C1_140-1028_SUB_PCBA,VirtualProduct_504-1693_C1,140-1028,1,140-1028,1,Y
BOM_VirtualProduct_504-1712_A1_120-0138,VirtualProduct_504-1712_A1,120-0138,1,120-0138,1,Y
BOM_VirtualProduct_504-1712_A1_120-0138_SUB_PCBA,VirtualProduct_504-1712_A1,120-0138,1,120-0138,1,Y
BOM_VirtualProduct_504-1712_B1_140-0638,VirtualProduct_504-1712_B1,140-0638,1,140-0638,1,Y
BOM_VirtualProduct_504-1712_B1_140-0638_SUB_PCBA,VirtualProduct_504-1712_B1,140-0638,1,140-0638,1,Y
BOM_VirtualProduct_504-1712_B1_140-0852,VirtualProduct_504-1712_B1,140-0852,1,140-0852,1,Y
BOM_VirtualProduct_504-1712_B1_140-0852_SUB_PCBA,VirtualProduct_504-1712_B1,140-0852,1,140-0852,1,Y
BOM_VirtualProduct_504-1718_A_130-0077,VirtualProduct_504-1718_A,130-0077,1,130-0077,1,Y
BOM_VirtualProduct_504-1718_A_130-0077_SUB_PCBA,VirtualProduct_504-1718_A,130-0077,1,130-0077,1,Y
BOM_VirtualProduct_504-1718_A_140-0384,VirtualProduct_504-1718_A,140-0384,1,140-0384,1,Y
BOM_VirtualProduct_504-1718_A_140-0384_SUB_PCBA,VirtualProduct_504-1718_A,140-0384,1,140-0384,1,Y
BOM_VirtualProduct_504-1718_A1_130-0077,VirtualProduct_504-1718_A1,130-0077,1,130-0077,1,Y
BOM_VirtualProduct_504-1718_A1_130-0077_SUB_PCBA,VirtualProduct_504-1718_A1,130-0077,1,130-0077,1,Y
BOM_VirtualProduct_504-1718_A1_140-0384,VirtualProduct_504-1718_A1,140-0384,1,140-0384,1,Y
BOM_VirtualProduct_504-1718_A1_140-0384_SUB_PCBA,VirtualProduct_504-1718_A1,140-0384,1,140-0384,1,Y
BOM_VirtualProduct_504-1718_B_120-0121,VirtualProduct_504-1718_B,120-0121,1,120-0121,1,Y
BOM_VirtualProduct_504-1718_B_120-0121_SUB_PCBA,VirtualProduct_504-1718_B,120-0121,1,120-0121,1,Y
BOM_VirtualProduct_504-1718_B_120-0254,VirtualProduct_504-1718_B,120-0254,1,120-0254,1,Y
BOM_VirtualProduct_504-1718_B_120-0254_SUB_PCBA,VirtualProduct_504-1718_B,120-0254,1,120-0254,1,Y
BOM_VirtualProduct_504-1718_B1_120-0121,VirtualProduct_504-1718_B1,120-0121,1,120-0121,1,Y
BOM_VirtualProduct_504-1718_B1_120-0121_SUB_PCBA,VirtualProduct_504-1718_B1,120-0121,1,120-0121,1,Y
BOM_VirtualProduct_504-1718_B1_120-0254,VirtualProduct_504-1718_B1,120-0254,1,120-0254,1,Y
BOM_VirtualProduct_504-1718_B1_120-0254_SUB_PCBA,VirtualProduct_504-1718_B1,120-0254,1,120-0254,1,Y
BOM_VirtualProduct_504-1718_C_120-0202,VirtualProduct_504-1718_C,120-0202,1,120-0202,1,Y
BOM_VirtualProduct_504-1718_C_120-0202_SUB_PCBA,VirtualProduct_504-1718_C,120-0202,1,120-0202,1,Y
BOM_VirtualProduct_504-1718_C_120-0253,VirtualProduct_504-1718_C,120-0253,1,120-0253,1,Y
BOM_VirtualProduct_504-1718_C_120-0253_SUB_PCBA,VirtualProduct_504-1718_C,120-0253,1,120-0253,1,Y
BOM_VirtualProduct_504-1718_C1_120-0202,VirtualProduct_504-1718_C1,120-0202,1,120-0202,1,Y
BOM_VirtualProduct_504-1718_C1_120-0202_SUB_PCBA,VirtualProduct_504-1718_C1,120-0202,1,120-0202,1,Y
BOM_VirtualProduct_504-1718_C1_120-0253,VirtualProduct_504-1718_C1,120-0253,1,120-0253,1,Y
BOM_VirtualProduct_504-1718_C1_120-0253_SUB_PCBA,VirtualProduct_504-1718_C1,120-0253,1,120-0253,1,Y
BOM_VirtualProduct_504-1718_D_140-0253,VirtualProduct_504-1718_D,140-0253,1,140-0253,1,Y
BOM_VirtualProduct_504-1718_D_140-0253_SUB_PCBA,VirtualProduct_504-1718_D,140-0253,1,140-0253,1,Y
BOM_VirtualProduct_504-1718_D_140-0645,VirtualProduct_504-1718_D,140-0645,1,140-0645,1,Y
BOM_VirtualProduct_504-1718_D_140-0645_SUB_PCBA,VirtualProduct_504-1718_D,140-0645,1,140-0645,1,Y
BOM_VirtualProduct_504-1718_D1_140-0253,VirtualProduct_504-1718_D1,140-0253,1,140-0253,1,Y
BOM_VirtualProduct_504-1718_D1_140-0253_SUB_PCBA,VirtualProduct_504-1718_D1,140-0253,1,140-0253,1,Y
BOM_VirtualProduct_504-1718_D1_140-0645,VirtualProduct_504-1718_D1,140-0645,1,140-0645,1,Y
BOM_VirtualProduct_504-1718_D1_140-0645_SUB_PCBA,VirtualProduct_504-1718_D1,140-0645,1,140-0645,1,Y
BOM_VirtualProduct_504-1718_E1_120-0138,VirtualProduct_504-1718_E1,120-0138,1,120-0138,1,Y
BOM_VirtualProduct_504-1718_E1_120-0138_SUB_PCBA,VirtualProduct_504-1718_E1,120-0138,1,120-0138,1,Y
BOM_VirtualProduct_504-1718_E1_121-0060-CD,VirtualProduct_504-1718_E1,121-0060-CD,1,121-0060-CD,1,Y
BOM_VirtualProduct_504-1718_E1_121-0060-CD_SUB_PCBA,VirtualProduct_504-1718_E1,121-0060-CD,1,121-0060-CD,1,Y
BOM_VirtualProduct_504-1718_F1_140-0240,VirtualProduct_504-1718_F1,140-0240,1,140-0240,1,Y
BOM_VirtualProduct_504-1718_F1_140-0240_SUB_PCBA,VirtualProduct_504-1718_F1,140-0240,1,140-0240,1,Y
BOM_VirtualProduct_504-1718_F1_140-1016,VirtualProduct_504-1718_F1,140-1016,1,140-1016,1,Y
BOM_VirtualProduct_504-1718_F1_140-1016_SUB_PCBA,VirtualProduct_504-1718_F1,140-1016,1,140-1016,1,Y
BOM_VirtualProduct_504-1728_A1_140-0392_SUB_PCBA,VirtualProduct_504-1728_A1,140-0392,1,140-0392,1,Y
BOM_VirtualProduct_504-1728_A1_140-0834_SUB_PCBA,VirtualProduct_504-1728_A1,140-0834,1,140-0834,1,Y
BOM_VirtualProduct_504-1728_B1_140-0253_SUB_PCBA,VirtualProduct_504-1728_B1,140-0253,1,140-0253,1,Y
BOM_VirtualProduct_504-1728_B1_140-0645_SUB_PCBA,VirtualProduct_504-1728_B1,140-0645,1,140-0645,1,Y
BOM_VirtualProduct_504-1728_C1_120-0099_SUB_PCBA,VirtualProduct_504-1728_C1,120-0099,1,120-0099,1,Y
BOM_VirtualProduct_504-1728_C1_120-0202_SUB_PCBA,VirtualProduct_504-1728_C1,120-0202,1,120-0202,1,Y
BOM_VirtualProduct_504-1728_C1_120-0253_SUB_PCBA,VirtualProduct_504-1728_C1,120-0253,1,120-0253,1,Y
BOM_VirtualProduct_504-1728_D1_130-0077_SUB_PCBA,VirtualProduct_504-1728_D1,130-0077,1,130-0077,1,Y
BOM_VirtualProduct_504-1728_D1_140-0384_SUB_PCBA,VirtualProduct_504-1728_D1,140-0384,1,140-0384,1,Y
BOM_VirtualProduct_504-1753_A1_140-0253_SUB_PCBA,VirtualProduct_504-1753_A1,140-0253,1,140-0253,1,Y
BOM_VirtualProduct_504-1753_A1_140-0645_SUB_PCBA,VirtualProduct_504-1753_A1,140-0645,1,140-0645,1,Y
BOM_VirtualProduct_504-1753_A2_130-0077_SUB_PCBA,VirtualProduct_504-1753_A2,130-0077,1,130-0077,1,Y
BOM_VirtualProduct_504-1753_A2_140-0384_SUB_PCBA,VirtualProduct_504-1753_A2,140-0384,1,140-0384,1,Y
BOM_VirtualProduct_504-1753_A3_140-0392_SUB_PCBA,VirtualProduct_504-1753_A3,140-0392,1,140-0392,1,Y
BOM_VirtualProduct_504-1753_A3_140-0628_SUB_PCBA,VirtualProduct_504-1753_A3,140-0628,1,140-0628,1,Y
BOM_VirtualProduct_504-1753_A3_140-0834_SUB_PCBA,VirtualProduct_504-1753_A3,140-0834,1,140-0834,1,Y
BOM_VirtualProduct_504-1818_A1_120-0138_SUB_PCBA,VirtualProduct_504-1818_A1,120-0138,1,120-0138,1,Y
BOM_VirtualProduct_504-1818_B1_140-0638_SUB_PCBA,VirtualProduct_504-1818_B1,140-0638,1,140-0638,1,Y
BOM_VirtualProduct_504-1818_B1_140-0852_SUB_PCBA,VirtualProduct_504-1818_B1,140-0852,1,140-0852,1,Y
BOM_VirtualProduct_504-1828_A1_130-0077,VirtualProduct_504-1828_A1,130-0077,1,130-0077,1,Y
BOM_VirtualProduct_504-1828_A1_130-0077_SUB_PCBA,VirtualProduct_504-1828_A1,130-0077,1,130-0077,1,Y
BOM_VirtualProduct_504-1828_A1_140-0384,VirtualProduct_504-1828_A1,140-0384,1,140-0384,1,Y
BOM_VirtualProduct_504-1828_A1_140-0384_SUB_PCBA,VirtualProduct_504-1828_A1,140-0384,1,140-0384,1,Y
BOM_VirtualProduct_504-1829_A1_130-0077,VirtualProduct_504-1829_A1,130-0077,1,130-0077,1,Y
BOM_VirtualProduct_504-1829_A1_130-0077_SUB_PCBA,VirtualProduct_504-1829_A1,130-0077,1,130-0077,1,Y
BOM_VirtualProduct_504-1829_A1_140-0384,VirtualProduct_504-1829_A1,140-0384,1,140-0384,1,Y
BOM_VirtualProduct_504-1829_A1_140-0384_SUB_PCBA,VirtualProduct_504-1829_A1,140-0384,1,140-0384,1,Y
BOM_VirtualProduct_504-1877_A1_140-0392_SUB_PCBA,VirtualProduct_504-1877_A1,140-0392,1,140-0392,1,Y
BOM_VirtualProduct_504-1877_A1_140-0834_SUB_PCBA,VirtualProduct_504-1877_A1,140-0834,1,140-0834,1,Y
BOM_VirtualProduct_504-1877_B1_140-0253_SUB_PCBA,VirtualProduct_504-1877_B1,140-0253,1,140-0253,1,Y
BOM_VirtualProduct_504-1877_B1_140-0645_SUB_PCBA,VirtualProduct_504-1877_B1,140-0645,1,140-0645,1,Y
BOM_VirtualProduct_504-1877_C1_120-0099_SUB_PCBA,VirtualProduct_504-1877_C1,120-0099,1,120-0099,1,Y
BOM_VirtualProduct_504-1877_C1_120-0202_SUB_PCBA,VirtualProduct_504-1877_C1,120-0202,1,120-0202,1,Y
BOM_VirtualProduct_504-1877_C1_120-0253_SUB_PCBA,VirtualProduct_504-1877_C1,120-0253,1,120-0253,1,Y
BOM_VirtualProduct_504-1877_D1_130-0077_SUB_PCBA,VirtualProduct_504-1877_D1,130-0077,1,130-0077,1,Y
BOM_VirtualProduct_504-1877_D1_140-0384_SUB_PCBA,VirtualProduct_504-1877_D1,140-0384,1,140-0384,1,Y
BOM_VirtualProduct_504-1878_A1_130-0077,VirtualProduct_504-1878_A1,130-0077,1,130-0077,1,Y
BOM_VirtualProduct_504-1878_A1_130-0077_SUB_PCBA,VirtualProduct_504-1878_A1,130-0077,1,130-0077,1,Y
BOM_VirtualProduct_504-1878_A1_140-0384,VirtualProduct_504-1878_A1,140-0384,1,140-0384,1,Y
BOM_VirtualProduct_504-1878_A1_140-0384_SUB_PCBA,VirtualProduct_504-1878_A1,140-0384,1,140-0384,1,Y
BOM_VirtualProduct_504-1878_B1_120-0121,VirtualProduct_504-1878_B1,120-0121,1,120-0121,1,Y
BOM_VirtualProduct_504-1878_B1_120-0121_SUB_PCBA,VirtualProduct_504-1878_B1,120-0121,1,120-0121,1,Y
BOM_VirtualProduct_504-1878_B1_120-0260,VirtualProduct_504-1878_B1,120-0260,1,120-0260,1,Y
BOM_VirtualProduct_504-1878_B1_120-0260_SUB_PCBA,VirtualProduct_504-1878_B1,120-0260,1,120-0260,1,Y
BOM_VirtualProduct_504-1878_C1_120-0247,VirtualProduct_504-1878_C1,120-0247,1,120-0247,1,Y
BOM_VirtualProduct_504-1878_C1_120-0247_SUB_PCBA,VirtualProduct_504-1878_C1,120-0247,1,120-0247,1,Y
BOM_VirtualProduct_504-1878_C1_120-0310,VirtualProduct_504-1878_C1,120-0310,1,120-0310,1,Y
BOM_VirtualProduct_504-1878_C1_120-0310_SUB_PCBA,VirtualProduct_504-1878_C1,120-0310,1,120-0310,1,Y
BOM_VirtualProduct_504-1878_D1_140-0253,VirtualProduct_504-1878_D1,140-0253,1,140-0253,1,Y
BOM_VirtualProduct_504-1878_D1_140-0253_SUB_PCBA,VirtualProduct_504-1878_D1,140-0253,1,140-0253,1,Y
BOM_VirtualProduct_504-1878_D1_140-0645,VirtualProduct_504-1878_D1,140-0645,1,140-0645,1,Y
BOM_VirtualProduct_504-1878_D1_140-0645_SUB_PCBA,VirtualProduct_504-1878_D1,140-0645,1,140-0645,1,Y
BOM_VirtualProduct_504-1878_E1_120-0138,VirtualProduct_504-1878_E1,120-0138,1,120-0138,1,Y
BOM_VirtualProduct_504-1878_E1_120-0138_SUB_PCBA,VirtualProduct_504-1878_E1,120-0138,1,120-0138,1,Y
BOM_VirtualProduct_504-1878_E1_121-0060-CD,VirtualProduct_504-1878_E1,121-0060-CD,1,121-0060-CD,1,Y
BOM_VirtualProduct_504-1878_E1_121-0060-CD_SUB_PCBA,VirtualProduct_504-1878_E1,121-0060-CD,1,121-0060-CD,1,Y
BOM_VirtualProduct_504-1878_F1_140-0240,VirtualProduct_504-1878_F1,140-0240,1,140-0240,1,Y
BOM_VirtualProduct_504-1878_F1_140-0240_SUB_PCBA,VirtualProduct_504-1878_F1,140-0240,1,140-0240,1,Y
BOM_VirtualProduct_504-1878_F1_140-1016,VirtualProduct_504-1878_F1,140-1016,1,140-1016,1,Y
BOM_VirtualProduct_504-1878_F1_140-1016_SUB_PCBA,VirtualProduct_504-1878_F1,140-1016,1,140-1016,1,Y
BOM_VirtualProduct_504-1936_A1_504-1718,VirtualProduct_504-1936_A1,504-1718,1,504-1718,1,Y
BOM_VirtualProduct_504-1936_A1_504-1878,VirtualProduct_504-1936_A1,504-1878,1,504-1878,1,Y
BOM_VirtualProduct_504-1973_A1_504-1718,VirtualProduct_504-1973_A1,504-1718,1,504-1718,1,Y
BOM_VirtualProduct_504-1973_A1_504-1878,VirtualProduct_504-1973_A1,504-1878,1,504-1878,1,Y
BOM_VirtualProduct_504-1974_A1_280-1390,VirtualProduct_504-1974_A1,280-1390,1,280-1390,1,Y
BOM_VirtualProduct_504-1974_A1_280-1428,VirtualProduct_504-1974_A1,280-1428,1,280-1428,1,Y
BOM_VirtualProduct_504-1974_A1_280-1475,VirtualProduct_504-1974_A1,280-1475,1,280-1475,1,Y
BOM_VirtualProduct_504-1974_B1_504-1718,VirtualProduct_504-1974_B1,504-1718,1,504-1718,1,Y
BOM_VirtualProduct_504-1974_B1_504-1878,VirtualProduct_504-1974_B1,504-1878,1,504-1878,1,Y
BOM_VirtualProduct_504-1976_A1_504-1718,VirtualProduct_504-1976_A1,504-1718,1,504-1718,1,Y
BOM_VirtualProduct_504-1976_A1_504-1878,VirtualProduct_504-1976_A1,504-1878,1,504-1878,1,Y
BOM_VirtualProduct_504-1989_A1_504-1718,VirtualProduct_504-1989_A1,504-1718,1,504-1718,1,Y
BOM_VirtualProduct_504-1989_A1_504-1878,VirtualProduct_504-1989_A1,504-1878,1,504-1878,1,Y
BOM_VirtualProduct_504-2020-CD_A1_140-0392_SUB_PCBA,VirtualProduct_504-2020-CD_A1,140-0392,1,140-0392,1,Y
BOM_VirtualProduct_504-2020-CD_A1_140-0834_SUB_PCBA,VirtualProduct_504-2020-CD_A1,140-0834,1,140-0834,1,Y
BOM_VirtualProduct_504-2020-CD_B1_140-0253_SUB_PCBA,VirtualProduct_504-2020-CD_B1,140-0253,1,140-0253,1,Y
BOM_VirtualProduct_504-2020-CD_B1_140-0645_SUB_PCBA,VirtualProduct_504-2020-CD_B1,140-0645,1,140-0645,1,Y
BOM_VirtualProduct_504-2020-CD_C1_120-0099_SUB_PCBA,VirtualProduct_504-2020-CD_C1,120-0099,1,120-0099,1,Y
BOM_VirtualProduct_504-2020-CD_C1_120-0202_SUB_PCBA,VirtualProduct_504-2020-CD_C1,120-0202,1,120-0202,1,Y
BOM_VirtualProduct_504-2020-CD_C1_120-0253_SUB_PCBA,VirtualProduct_504-2020-CD_C1,120-0253,1,120-0253,1,Y
BOM_VirtualProduct_504-2020-CD_D1_130-0077_SUB_PCBA,VirtualProduct_504-2020-CD_D1,130-0077,1,130-0077,1,Y
BOM_VirtualProduct_504-2020-CD_D1_140-0384_SUB_PCBA,VirtualProduct_504-2020-CD_D1,140-0384,1,140-0384,1,Y
BOM_VirtualProduct_504-2042_A1_130-0077_SUB_PCBA,VirtualProduct_504-2042_A1,130-0077,1,130-0077,1,Y
BOM_VirtualProduct_504-2042_A1_140-0384_SUB_PCBA,VirtualProduct_504-2042_A1,140-0384,1,140-0384,1,Y
BOM_VirtualProduct_504-2042_B1_120-0121_SUB_PCBA,VirtualProduct_504-2042_B1,120-0121,1,120-0121,1,Y
BOM_VirtualProduct_504-2042_B1_120-0260_SUB_PCBA,VirtualProduct_504-2042_B1,120-0260,1,120-0260,1,Y
BOM_VirtualProduct_504-2042_C1_120-0247_SUB_PCBA,VirtualProduct_504-2042_C1,120-0247,1,120-0247,1,Y
BOM_VirtualProduct_504-2042_C1_120-0310_SUB_PCBA,VirtualProduct_504-2042_C1,120-0310,1,120-0310,1,Y
BOM_VirtualProduct_504-2042_D1_140-0253_SUB_PCBA,VirtualProduct_504-2042_D1,140-0253,1,140-0253,1,Y
BOM_VirtualProduct_504-2042_D1_140-0645_SUB_PCBA,VirtualProduct_504-2042_D1,140-0645,1,140-0645,1,Y
BOM_VirtualProduct_504-2053_A1_130-0077_SUB_PCBA,VirtualProduct_504-2053_A1,130-0077,1,130-0077,1,Y
BOM_VirtualProduct_504-2053_A1_140-0384_SUB_PCBA,VirtualProduct_504-2053_A1,140-0384,1,140-0384,1,Y
BOM_VirtualProduct_504-2053_B1_120-0121_SUB_PCBA,VirtualProduct_504-2053_B1,120-0121,1,120-0121,1,Y
BOM_VirtualProduct_504-2053_B1_120-0260_SUB_PCBA,VirtualProduct_504-2053_B1,120-0260,1,120-0260,1,Y
BOM_VirtualProduct_504-2053_C1_120-0247_SUB_PCBA,VirtualProduct_504-2053_C1,120-0247,1,120-0247,1,Y
BOM_VirtualProduct_504-2053_C1_120-0310_SUB_PCBA,VirtualProduct_504-2053_C1,120-0310,1,120-0310,1,Y
BOM_VirtualProduct_504-2053_D1_140-0253_SUB_PCBA,VirtualProduct_504-2053_D1,140-0253,1,140-0253,1,Y
BOM_VirtualProduct_504-2053_D1_140-0645_SUB_PCBA,VirtualProduct_504-2053_D1,140-0645,1,140-0645,1,Y
BOM_VirtualProduct_504-2063_A1_130-0077_SUB_PCBA,VirtualProduct_504-2063_A1,130-0077,1,130-0077,1,Y
BOM_VirtualProduct_504-2063_A1_140-0384_SUB_PCBA,VirtualProduct_504-2063_A1,140-0384,1,140-0384,1,Y
BOM_VirtualProduct_504-2063_B1_120-0121_SUB_PCBA,VirtualProduct_504-2063_B1,120-0121,1,120-0121,1,Y
BOM_VirtualProduct_504-2063_B1_120-0260_SUB_PCBA,VirtualProduct_504-2063_B1,120-0260,1,120-0260,1,Y
BOM_VirtualProduct_504-2063_C1_120-0247_SUB_PCBA,VirtualProduct_504-2063_C1,120-0247,1,120-0247,1,Y
BOM_VirtualProduct_504-2063_C1_120-0310_SUB_PCBA,VirtualProduct_504-2063_C1,120-0310,1,120-0310,1,Y
BOM_VirtualProduct_504-2063_D1_140-0253_SUB_PCBA,VirtualProduct_504-2063_D1,140-0253,1,140-0253,1,Y
BOM_VirtualProduct_504-2063_D1_140-0645_SUB_PCBA,VirtualProduct_504-2063_D1,140-0645,1,140-0645,1,Y
BOM_VirtualProduct_504-2120-CD_A1_140-0392_SUB_PCBA,VirtualProduct_504-2120-CD_A1,140-0392,1,140-0392,1,Y
BOM_VirtualProduct_504-2120-CD_A1_140-0834_SUB_PCBA,VirtualProduct_504-2120-CD_A1,140-0834,1,140-0834,1,Y
BOM_VirtualProduct_504-2120-CD_B1_140-0253_SUB_PCBA,VirtualProduct_504-2120-CD_B1,140-0253,1,140-0253,1,Y
BOM_VirtualProduct_504-2120-CD_B1_140-0645_SUB_PCBA,VirtualProduct_504-2120-CD_B1,140-0645,1,140-0645,1,Y
BOM_VirtualProduct_504-2120-CD_C1_120-0099_SUB_PCBA,VirtualProduct_504-2120-CD_C1,120-0099,1,120-0099,1,Y
BOM_VirtualProduct_504-2120-CD_C1_120-0202_SUB_PCBA,VirtualProduct_504-2120-CD_C1,120-0202,1,120-0202,1,Y
BOM_VirtualProduct_504-2120-CD_C1_120-0253_SUB_PCBA,VirtualProduct_504-2120-CD_C1,120-0253,1,120-0253,1,Y
BOM_VirtualProduct_504-2120-CD_D1_130-0077_SUB_PCBA,VirtualProduct_504-2120-CD_D1,130-0077,1,130-0077,1,Y
BOM_VirtualProduct_504-2120-CD_D1_140-0384_SUB_PCBA,VirtualProduct_504-2120-CD_D1,140-0384,1,140-0384,1,Y
BOM_VirtualProduct_504-2129-CD_A1_120-0121_SUB_PCBA,VirtualProduct_504-2129-CD_A1,120-0121,1,120-0121,1,Y
BOM_VirtualProduct_504-2129-CD_A1_120-0254_SUB_PCBA,VirtualProduct_504-2129-CD_A1,120-0254,1,120-0254,1,Y
BOM_VirtualProduct_504-2129-CD_B1_120-0202_SUB_PCBA,VirtualProduct_504-2129-CD_B1,120-0202,1,120-0202,1,Y
BOM_VirtualProduct_504-2129-CD_B1_120-0253_SUB_PCBA,VirtualProduct_504-2129-CD_B1,120-0253,1,120-0253,1,Y
BOM_VirtualProduct_504-2129-CD_C1_140-0253_SUB_PCBA,VirtualProduct_504-2129-CD_C1,140-0253,1,140-0253,1,Y
BOM_VirtualProduct_504-2129-CD_C1_140-0645_SUB_PCBA,VirtualProduct_504-2129-CD_C1,140-0645,1,140-0645,1,Y
BOM_VirtualProduct_504-2129-CD_D1_130-0077_SUB_PCBA,VirtualProduct_504-2129-CD_D1,130-0077,1,130-0077,1,Y
BOM_VirtualProduct_504-2129-CD_D1_140-0384_SUB_PCBA,VirtualProduct_504-2129-CD_D1,140-0384,1,140-0384,1,Y
